file	line	env	label	title	section	snippet
main.tex	184	proposition	prop:final-package-shape-convention	Final package-shape convention	Problem and contribution	\label{prop:final-package-shape-convention} For the current presentation package there is a single source-level package shape. The primary article is \path{submission_abstract.tex}; the selected technical supplement is \path{main.tex}; the selected bounded theorem-obligation ledger consists of \path{theorem_inventory.json} and \path{theorem_inventory.md}; and the selected supplemental support surface is the finite tuple \path{theorem_inventory.json}, \path{theorem_inventory.md}, and exact inclus
main.tex	233	theorem	thm:nested-package-states	Nested six-row and seven-row package states	Problem and contribution	\label{thm:nested-package-states} Let $P^{+}_{6}$ denote the current row-frozen certificate state whose accepted rows are exactly $a_1,\ldots,a_6$ in Table~\ref{tab:current-acceptance-ledger}. Let $P^{+}_{7}$ denote the enlarged submitted support state obtained by adjoining the single theorem-ledger row $a_7$ whose submitted coordinate is \path{theorem_inventory.json}. Then $P^{+}_{6}\subset P^{+}_{7}$ as finite record surfaces, and the inclusion is conservative for the first six certificates: e
main.tex	298	definition	def:architecture-axis-map	Architecture-axis map	Architecture	\label{def:architecture-axis-map} The compiler architecture uses five disjoint evidence axes. An accepted claim may read evidence from an axis only at the admissible evidence level shown in the displayed axis map; the negative boundary in the last column is part of the claim certificate and cannot be discharged by prose from another axis. \begin{center} \small \begin{tabularx}{\textwidth}{p{.16\textwidth}p{.27\textwidth}p{.27\textwidth}X} \toprule Axis & Role in this paper & Admissible evidence 
main.tex	337	proposition	prop:architecture-axis-non-escalation	Axis non-escalation	Architecture	\label{prop:architecture-axis-non-escalation} In any record-gate-sound package using Definition~\ref{def:architecture-axis-map}, passage or evidence on one architecture axis cannot certify a load-bearing claim whose claim kind requires another axis. More precisely, if a claim certificate uses an axis $A$ but its stronger reading needs an evidence item or negative-boundary discharge listed only on a different axis $A'$, then the stronger reading is not accepted unless the package contains a separ
main.tex	513	lemma	lem:source-interface-extraction-correctness	Manual bounded source-interface extraction correctness	Architecture	\label{lem:source-interface-extraction-correctness} For the pinned newmath repository path \path{papers/bedc/parts/visions/audit_map_methodology/automated_theory_discovery_pipeline_calculus.tex} at commit \path{3fb3d6a0641767388a401883062aa522ea0b397b}, Table~\ref{tab:source-interface-record} is the complete imported interface used by this paper at the manual path-verified level and only at that level. Its extraction certificate is: manual line-range audit against the pinned file, mirrored in \p
main.tex	552	proposition	prop:manual-source-interface-non-escalation	Manual source-interface non-escalation	Architecture	\label{prop:manual-source-interface-non-escalation} Let $I$ be the imported discovery-gate interface certified by Lemma~\ref{lem:source-interface-extraction-correctness}. Any later use of an imported source label in this paper is a consequence of $I$ only if it is a function of the finite fields recorded in Table~\ref{tab:source-interface-record}: the source path, pinned commit, label, line range, extraction date, bounded summary, and evidence-level qualifier. A proposed stronger use---for examp
main.tex	595	proposition	prop:reviewable-source-snapshot-interface	Reviewable source-snapshot interface	Architecture	\label{prop:reviewable-source-snapshot-interface} The imported discovery-gate spine used in the finite-record interface theorem, Theorem~\ref{thm:publication-safety-interface}, has a reviewer-facing source interface. Namely, the tuple consisting of the pinned local source path, commit \path{3fb3d6a0641767388a401883062aa522ea0b397b}, Table~\ref{tab:source-interface-record}, \path{source_interface_record.json}, and the supplemental copy \path{review_bundle/source_snapshots/automated_theory_discove
main.tex	625	proposition	prop:source-interface-record-file-consistency	Executable source-interface record comparison	Architecture	\label{prop:source-interface-record-file-consistency} The source-interface table, its JSON mirror, and the bundled source snapshot give one record-level imported discovery-gate interface for the finite-record interface theorem, Theorem~\ref{thm:publication-safety-interface}. The record fields are as follows: the source commit is \path{3fb3d6a0641767388a401883062aa522ea0b397b}; the bundled snapshot is \path{review_bundle/source_snapshots/automated_theory_discovery_pipeline_calculus_3fb3d6a0641767
main.tex	692	theorem	thm:bounded-source-interface-maximality	Bounded source-interface maximality	Architecture	\label{thm:bounded-source-interface-maximality} Let $I_{\rm man}$ be the manual imported-source interface of Lemma~\ref{lem:source-interface-extraction-correctness}, and let $I_{\rm exe}$ be the executable finite comparison of Proposition~\ref{prop:source-interface-record-file-consistency}. In the finite-record safety interface of Theorem~\ref{thm:publication-safety-interface}, the strongest imported discovery-gate premise available from $I_{\rm man}$ together with $I_{\rm exe}$ is exactly the f
main.tex	757	corollary	cor:downstream-imported-label-bounded-factorization	Downstream imported-label use factors through bounded rows	Architecture	\label{cor:downstream-imported-label-bounded-factorization} Every load-bearing occurrence in this manuscript of an imported discovery-gate label from Table~\ref{tab:source-interface-record} factors through the bounded source-interface certificate of Theorem~\ref{thm:bounded-source-interface-maximality}. Hence a downstream proof may use only the row's recorded path, pinned commit, label token, line range, extraction date, bounded summary, evidence-level qualifier, equality with \path{source_inter
main.tex	791	theorem	thm:public-source-reachability-non-escalation	Public-source reachability non-escalation	Architecture	\label{thm:public-source-reachability-non-escalation} In the current source package, the citation \cite{bedc-newmath-source} and the commit string \path{3fb3d6a0641767388a401883062aa522ea0b397b} serve only as the public-source coordinate for the imported newmath workspace. The load-bearing source-interface premise used by Theorem~\ref{thm:publication-safety-interface} remains the bundled finite record certified by Theorem~\ref{thm:bounded-source-interface-maximality}: path, commit string, sixtee
main.tex	845	corollary	cor:public-source-coordinate-exactness	Public-source coordinate exactness	Architecture	\label{cor:public-source-coordinate-exactness} For the present source package, any load-bearing statement containing the public source citation \cite{bedc-newmath-source} and the pinned commit \path{3fb3d6a0641767388a401883062aa522ea0b397b} factors through exactly the bounded coordinates of Theorem~\ref{thm:public-source-reachability-non-escalation}. Thus the citation contributes only the public locator, pinned commit string, and the already-recorded bundled source-interface rows. It contributes
main.tex	883	theorem	thm:source-interface-semantic-completeness-obstruction	Source-interface semantic-completeness obstruction	Architecture	\label{thm:source-interface-semantic-completeness-obstruction} Under the source-interface surface certified by Lemma~\ref{lem:source-interface-extraction-correctness} and Theorem~\ref{thm:bounded-source-interface-maximality}, every accepted imported discovery-gate premise factors through the five finite fields listed in Theorem~\ref{thm:bounded-source-interface-maximality}. In particular, no theorem in the main publication-safety chain may infer semantic completeness of the imported source theor
main.tex	941	proposition	prop:source-interface-evidence-level-separation	Source-interface evidence-level separation	Architecture	\label{prop:source-interface-evidence-level-separation} Let $r$ be any accepted manuscript claim whose discovery component cites one of the imported labels in Table~\ref{tab:source-interface-record}. If $r$ uses only Lemma~\ref{lem:source-interface-extraction-correctness}, then the imported-label premise of $r$ is accepted only at the manual path-verified bounded-paraphrase level. If $r$ additionally cites Proposition~\ref{prop:source-interface-record-file-consistency}, then the same premise is 
main.tex	1032	definition	def:operational-acceptance-interface	Operational acceptance interface	Abstract finite-record interface	\label{def:operational-acceptance-interface} A \emph{claim} is a manuscript assertion that can affect a mathematical, artifact, route, or submission decision. A \emph{load-bearing claim} is a claim whose removal would change a theorem statement, a case-study conclusion, or the submission-readiness status. An \emph{advisory output} is any AI-agent draft, score, suggested theorem, review packet, or repair proposal before a gate records it. A \emph{deterministic gate} is a repeatable predicate, scr
main.tex	1213	definition	def:record-gate-soundness-external-interface	Record-gate soundness external interface	Abstract finite-record interface	\label{def:record-gate-soundness-external-interface} The external record-gate interface for a package is the finite predicate \[ \mathsf{RGS}_{S}(P,L,\Gamma) \] with the following inputs and outputs. Its inputs are exactly a package $P$, a submitted support surface $S$, a finite acceptance ledger $L$, and the deterministic claim-kind dispatch table $\Gamma$ of Definition~\ref{def:operational-acceptance-interface}. Its positive output is the finite family of certificates \[ \{\mathcal C(c)=(K,\el
main.tex	1245	proposition	prop:record-gate-soundness-external-interface-exactness	Record-gate interface equivalence and non-claim boundary	Abstract finite-record interface	\label{prop:record-gate-soundness-external-interface-exactness} For the operational acceptance interface of Definition~\ref{def:operational-acceptance-interface}, the standalone interface in Definition~\ref{def:record-gate-soundness-external-interface} is equivalent to the predicate $\mathsf{RGS}_{S}(P,L,\Gamma)$ used in the publication-safety theorem. Moreover, under this interface every consequence used by Theorem~\ref{thm:publication-safety-interface} is determined by the finite coordinates $
main.tex	1289	definition	def:stronger-reading-preorder	Stronger-reading preorder	Abstract finite-record interface	\label{def:stronger-reading-preorder} Fix the dispatch table $\Gamma$ and certificate tuple $\mathcal C(c)=(K,\ell,E,H,R,D,B)$ of Definition~\ref{def:operational-acceptance-interface}. A proposed reading $c^{+}$ of the same prose claim is \emph{record-stronger} than $c$, written $c\preceq_{\Gamma} c^{+}$, if at least one of the following finite coordinates is strictly enlarged while the others are unchanged or enlarged: the claim-kind set $K$; the evidence level, from $\mathsf{path}$ to $\mathsf
main.tex	1313	definition	def:certificate-schema-acceptance-table	Certificate-schema acceptance table	Abstract finite-record interface	\label{def:certificate-schema-acceptance-table} Fix the seven-kind dispatch table $\Gamma$ of Definition~\ref{def:operational-acceptance-interface}. The verifier input for a load-bearing claim $c$ is the following finite record type: \[ \mathcal C(c)= \{K,\ell,E,H,R,D,B\}. \] Its typed fields are these and only these: $K$ is a finite set of claim kinds; $\ell\in\{\mathsf{path},\mathsf{command}\}$ is the declared evidence level; $E$ is a finite evidence-surface list; $H$ is the route-boundary fie
main.tex	1353	proposition	prop:finite-certificate-schema-verifier	Finite certificate schema verifier as a record check	Abstract finite-record interface	\label{prop:finite-certificate-schema-verifier} For every load-bearing manuscript claim $c$ whose component kinds lie in the seven-kind domain, $V(c,\mathcal C)$ is a finite, prose-insensitive record-schema verifier for the declared publication certificate. The submitted package instantiates $V$ by the script \path{review_bundle/verify_certificate_records.py}. On the positive package input it reads the schema file, pass-record ledger, submission-interface map, primary-claim inventory, and review
main.tex	1419	theorem	thm:verifier-input-output-contract	Verifier input--predicate--output contract	Abstract finite-record interface	\label{thm:verifier-input-output-contract} The verifier interface used by the publication-safety theorem is exactly the following finite mathematical-software contract. Its input is a pair $(c,\mathcal C(c))$, where $c$ is a load-bearing manuscript claim and \(\mathcal C(c)=(K,\ell,E,H,R,D,B)\) is the certificate record of Definition~\ref{def:certificate-schema-acceptance-table}, together with the fixed dispatch table $\Gamma$ and the submitted support surface $S$. Its checked predicates and out
main.tex	1486	theorem	thm:auditable-compiler-boundary-completeness	Auditable compiler-boundary completeness	Abstract finite-record interface	\label{thm:auditable-compiler-boundary-completeness} For the architecture of Definition~\ref{def:architecture-axis-map} and the finite verifier of Theorem~\ref{thm:verifier-input-output-contract}, the software contribution certified by Theorem~\ref{thm:publication-safety-interface} is exactly the following compiler-boundary property. Every accepted load-bearing claim in the publication package is the image of a finite input tuple \[ (K,\ell,E,H,R,D,B;S,L,\Gamma) \] whose evidence fields are on t
main.tex	1544	theorem	thm:finite-verifier-normal-form	Executable-record verifier normal form	Abstract finite-record interface	\label{thm:finite-verifier-normal-form} Fix the dispatch table $\Gamma$, the submitted support surface $S$, and the finite certificate schema of Definition~\ref{def:certificate-schema-acceptance-table}. There is a deterministic verifier \[ \mathsf{Check}_{\Gamma,S}(c,K,\ell,E,H,R,D,B) \] with the following presentation-layer input/output normal form. \begin{center} \small \begin{tabularx}{\linewidth}{p{0.18\linewidth}p{0.36\linewidth}X} \toprule Step & Input fields read & Returned value \\ \midr
main.tex	1620	theorem	thm:record-acceptance-exactness	Schema-relative executable-record acceptance exactness	Abstract finite-record interface	\label{thm:record-acceptance-exactness} Fix the seven-kind dispatch table $\Gamma$, the two evidence levels, and the typed certificate tuple $\mathcal C(c)=(K,\ell,E,H,R,D,B)$ of Definition~\ref{def:certificate-schema-acceptance-table}. For every load-bearing claim $c$ and every finite candidate certificate $\mathcal C(c)$, the finite verifier $V$ of Definition~\ref{def:operational-acceptance-interface} and Theorem~\ref{thm:verifier-input-output-contract} accepts $\mathcal C(c)$ if and only if t
main.tex	1680	corollary	cor:executable-schema-exactness-negative-fixture	Executable schema exactness and negative fixture	Abstract finite-record interface	\label{cor:executable-schema-exactness-negative-fixture} Under the hypotheses and fixed schema of Theorem~\ref{thm:record-acceptance-exactness}, the executable verifier instance \path{review_bundle/verify_certificate_records.py} is a finite witness of the same schema-relative relation, not an additional semantic oracle. On the positive submitted package it can witness exactly the records satisfying \(\mathsf{Acc}_{\Gamma}\) at their declared evidence levels. On the negative fixture \path{review_
main.tex	1719	theorem	thm:finite-coordinate-determination-boundary	Finite-coordinate determination and trust-boundary classifier	Abstract finite-record interface	\label{thm:finite-coordinate-determination-boundary} Fix the dispatch table $\Gamma$ and the verifier $V$. Let $F_{\Gamma}$ be the finite schema projection read by $V$ from a certificate record, namely the claim-kind set, declared evidence level, evidence surface, promotion field, gate-pass rows, discovery-source rows, command-boundary tuple, and the assigned gate set determined by $\Gamma$. If two ambient pipeline or artifact states induce the same values of all coordinates in $F_{\Gamma}$ for 
main.tex	1781	theorem	thm:record-interface-rigidity	Record-interface rigidity and refresh fixed point	Abstract finite-record interface	\label{thm:record-interface-rigidity} Fix a package $P$, submitted support surface $S$, finite ledger $L$, dispatch table $\Gamma$, and certificate tuple $\mathcal C(c)=(K,\ell,E,H,R,D,B)$ for each accepted load-bearing claim $c\in L$. Let $\pi_{\Gamma,S}(P,L)$ be the finite projection consisting of the tuple fields $(K,\ell,E,H,R,D,B)$, the gate-pass rows in $R$, the submitted support-surface membership relation for $S$, and the fixed dispatch table $\Gamma$. Then the following are equivalent. 
main.tex	1881	theorem	thm:record-gate-implementation-overclaim-obstruction	Record-gate implementation overclaim obstruction	Abstract finite-record interface	\label{thm:record-gate-implementation-overclaim-obstruction} The hypotheses of Theorem~\ref{thm:publication-safety-interface} and the fixed point of Theorem~\ref{thm:record-interface-rigidity} determine finite certificate construction under the external record-gate interface \(\mathsf{RGS}_{S}(P,L,\Gamma)\), but they do not determine correctness of any gate implementation that produced, stored, or displayed the pass rows. More precisely, for any accepted claim row $c$, the following are equivale
main.tex	1937	corollary	cor:finite-record-acceptance-not-implementation-soundness	Finite-record acceptance is not implementation soundness	Abstract finite-record interface	\label{cor:finite-record-acceptance-not-implementation-soundness} The acceptance and fixed-point conclusions of Theorem~\ref{thm:record-interface-rigidity} and Theorem~\ref{thm:record-gate-implementation-overclaim-obstruction} are finite record conclusions only. They do not imply Lean rebuild success, BEDC source-tree rebuild success, publication-daemon soundness, overlap-checker soundness, artifact evaluator soundness, venue upload, or venue acceptance. Any one of these stronger readings is acc
main.tex	1976	proposition	prop:machine-readable-certificate-records	Machine-readable certificate records	Abstract finite-record interface	\label{prop:machine-readable-certificate-records} For the current presentation package, the finite record checker $V$ of Proposition~\ref{prop:finite-certificate-schema-verifier}, with the record-acceptance semantics of Theorem~\ref{thm:record-acceptance-exactness}, has an executable record-level instance over the review bundle, conditional on exact supplemental inclusion of \path{review_bundle/} in the completed submission with matching final digests, as stated in Proposition~\ref{audit:review-
main.tex	2078	theorem	thm:executable-record-non-escalation	Executable record non-escalation	Abstract finite-record interface	\label{thm:executable-record-non-escalation} Let $F$ be the finite field projection read by \path{review_bundle/verify_certificate_records.py}: manifest-field presence, entries $a_1$--$a_6$, claim-kind membership, evidence-level membership, assigned-gate coverage, pass-record fields, evidence-level agreement, discovery-field discipline, path-verified boundary status, row locks for \path{sim1}--\path{sim4}, and row-class locks for \path{pc1}--\path{pc12}. Assuming the exact-or-archive-equivalent 
main.tex	2136	theorem	thm:executable-certificate-construction-invariant	Executable certificate-construction invariant	Abstract finite-record interface	\label{thm:executable-certificate-construction-invariant} For the submitted review bundle, let $G$ be the union of the finite fields read by the two executable verifiers \path{review_bundle/verify_source_interface_record.py} and \path{review_bundle/verify_certificate_records.py}. Thus $G$ contains the ten source-interface table triples, the JSON source-interface records, the pinned source snapshot path, digest, line count, declared source commit and line ranges, the six current-package pass-reco
main.tex	2204	proposition	prop:claim-kind-dispatch	Deterministic claim-kind dispatch	Abstract finite-record interface	\label{prop:claim-kind-dispatch} For every load-bearing manuscript claim whose kind lies in the seven-kind domain above, $\Gamma$ assigns a unique finite set of deterministic gates. In a pipeline that is record-gate-sound for acceptance, a mixed load-bearing claim may be used as accepted work only if its acceptance entry records passage through every gate in the union assigned to its component kinds. \end{proposition}
main.tex	2225	theorem	thm:mixed-claim-projection-obstruction	Mixed-claim projection obstruction	Abstract finite-record interface	\label{thm:mixed-claim-projection-obstruction} Let $c$ be a load-bearing mixed claim with nonempty component-kind set $K\subseteq\mathsf{Dom}(\Gamma)$ and submitted candidate certificate $\mathcal C(c)=(K,\ell,E,H,R,D,B)$. For a nonempty subset $J\subseteq K$, write \[ G_J=\bigcup_{k\in J}\Gamma(k) \] and let $c_J$ denote the projected reading of $c$ that keeps exactly the claim-kind components in $J$ and keeps the same declared evidence level, evidence surface, promotion boundary, and command b
main.tex	2288	theorem	thm:concrete-finite-script-implementation-soundness	Concrete finite-script projection-contract boundary	Abstract finite-record interface	\label{thm:concrete-finite-script-implementation-soundness} Let $S$ be the submitted support surface containing \path{review_bundle/certificate_schema.json}, \path{review_bundle/current_package_pass_records.json}, \path{review_bundle/submission_interface_map.json}, \path{review_bundle/primary_claim_inventory.json}, \path{source_interface_record.json}, \path{review_bundle/REVIEW_BUNDLE_MANIFEST.json}, the bundled pinned source snapshot, and \path{theorem_inventory.json}. Let $\mathcal V$ be the f
main.tex	2386	corollary	cor:finite-script-rgs-instantiation-boundary	Finite-script projection instantiation boundary	Abstract finite-record interface	\label{cor:finite-script-rgs-instantiation-boundary} Assume the hypotheses of Theorem~\ref{thm:concrete-finite-script-implementation-soundness} and suppose the submitted command-run records for the four named scripts have exit code $0$. Then the only command-run coordinate instantiated for those scripts is the schema-level finite projection coordinate for the predicates printed by those scripts. Consequently Theorem~\ref{thm:publication-safety-interface} may use those command-run rows to support
main.tex	2396	theorem	thm:assigned-gate-soundness-audit-boundary	Assigned-gate soundness audit boundary	Abstract finite-record interface	\label{thm:assigned-gate-soundness-audit-boundary} Let $P$ be a finite submitted package with pass-record ledger $L$, dispatch table $\Gamma$, and submitted support surface $S$. For a load-bearing claim $c$, write $G(c)=\bigcup_{k\in K(c)}\Gamma(k)$ for the finite set of gates assigned to its claim-kind set. The package may use a ledger row for $c$ as a sound record-gate witness only through the finite predicate $\mathsf{RGS}_{S}(P,L,\Gamma)$ of Definition~\ref{def:operational-acceptance-interfa
main.tex	2465	theorem	thm:six-coordinate-gate-implementation-soundness-skeleton	Six-coordinate gate-implementation soundness skeleton	Abstract finite-record interface	\label{thm:six-coordinate-gate-implementation-soundness-skeleton} Let $g$ be a concrete gate whose row is used by the publication-safety theorem chain for a load-bearing claim $c$. A submitted support surface $S$ upgrades the row-level record-gate reading for $g$ to gate-implementation soundness only if $S$ contains a finite implementation-soundness tuple \[ \mathcal I(g)=(Q_g,U_g,M_g,X_g,N_g,\Pi_g) \] with the following six coordinates: \begin{enumerate} \item $Q_g$, the submitted gate source i
main.tex	2542	theorem	thm:finite-certificate-obstruction-skeleton	Finite certificate obstruction skeleton	Abstract finite-record interface	\label{thm:finite-certificate-obstruction-skeleton} Let $c$ be a load-bearing manuscript claim whose component kinds lie in the seven-kind domain. The verifier of Proposition~\ref{prop:finite-certificate-schema-verifier} gives the following complete audit classification at the declared evidence level. A certificate for $c$ passes the publication-safety interface if and only if it has no bad subrecord of the following five types: \begin{enumerate} \item missing evidence surface for the declared e
main.tex	2643	theorem	thm:finite-extension-budget-normal-form	Finite extension-budget normal form	Abstract finite-record interface	\label{thm:finite-extension-budget-normal-form} Fix the dispatch table $\Gamma$, the finite certificate schema, and an accepted finite certificate \(\mathcal C(c)=(K,\ell,E,H,R,D,B)\) for a load-bearing package claim $c$. Let $c^{+}$ be a proposed stronger reading of the same row which is not record-equivalent to $c$ in the sense of Theorem~\ref{thm:finite-coordinate-determination-boundary}. Then $c^{+}$ is accepted by the publication-safety interface if and only if the submitted finite record s
main.tex	2730	theorem	thm:finite-record-certificate-calculus-spine	Finite-record certificate calculus spine	Abstract finite-record interface	\label{thm:finite-record-certificate-calculus-spine} Fix a submitted surface $S$, acceptance ledger $L$, dispatch table $\Gamma$, and schema verifier $V$ as in Theorem~\ref{thm:publication-safety-interface}. For the presentation-only route, every load-bearing support assertion used by the publication-safety theorem chain is classified by the following three-step finite calculus. \begin{enumerate} \item \emph{Projection}: the assertion is first projected to the seven-coordinate certificate tuple 
main.tex	2807	proposition	prop:publication-safety-dependency-normal-form	Dependency normal form for the publication-safety chain	Abstract finite-record interface	\label{prop:publication-safety-dependency-normal-form} Let $c$ be a load-bearing claim whose certificate \(\mathsf{Cert}_{\Gamma}(c)=\mathcal C(c)=(K,\ell,E,H,R,D,B)\) is constructed by the finite schema verifier from the submitted surface $S$, ledger $L$, and dispatch table $\Gamma$. Then every use of the publication-safety interface in the main theorem chain factors through the following ordered dependency graph: \begin{enumerate} \item \emph{construction and schema-relative exactness}: the tu
main.tex	2874	proposition	prop:gate-interface-separation	Gate-interface separation	Abstract finite-record interface	\label{prop:gate-interface-separation} The promotion, overlap, submission-state, and theorem-content delta gates are separate deterministic interfaces. None can be replaced by passage of another one when a load-bearing claim has the corresponding component. \end{proposition}
main.tex	2898	corollary	cor:human-promotion-daemon-active-track-separation	Human promotion is not daemon-visible active-track equivalence	Abstract finite-record interface	\label{cor:human-promotion-daemon-active-track-separation} In the operational interface of Definition~\ref{def:operational-acceptance-interface}, a human-promotion record and daemon-visible active-paper markers are not interchangeable certificate fields. More precisely, let $c$ be any route-boundary claim whose accepted certificate is $\mathcal C(c)=(K,\ell,E,H,R,D,B)$. The certificate may be read as saying that a candidate is admitted to the publication-facing package only when the promotion fi
main.tex	2946	proposition	prop:scheduler-selection-advisory	Scheduler selection is advisory before discovery gating	Abstract finite-record interface	\label{prop:scheduler-selection-advisory} Let $s$ be a scheduler or critical-path score attached to a candidate claim $c$. If $s$ recommends selecting $c$, then the recommendation is a work-selection claim and by itself can only pass the scheduler gate. If $c$ is also asserted to be a discovery or classifier-shifting contribution in a record-gate-sound pipeline, then the accepted mixed claim must pass both the scheduler gate and the discovery gate. Consequently, critical-path scores may prioriti
main.tex	3023	proposition	prop:publication-safety-minimal-bad-record-witness	Minimal bad-record witness for command-run escalation	Abstract finite-record interface	\label{prop:publication-safety-minimal-bad-record-witness} In the operational interface of Definition~\ref{def:operational-acceptance-interface}, let $r$ be a submitted claim record whose claim-kind set is \{route\}, whose evidence level is declared to be command-run, and whose boundary field contains no command-run tuple $(\text{command},\text{source state},\text{environment},\text{exit code}, \text{log path})$. Suppose all other route coordinates of $r$ are filled: there is an evidence pointer
main.tex	3067	theorem	thm:publication-safety-interface	Bounded software-audit interface under record-gate soundness	Abstract finite-record interface	\label{thm:publication-safety-interface} Consider a theory-to-paper pipeline with the operational interface above and a finite submitted record surface consisting only of the manuscript source, printed tables, submitted manifests, uploaded review-bundle records, recorded logs, and explicitly declared historical boundaries. Assume the following four distinct finite-record hypotheses. \begin{enumerate} \item \emph{Acceptance entries}: every load-bearing claim in an active manuscript is either reje
main.tex	3174	theorem	thm:gate-implementation-soundness-upgrade-obstruction	Gate implementation-soundness upgrade obstruction	Abstract finite-record interface	\label{thm:gate-implementation-soundness-upgrade-obstruction} Let $c$ be a claim accepted by Theorem~\ref{thm:publication-safety-interface} through the record-gate-soundness hypothesis, and let $c^{\mathrm{impl}}$ be a proper strengthening asserting implementation soundness of one or more concrete gate programs used to construct or check the acceptance record for $c$. Then $c^{\mathrm{impl}}$ is accepted by the same finite-record interface if and only if, for every asserted gate program, the sub
main.tex	3341	theorem	thm:finite-record-certificate-rigidity	Finite-record certificate rigidity	Abstract finite-record interface	\label{thm:finite-record-certificate-rigidity} Fix the finite submitted record surface $S$, acceptance ledger $L$, dispatch table $\Gamma$, and schema verifier $V$ used in Theorem~\ref{thm:publication-safety-interface}. Assume the same record-gate soundness and source-interface hypotheses as that theorem. For every accepted load-bearing claim $c$ with certificate \(\mathcal C(c)=(K,\ell,E,H,R,D,B)\), the following are equivalent for a properly stronger reading $c^{+}$ in the preorder of Definiti
main.tex	3423	theorem	thm:boundary-axis-non-escalation-exactness	Boundary-axis exact non-escalation	Abstract finite-record interface	\label{thm:boundary-axis-non-escalation-exactness} Assume the hypotheses of Theorem~\ref{thm:publication-safety-interface}, and let \(c\) be any load-bearing claim accepted by the finite certificate constructed there. The following five stronger readings of \(c\), when they are not already record-equivalent to \(c\), are accepted by the same publication-safety interface if and only if the submitted finite support surface contains the indicated positive extension coordinates and the added coordin
main.tex	3559	theorem	thm:mixed-interface-overclaim-skeleton	Mixed-interface overclaim skeleton	Abstract finite-record interface	\label{thm:mixed-interface-overclaim-skeleton} Assume the hypotheses of Theorem~\ref{thm:publication-safety-interface}. Let $c$ be an accepted load-bearing claim whose proof uses one or more of the following interface families: record-gate passage, bounded source-interface import, current-package ledger rows, manifest-bounded finite-witness rows, or theorem-obligation inventory rows. Let $c^{+}$ be a proposed reading obtained from $c$ by adding any finite nonempty set $J$ of stronger demands fro
main.tex	3665	theorem	thm:presentation-scoped-boundary-normal-form	Package-local boundary normal form for the presentation package	Abstract finite-record interface	\label{thm:presentation-scoped-boundary-normal-form} Assume the submitted package is evaluated only through the finite-record interface of Theorem~\ref{thm:publication-safety-interface}. Then every accepted load-bearing claim using one of the five interface components below has the stated maximal bounded reading, and every strictly stronger reading has the indicated unpaid obstruction unless the submitted surface is enlarged by a fresh finite coordinate and its assigned pass record. \begin{enume
main.tex	3784	theorem	thm:five-axis-upgrade-obstruction	Package-local five-axis upgrade obstruction	Abstract finite-record interface	\label{thm:five-axis-upgrade-obstruction} Assume the hypotheses of Theorem~\ref{thm:publication-safety-interface}. Let $c$ be an accepted load-bearing claim in this presentation package, evaluated with this paper's finite schema, submitted support surface, dispatch table $\Gamma$, and boundary axis map, whose proof uses at least one of the following bounded interfaces: \[ \text{record-gate},\quad \text{source-interface},\quad \text{finite-witness},\quad \text{primary-inventory},\quad \text{theor
main.tex	3894	theorem	thm:current-boundary-skeleton-non-gluing	Current package-local boundary skeleton and non-gluing lower bound	Abstract finite-record interface	\label{thm:current-boundary-skeleton-non-gluing} Assume the support-surface hypotheses used by the current-package instantiation, including the six-row state $P^{+}_{6}$ of Theorem~\ref{thm:current-package-certificate-exactness}, the finite-script projection records of Theorem~\ref{thm:concrete-finite-script-implementation-soundness}, the bounded source-interface certificate of Theorem~\ref{thm:bounded-source-interface-maximality}, the manifest-bounded artifact coordinate $\mathcal M_{a_6}$ of T
main.tex	4033	proposition	prop:certificate-constructor-bad-subrecord-extractor	Certificate constructor and bad-subrecord extractor	Abstract finite-record interface	\label{prop:certificate-constructor-bad-subrecord-extractor} Assume the four finite-record hypotheses of Theorem~\ref{thm:publication-safety-interface}. For every ledger row \(c\) there is a deterministic partial constructor \[ \mathsf{Cert}_{\Gamma}(c)=(K,\ell,E,H,R,D,B) \] and a deterministic extractor \(\mathsf{Bad}_{\Gamma}(c)\) with the following properties. \begin{enumerate} \item \(\mathsf{Cert}_{\Gamma}(c)\) is defined and accepted if and only if the six-clause predicate \(\mathsf{Acc}_{
main.tex	4097	proposition	prop:publication-safety-maximality	Finite-record maximality	Abstract finite-record interface	\label{prop:publication-safety-maximality} Under the hypotheses of Theorem~\ref{thm:publication-safety-interface}, the constructed certificate is maximal with respect to the finite submitted record surface, in the dependency order isolated in Proposition~\ref{prop:publication-safety-dependency-normal-form}. More precisely, let $c$ be an accepted load-bearing claim and let $\mathsf{Cert}_{\Gamma}(c)=(K,\ell,E,H,R,D,B)$ be the certificate constructed in that theorem. If a stronger reading $c^{+}$ 
main.tex	4141	corollary	cor:publication-safety-current-package-instance	Current-package bounded source-level audit instance	Abstract finite-record interface	\label{cor:publication-safety-current-package-instance} For the current package, assume the support-surface condition later closed by Theorem~\ref{thm:final-support-surface-closure}: the exact supplemental \path{review_bundle/} directory is uploaded with the submission, or an archive-equivalent replacement with matching final digest records is supplied. Under that explicit availability condition, the finite pass-row components of the hypotheses of Theorem~\ref{thm:publication-safety-interface} a
main.tex	4190	corollary	cor:finite-record-gate-soundness-boundary	Finite-record boundary for external gate soundness	Abstract finite-record interface	\label{cor:finite-record-gate-soundness-boundary} Under the hypotheses of the finite-record interface theorem, Theorem~\ref{thm:publication-safety-interface}, the publication-safety conclusion is invariant under replacement of the surrounding implementation by any other implementation with the same submitted acceptance entries, evidence surfaces, promotion fields, discovery-interface rows, and evidence-level boundaries. Therefore the theorem cannot be used, without an additional submitted record
main.tex	4237	theorem	thm:implementation-soundness-extension-criterion	Boundary extension criterion for implementation-soundness readings	Abstract finite-record interface	\label{thm:implementation-soundness-extension-criterion} Fix the dispatch table $\Gamma$ and the finite certificate schema of Proposition~\ref{prop:finite-certificate-schema-verifier}. A reading of a load-bearing package claim as an implementation-soundness claim is accepted by the same publication-safety interface if and only if the submitted finite record surface is enlarged by an implementation-soundness extension record \[ \mathsf{Impl}(c)=(K^{\mathrm{impl}},E^{\mathrm{impl}},R^{\mathrm{impl
main.tex	4323	corollary	cor:submitted-gate-implementation-contract-dichotomy	Submitted gate-implementation contract dichotomy	Abstract finite-record interface	\label{cor:submitted-gate-implementation-contract-dichotomy} Fix the package ledger $L$, support surface $S$, and dispatch table $\Gamma$ of the publication-safety interface. A claim that the actual gate-producing daemons or human workflow of the package satisfy record-gate soundness is accepted by the theorem chain of this paper only in the following submitted-form case: the package includes a finite implementation contract \[ \mathsf{GateImpl}(P)=(I,E_I,R_I,B_I) \] where $I$ names the gate-pro
main.tex	4372	theorem	thm:external-interface-projection-no-free-upgrade	External-interface projection and no-free-implementation upgrade	Abstract finite-record interface	\label{thm:external-interface-projection-no-free-upgrade} Fix a package $P$, submitted surface $S$, acceptance ledger $L$, and dispatch table $\Gamma$. Let $\pi(P,S,L,\Gamma)$ be the finite record projection that retains only the fields read by the certificate schema: claim kinds, evidence levels, submitted evidence pointers, human-promotion fields, assigned passing gate rows, discovery-interface rows, and command-boundary tuples. Then the following are equivalent for the publication-safety conc
main.tex	4472	proposition	prop:current-package-acceptance-certificate-ledger	Current-package acceptance and certificate ledger	Primary-claim inventory audit	\label{prop:current-package-acceptance-certificate-ledger} Let $P^{+}$ be the finite current package consisting of the primary source \path{submission_abstract.tex}, this supplement \path{main.tex}, and, under the exact-or-archive-equivalent support-surface condition of Proposition~\ref{audit:review-bundle-availability-condition}, \path{review_bundle/REVIEW_BUNDLE_MANIFEST.json}, together with \path{review_bundle/certificate_schema.json}, \path{review_bundle/current_package_pass_records.json}, \
main.tex	4582	theorem	thm:current-package-certificate-exactness	Current-package bounded schema-relative certificate exactness	Current-package instantiation	\label{thm:current-package-certificate-exactness} For the six-row finite current-package state $P^{+}_{6}$ of Proposition~\ref{prop:current-package-acceptance-certificate-ledger}, assume the support-surface availability condition of Theorem~\ref{thm:final-support-surface-closure}: the submitted supplemental material contains the exact \path{review_bundle/} directory with \path{review_bundle/FINAL_DIGESTS_SHA256.md}, with refreshed digest rows and rerun finite-verifier logs for every named bundle
main.tex	4706	theorem	thm:manual-ledger-dependence-boundary	Ledger dependence and semantic extractor-completeness boundary	Current-package instantiation	\label{thm:manual-ledger-dependence-boundary} For the current package, the exactness assertions in Proposition~\ref{prop:current-package-acceptance-certificate-ledger}, Theorem~\ref{thm:current-package-certificate-exactness}, and Theorem~\ref{thm:theorem-obligation-ledger-boundary} are exactly finite-record claims over the displayed ledger rows, the submitted theorem-obligation inventory, and the syntactic theorem-environment extractor certificate of Theorem~\ref{thm:deterministic-theorem-enviro
main.tex	4785	corollary	cor:row-frozen-current-package-invariance	Row-frozen current-package invariance	Current-package instantiation	\label{cor:row-frozen-current-package-invariance} Under the support-surface hypotheses of Theorem~\ref{thm:current-package-certificate-exactness}, the current-package acceptance decision factors through the six displayed rows \(a_1,\ldots,a_6\) and their certificate fields only. Any two ambient repository, daemon, artifact, or venue states that induce the same six tuples \(\mathcal C(a_i)=(K_i,\ell_i,E_i,H_i,R_i,D_i,B_i)\), the same submitted support surface, and the same verifier log path induc
main.tex	4827	theorem	thm:current-package-extension-coordinate-rigidity	Current-package extension-coordinate rigidity	Current-package instantiation	\label{thm:current-package-extension-coordinate-rigidity} Assume the support-surface hypotheses of Theorem~\ref{thm:current-package-certificate-exactness}. Let \(P^{+}_{6}\) be the accepted six-row current-package state and let \(F_{6}\) be its finite schema projection: the row identifiers \(a_1,\ldots,a_6\), their tuples \(\mathcal C(a_i)=(K_i,\ell_i,E_i,H_i,R_i,D_i,B_i)\), the submitted support surface, the fixed dispatch table, and the recorded verifier log. Then \(F_{6}\) is the largest curr
main.tex	4920	theorem	thm:current-package-semantic-non-escalation	Current-package semantic non-escalation	Current-package instantiation	\label{thm:current-package-semantic-non-escalation} Let $P^{+}_{6}$ be the six-row current-package state of Theorem~\ref{thm:current-package-certificate-exactness}, and assume the same support-surface availability condition. For each accepted row $a_i$ with certificate \(\mathcal C(a_i)=(K_i,\ell_i,E_i,H_i,R_i,D_i,B_i)\), the following are equivalent for any proposed stronger reading $a_i^{+}$ of the same manuscript row. \begin{enumerate} \item $a_i^{+}$ is accepted by the finite-record safety i
main.tex	4986	theorem	thm:named-boundary-positive-coordinate-classification	Named boundary positive-coordinate classification	Current-package instantiation	\label{thm:named-boundary-positive-coordinate-classification} Assume the support-surface hypotheses of Theorem~\ref{thm:current-package-certificate-exactness}. Let $F_{6}$ be the finite six-row projection of Theorem~\ref{thm:current-package-extension-coordinate-rigidity}. Consider a proposed strengthened reading of one of the following six boundary interfaces: \begin{enumerate} \item reading Theorem~\ref{thm:publication-safety-interface} as end-to-end correctness of the AI-assisted workflow rath
main.tex	5096	corollary	cor:current-package-path-verified-instantiation	Current package path-verified instantiation	Current-package instantiation	\label{cor:current-package-path-verified-instantiation} For the current presentation package, let $P$ be the finite package consisting of the primary source \path{submission_abstract.tex}, this supplement \path{main.tex}, and the exact-or-archive-equivalent review-bundle support surface of Proposition~\ref{audit:review-bundle-availability-condition}, together with the executable certificate records named in Proposition~\ref{prop:machine-readable-certificate-records}. Root-level workflow diagnost
main.tex	5199	lemma	lem:gate-witness-criterion	Gate-witness criterion	Case-study witness protocol	\label{lem:gate-witness-criterion} A case record is a historical path-verified witness for the safety interface when it names the source or artifact snapshot surface, the invariant that failed, the gate decision recorded for that snapshot, and the safe manuscript lesson. Under the finite-record interface theorem, Theorem~\ref{thm:publication-safety-interface}, such a witness can support a case-study claim about the recorded historical gate surface, but not a stronger command-run, benchmark, live
main.tex	5224	proposition	prop:path-complete-case-witnesses	Path-complete case witnesses	Case-study witness protocol	\label{prop:path-complete-case-witnesses} Suppose a case-study row is used as load-bearing evidence for the finite-record interface theorem, Theorem~\ref{thm:publication-safety-interface}. If the row is path-complete in the sense above, then the row supplies exactly the evidence surface required for a path-verified historical snapshot case claim and no evidence surface for a fresh daemon, full-source, theorem-content, artifact-suite, benchmark, or semantic-substrate rerun. In fact every accepted
main.tex	5352	proposition	prop:review-bundle-case-snapshot-coverage	Review-bundle case-snapshot coverage	Case studies	\label{prop:review-bundle-case-snapshot-coverage} For the four case-study rows in Table~\ref{tab:case-witnesses}, the review bundle contains a finite external-review surface for every local case path used by the paper. The Newmath block has two local paths, the upper-fibers block has five local paths, the fake-extension block has two local paths, and the Rule110 block has four local paths, for thirteen local-path strings after resolving this paper's relative \path{ARTIFACT_INVENTORY.md} to its a
main.tex	5411	theorem	thm:case-witness-skeleton-rigidity	Case-witness skeleton rigidity	Case studies	\label{thm:case-witness-skeleton-rigidity} Let \(r\) be one of the four case-study rows in Table~\ref{tab:case-witnesses}, and assume the path-completeness and review-bundle coverage conclusions of Propositions~\ref{prop:path-complete-case-witnesses} and \ref{prop:review-bundle-case-snapshot-coverage}. Then the accepted information carried by \(r\) is exactly one of the following four skeleton lessons and no other reproducibility or semantic-validation lesson: \begin{enumerate} \item a promotion
main.tex	5554	proposition	audit:fresh-venue-record-criterion	Fresh venue-record criterion	Primary--supplement interface	\label{audit:fresh-venue-record-criterion} Assume that, immediately before the actual upload action or at a time explicitly recorded as unchanged for that action, the final submitted support surface contains either the venue-check record \path{VENUE_CHECK.md} and log \path{VENUE_CHECK_RUN_2026-06-04.log}, the later local-date rerun log \path{review_bundle/VENUE_BIBLIOGRAPHY_LIVE_CHECK_2026-06-09.log}, or an archive-equivalent replacement naming the same checked URLs, observation time, route rule
main.tex	5597	theorem	thm:venue-rule-freshness-non-escalation	Venue-rule freshness non-escalation	Primary--supplement interface	\label{thm:venue-rule-freshness-non-escalation} Let $U$ be the finite dated venue record consisting of the official call URL, the submission-form URL, the style-guideline URL, the observation date and time, the HTTP-status run witness \path{VENUE_CHECK_RUN_2026-06-04.log} or the later rerun witness \path{review_bundle/VENUE_BIBLIOGRAPHY_LIVE_CHECK_2026-06-09.log}, the observed route class, page limit, proceedings boundary, deadline, supplement access rule, and the local witness rows in Table~\re
main.tex	5641	corollary	cor:historical-venue-record-non-escalation	Historical venue record non-escalation	Primary--supplement interface	\label{cor:historical-venue-record-non-escalation} The venue check recorded at \path{VENUE_CHECK_RUN_2026-06-04.log}, with local observation time \path{2026-06-04 10:15 Asia/Singapore}, is a historical venue record. For the present post-2026-06-04 source state it is superseded, for local readiness only, by the rerun log \path{review_bundle/VENUE_BIBLIOGRAPHY_LIVE_CHECK_2026-06-09.log} and its companion record \path{review_bundle/VENUE_BIBLIOGRAPHY_LIVE_CHECK_2026-06-09.md}, whose local observati
main.tex	5671	corollary	cor:upload-time-venue-compliance-record-requirement	Upload-time venue-compliance record requirement	Primary--supplement interface	\label{cor:upload-time-venue-compliance-record-requirement} The logs \path{VENUE_CHECK_RUN_2026-06-04.log} and \path{review_bundle/VENUE_BIBLIOGRAPHY_LIVE_CHECK_2026-06-09.log} are dated local-readiness records. For the current package they certify only the venue rule state observed at their recorded observation times. The current source package contains no EasyChair upload receipt, no completed-upload timestamp, and no finite statement tying a completed upload to the unchanged venue-rule state;
main.tex	5720	proposition	prop:round-five-venue-record-instantiation	Round-five venue-record instantiation	Primary--supplement interface	\label{prop:round-five-venue-record-instantiation} The files \path{review_bundle/VENUE_BIBLIOGRAPHY_LIVE_CHECK_2026-06-09.log} and \path{review_bundle/VENUE_BIBLIOGRAPHY_LIVE_CHECK_2026-06-09.md} instantiate the dated local-readiness branch required by Corollary~\ref{cor:upload-time-venue-compliance-record-requirement}. Their finite fields are the command \path{PowerShell Invoke-WebRequest against CICM route pages and bibliography authority pages}, environment \path{Windows PowerShell 5.1 from p
main.tex	5771	proposition	audit:venue-submission-pack-gate	Venue-submission pack gate	Primary--supplement interface	\label{audit:venue-submission-pack-gate} Assume only the dated venue-rule records currently named in this source package, with no upload receipt, no completed-upload timestamp, no archive-equivalent locator, and no unchanged-rule statement for a completed upload. Then the current package is submission-pack ready for this route only as a local pre-upload checklist exactly when the finite gate in Table~\ref{tab:venue-submission-pack-gate} passes: the primary artifact is the two-page-plus-bibliogra
main.tex	5842	proposition	audit:submission-artifact-role-separation	Submission artifact role separation	Primary--supplement interface	\label{audit:submission-artifact-role-separation} For the current presentation-only route, the primary artifact, long technical supplement, and review bundle have distinct review roles. The primary source \path{submission_abstract.tex} states the presentation claim, \path{main.tex} proves the long-form interface theorems and records the case tables, and \path{review_bundle/} supplies the supplemental source snapshots, case snapshots, and machine-readable manifest rows. None of these roles conver
main.tex	5934	proposition	prop:formal-source-gate-instantiation	Formal-source gate instantiation	Primary--supplement interface	\label{prop:formal-source-gate-instantiation} For the current presentation package, the Lean-facing assertions in rows \path{pc3} and \path{pc4} of Table~\ref{tab:primary-claim-inventory} are accepted only as bounded contextual interfaces, not as accepted formal-source claims. The accepted certificate surface is the traceability row $a_1$, the fake-extension boundary row $a_5$, Table~\ref{tab:source-interface-record}, \path{source_interface_record.json}, \path{review_bundle/primary_claim_invento
main.tex	6001	theorem	thm:formal-source-promotion-obstruction	Formal-source promotion obstruction	Primary--supplement interface	\label{thm:formal-source-promotion-obstruction} In the current presentation package, no manuscript sentence about the Lean/BEDC source interface can be promoted from bounded contextual interface evidence to an accepted formal-source claim unless the certificate is enlarged by an accepted formal-source row containing build-gate and axiom-purity-gate pass records. If a fresh execution reading is also asserted, the certificate must additionally contain the command, source commit or final package di
main.tex	6042	theorem	thm:evidence-level-overclaim-obstruction	Evidence-level overclaim obstruction	Primary--supplement interface	\label{thm:evidence-level-overclaim-obstruction} Fix the certificate schema, dispatch function, and evidence-level vocabulary of this paper. Let $c$ be a load-bearing claim whose accepted certificate has level path-verified and whose boundary field $B$ records that no command-run assertion is made. Then every stronger reading of $c$ that asserts any of the following additional conclusions is rejected by the finite schema verifier: \begin{enumerate} \item external gate soundness for an arbitrary 
main.tex	6117	theorem	thm:finite-witness-manifest-record-interface	Finite-witness manifest-bounded record interface	Primary--supplement interface	\label{thm:finite-witness-manifest-record-interface} This theorem is a manifest-bounded finite-record interface instance of Theorem~\ref{thm:evidence-level-overclaim-obstruction}: it records only the bounded manifest/evaluator coordinates that may be checked, and it rejects stronger artifact readings unless the package supplies the additional finite records required for them, such as semantic-validation pass records or fresh rerun logs. The interface domain is the finite set \[ \mathcal M_{a_6}=
main.tex	6237	proposition	prop:artifact-validation-gate-unique-semantic-upgrade	Artifact-validation gate is the unique semantic upgrade	Primary--supplement interface	\label{prop:artifact-validation-gate-unique-semantic-upgrade} For a finite-witness artifact claim certified through the manifest-bounded coordinate set $\mathcal M_{a_6}$ of Theorem~\ref{thm:finite-witness-manifest-record-interface}, any strengthening to dynamic artifact semantics, unbounded evaluator correctness, or semantic Rule110/GroundCompiler validity factors through a separate artifact-validation gate. Such a gate must add, at minimum, the evaluator contract, the artifact bytes or manifes
main.tex	6276	corollary	cor:artifact-semantic-validity-boundary	Artifact semantic-validity boundary for finite witnesses	Primary--supplement interface	\label{cor:artifact-semantic-validity-boundary} Let $c$ be a finite-witness artifact claim in the current package whose accepted certificate uses the artifact row $a_6$, and let $\mathcal M_{a_6}$ be the manifest-bounded coordinate set of Theorem~\ref{thm:finite-witness-manifest-record-interface}. If a proposed stronger reading $c^{\mathrm{sem}}$ asserts semantic validity of the unbounded Rule110/GroundCompiler artifact, semantic correctness of a dynamic evaluator, or artifact validity beyond th
main.tex	6369	theorem	thm:primary-to-support-dependency-completeness	Primary-to-support dependency completeness	Primary--supplement interface	\label{thm:primary-to-support-dependency-completeness} Assume that the primary presentation source \path{submission_abstract.tex}, the technical supplement \path{main.tex}, the primary-claim inventory \path{review_bundle/primary_claim_inventory.json}, and the support map in Table~\ref{tab:primary-claim-support-map} are included in the same finite support surface. Then every load-bearing primary row \path{pc1},\ldots,\path{pc12} factors through one of the support classes displayed in Table~\ref{t
main.tex	6437	proposition	prop:primary-claim-row-classification	Primary-claim conditional inventory-audit classification	Primary--supplement interface	\label{prop:primary-claim-row-classification} Assume the current primary source \path{submission_abstract.tex} is the submitted primary artifact, the twelve-row inventory \path{review_bundle/primary_claim_inventory.json} is supplied with the review bundle or an accepted archive-equivalent support surface, and the finite manual inventory audit has identified \path{pc1},\ldots,\path{pc12} as the load-bearing primary assertions. Then the current primary-claim inventory is complete for the short pre
main.tex	6502	proposition	prop:primary-inventory-freshness-criterion	Primary-inventory freshness criterion	Primary--supplement interface	\label{prop:primary-inventory-freshness-criterion} Let $S$ be a later edited version of \path{submission_abstract.tex}, and let $I$ be a primary-claim inventory with rows of the same form as \path{review_bundle/primary_claim_inventory.json}: each row gives a location in $S$, a claim text or bounded paraphrase, a row status, a certificate surface, and an evidence level. Suppose a manual claim audit of $S$ produces a finite list of load-bearing assertions and verifies the following three condition
main.tex	6574	proposition	prop:primary-supplement-interface-map	Primary--supplement interface map	Primary--supplement interface	\label{prop:primary-supplement-interface-map} Every load-bearing claim made in the current primary artifact \path{submission_abstract.tex} is certified by an explicit supplement theorem, table row, or manifest row at a declared evidence level. The certification map is Table~\ref{tab:submission-interface-map}, refined by Table~\ref{tab:primary-claim-inventory}, and mirrored in the \path{submission_interface_map} field of \path{review_bundle/REVIEW_BUNDLE_MANIFEST.json} and the file \path{review_b
main.tex	6823	theorem	thm:exact-inclusion-support-surface-realization	Exact-inclusion support-surface realization	Review-bundle and archive-equivalence condition	\label{thm:exact-inclusion-support-surface-realization} For the current package the selected support branch is exact supplemental inclusion of \path{review_bundle/}, but this branch remains conditional until an external upload-or-archive instantiation record exists. If the completed submission contains that directory, together with \path{theorem_inventory.json} and \path{theorem_inventory.md}, and those three support surfaces match the post-inventory digest rows listed in \path{review_bundle/FIN
main.tex	6867	theorem	thm:public-branch-archive-equivalent-realization	Public branch archive-equivalent locator criterion	Review-bundle and archive-equivalence condition	\label{thm:public-branch-archive-equivalent-realization} Let $L$ be the public automath branch/path coordinate recorded in \path{review_bundle/REVIEW_BUNDLE_MANIFEST.json} and in \cite{auditable-pipeline-review-bundle}. If $L$ contains \path{theorem_inventory.json}, \path{theorem_inventory.md}, and the regular files under \path{review_bundle/} with the same relative paths and the SHA--256 rows printed in \path{review_bundle/FINAL_DIGESTS_SHA256.md}, and if $L$ is pinned by commit or immutable re
main.tex	6929	corollary	cor:submission-time-support-instantiation-test	Submission-time support instantiation test	Review-bundle and archive-equivalence condition	\label{cor:submission-time-support-instantiation-test} For a completed presentation-only submission, the bundle-backed and venue/bibliography-backed claims in this package instantiate external support if and only if the submitted support surface contains one of the following finite normal forms: \begin{enumerate} \item exact inclusion of \path{theorem_inventory.json}, \path{theorem_inventory.md}, and \path{review_bundle/}, with \path{review_bundle/FINAL_DIGESTS_SHA256.md} regenerated after the i
main.tex	6983	theorem	thm:final-support-surface-closure	Final support-surface closure	Review-bundle and archive-equivalence condition	\label{thm:final-support-surface-closure} For the current package, using Proposition~\ref{prop:final-package-shape-convention}, Audit record~\ref{prop:exact-review-bundle-upload-witness}, and Theorem~\ref{thm:exact-inclusion-support-surface-realization}, the bundle-backed claims in this supplement are admissible at the stated path-verified evidence level exactly when the submitted supplemental material contains the exact directory \path{review_bundle/} whose final packaging record is \path{revie
main.tex	7105	theorem	thm:workspace-final-package-reconciliation	Workspace-to-final-package reconciliation	Review-bundle and archive-equivalence condition	\label{thm:workspace-final-package-reconciliation} Let $D_0$ be the digest manifest \path{review_bundle/FINAL_DIGESTS_SHA256.md}, and let $H_i$ denote the source state printed in verifier log $i$. The source-state claim made in Audit record~\ref{prop:final-immutable-package-state-certificate} is the finite package claim consisting of these recorded pairs $(H_i,D_0)$, not a claim that every later reviewer checkout, editor workspace, or post-packaging working tree has Git \path{HEAD} equal to a si
main.tex	7198	theorem	thm:support-surface-normal-form	Support-surface normal form for bundle-backed claims	Review-bundle and archive-equivalence condition	\label{thm:support-surface-normal-form} For the current presentation package, every accepted use of a bundle-backed certificate coordinate is in exactly one of the following normal forms. \begin{enumerate} \item \emph{Exact inclusion}: an external upload or submission receipt records that the submitted support surface contains the exact \path{review_bundle/} directory whose certificate-file bytes match \path{review_bundle/FINAL_DIGESTS_SHA256.md}. \item \emph{Archive-equivalent inclusion}: a rep
main.tex	7265	theorem	thm:support-surface-invariant-compression	Support-surface invariant compression	Review-bundle and archive-equivalence condition	\label{thm:support-surface-invariant-compression} Let $\mathcal S$ be the family of support-surface and post-inventory claims in Theorems~\ref{thm:final-support-surface-closure}, \ref{thm:workspace-final-package-reconciliation}, \ref{thm:support-surface-normal-form}, and \ref{thm:post-inventory-package-fixed-point}, together with Corollary~\ref{cor:stable-replay-post-inventory-tuple}. For the current package, every member of $\mathcal S$ is a projection of the same finite support tuple \[ \Sigma
main.tex	7330	theorem	thm:upload-or-archive-instantiation-boundary	Upload instantiation boundary	Review-bundle and archive-equivalence condition	\label{thm:upload-or-archive-instantiation-boundary} Before the bundle-backed claims of this supplement are treated as part of a completed venue submission, the external submission record must instantiate one support-surface branch selected by Proposition~\ref{prop:final-package-shape-convention} and Theorems~\ref{thm:final-support-surface-closure} and \ref{thm:support-surface-normal-form}. Either it must record that \path{review_bundle/} was uploaded exactly with digest manifest $D_0$ and with 
main.tex	7373	corollary	cor:upload-or-archive-instantiation-record	Upload-or-archive instantiation record	Review-bundle and archive-equivalence condition	\label{cor:upload-or-archive-instantiation-record} The bundle-backed support claims of the current package may be used only under the external-record condition of Theorem~\ref{thm:upload-or-archive-instantiation-boundary}. In particular, \path{review_bundle/FINAL_DIGESTS_SHA256.md} is a local byte-level packaging manifest and not, by itself, an upload receipt, DOI, or proof that the public branch/path locator already contains the matching bytes. Thus the current package has a conditional local-s
main.tex	7396	proposition	prop:no-external-instantiation-from-local-bundle-records	No external instantiation from local bundle records	Review-bundle and archive-equivalence condition	\label{prop:no-external-instantiation-from-local-bundle-records} In the current source package, the rows of \path{review_bundle/FINAL_DIGESTS_SHA256.md}, the manifest fields of \path{review_bundle/REVIEW_BUNDLE_MANIFEST.json}, the bibliography entries \cite{automath-publication-pipeline,auditable-pipeline-review-bundle}, and the support notes in this supplement instantiate only a local exact-inclusion support mode and name the public branch/path archive-equivalent coordinate. They do not by them
main.tex	7440	proposition	prop:upload-or-archive-instantiation-update-protocol	Upload-or-archive instantiation update protocol	Review-bundle and archive-equivalence condition	\label{prop:upload-or-archive-instantiation-update-protocol} Suppose a later venue upload receipt or archive-equivalent locator is to be used to replace the current no-receipt boundary of Corollary~\ref{cor:upload-or-archive-instantiation-record} by an externally instantiated submitted-support claim. Then the replacement is accepted by the finite-record interface if and only if one of the two following finite update protocols is performed. The manuscript surfaces in the statement are precisely \
main.tex	7531	corollary	cor:current-no-receipt-support-surface-non-escalation	Current no-receipt support-surface non-escalation	Review-bundle and archive-equivalence condition	\label{cor:current-no-receipt-support-surface-non-escalation} In the current source package the records \path{review_bundle/FINAL_DIGESTS_SHA256.md}, \path{review_bundle/REVIEW_BUNDLE_MANIFEST.json}, \path{review_bundle/current_package_pass_records.json}, and \path{theorem_inventory.json} contain no venue upload receipt, public DOI, or institutional archive identifier for \path{review_bundle/}. They do record the public automath branch/path coordinate as an archive-equivalent locator, but only u
main.tex	7584	corollary	cor:fresh-inventory-digest-instance-this-source-state	Fresh inventory digest instance for this source state	Review-bundle and archive-equivalence condition	\label{cor:fresh-inventory-digest-instance-this-source-state} In the present source state, the regenerated files \path{theorem_inventory.json} and \path{theorem_inventory.md} are closed as local exact-inclusion coordinates only after their SHA-256 rows in \path{review_bundle/FINAL_DIGESTS_SHA256.md} are recomputed from the bytes of those two files and the finite command-boundary table names that refreshed manifest state. This corollary supplies no upload receipt, archive locator, extractor-compl
main.tex	7616	theorem	thm:digest-closure-refresh-criterion	Digest-closure refresh criterion for final package claims	Review-bundle and archive-equivalence condition	\label{thm:digest-closure-refresh-criterion} For the current presentation package, any claim that a submitted support surface has exact final digests is accepted only for a closed finite state $D$ satisfying all of the following conditions. \begin{enumerate} \item The digest manifest \path{review_bundle/FINAL_DIGESTS_SHA256.md} contains SHA-256 rows for \path{main.tex}, \path{submission_abstract.tex}, \path{references.bib}, \path{source_interface_record.json}, \path{theorem_inventory.json}, \pat
main.tex	7685	theorem	thm:submission-support-refresh-rigidity	Submission support refresh rigidity	Review-bundle and archive-equivalence condition	\label{thm:submission-support-refresh-rigidity} Let $S$ be a source package for this presentation route, and suppose $S$ changes one of the following four support coordinates after the last accepted digest manifest was written: \begin{enumerate} \item the theorem-obligation inventory bytes in \path{theorem_inventory.json} or \path{theorem_inventory.md}; \item a verifier or extractor log used to support a command-result claim; \item the primary-source line-span coordinate checked by \path{review_
main.tex	7757	proposition	prop:primary-architectural-fallback-without-external-support	Primary architectural fallback without external support	Review-bundle and archive-equivalence condition	\label{prop:primary-architectural-fallback-without-external-support} Assume the current source package is used without an upload receipt for the exact \path{review_bundle/} directory and without an archive-equivalent replacement satisfying Audit record~\ref{audit:review-bundle-archive-equivalence}. Then the primary presentation article may assert only the source-level architecture and path-verified local-package claims whose evidence surfaces are visible outside the missing bundle. In particular
main.tex	7823	theorem	thm:deterministic-theorem-environment-extractor-boundary	Deterministic theorem-environment extractor boundary	Review-bundle and archive-equivalence condition	\label{thm:deterministic-theorem-environment-extractor-boundary} Let the theorem-like environment domain $\mathcal E$ for this package consist of the five environment names \path{definition}, \path{lemma}, \path{proposition}, \path{theorem}, and \path{corollary}. The command \path{python review_bundle/extract_theorem_environments.py} run on \path{main.tex} and \path{theorem_inventory.json} is a deterministic syntactic extractor for the following finite claim only: every labelled environment in \
main.tex	7870	theorem	thm:extractor-domain-exactness-non-gluing	Extractor-domain exactness and non-gluing	Review-bundle and archive-equivalence condition	\label{thm:extractor-domain-exactness-non-gluing} For the submitted theorem-inventory surface, the command \path{python review_bundle/extract_theorem_environments.py} is exact for one domain and impossible to glue beyond that domain without an added finite coordinate. Its exact domain is the syntactic label-coverage predicate on \[ \mathcal E=\{\texttt{definition},\texttt{lemma},\texttt{proposition}, \texttt{theorem},\texttt{corollary}\}. \] An exit-code-zero run proves precisely that the source
main.tex	7931	theorem	thm:final-byte-extractor-inventory-inclusion	Final-byte extractor inventory inclusion	Review-bundle and archive-equivalence condition	\label{thm:final-byte-extractor-inventory-inclusion} Fix a manuscript source byte string $M$, an inventory byte string $J$, and the extractor byte string \path{review_bundle/extract_theorem_environments.py}. Let $T(M)$ be the finite set of labels obtained by running that extractor on the five-environment domain $\mathcal E$ of Theorem~\ref{thm:deterministic-theorem-environment-extractor-boundary}, and let $I(J)$ be the finite set of inventory labels read from $J$ with the accepted theorem-label 
main.tex	8001	theorem	thm:theorem-inventory-proofchecker-obstruction	Theorem-inventory proof-checker obstruction	Review-bundle and archive-equivalence condition	\label{thm:theorem-inventory-proofchecker-obstruction} Let $\mathcal E$ be the five-environment domain \{\path{definition}, \path{lemma}, \path{proposition}, \path{theorem}, \path{corollary}\} in \path{main.tex}. The finite theorem-inventory support surface consisting of \path{theorem_inventory.json}, \path{theorem_inventory.md}, and the output of \path{python review_bundle/extract_theorem_environments.py} classifies exactly labelled-environment coverage in $\mathcal E$: every labelled environme
main.tex	8049	theorem	prop:manual-theorem-inventory-boundary	Theorem-inventory boundary	Review-bundle and archive-equivalence condition	\label{prop:manual-theorem-inventory-boundary} This theorem retains the legacy cross-reference label \path{prop:manual-theorem-inventory-boundary} for compatibility with earlier acceptance-ledger entries; its environment category is \path{theorem}, not \path{proposition}. The file \path{theorem_inventory.json} is a theorem-obligation inventory record whose current support has two finite parts. First, it is an obligation ledger selected by finite-record review and connected to the manifest and ac
main.tex	8101	proposition	prop:regenerated-theorem-inventory-digest-closure	Regenerated theorem-inventory digest closure	Review-bundle and archive-equivalence condition	\label{prop:regenerated-theorem-inventory-digest-closure} Suppose a theorem-inventory pass regenerates either \path{theorem_inventory.json} or \path{theorem_inventory.md} after the package has selected the exact-inclusion support branch. Then the final support-surface claims of Theorem~\ref{thm:final-support-surface-closure}, the submitted theorem-ledger claim of Theorem~\ref{thm:theorem-obligation-ledger-boundary}, and the command boundary of Proposition~\ref{audit:command-run-boundary-inventor
main.tex	8150	corollary	cor:current-theorem-inventory-digest-instance	Current theorem-inventory digest instance	Review-bundle and archive-equivalence condition	\label{cor:current-theorem-inventory-digest-instance} For the present local support package, after \path{theorem_inventory.json} and \path{theorem_inventory.md} have been regenerated, the submitted theorem-obligation ledger may be cited in Theorem~\ref{thm:theorem-obligation-ledger-boundary} only through the refreshed digest rows for those two files in \path{review_bundle/FINAL_DIGESTS_SHA256.md} and through fresh finite-record verifier logs produced after the regenerated inventory files are pre
main.tex	8186	proposition	prop:post-inventory-fixed-point-support-certificate	Post-inventory fixed-point support certificate	Review-bundle and archive-equivalence condition	\label{prop:post-inventory-fixed-point-support-certificate} In the present package state, the two regenerated theorem-inventory files are accepted by the exact-inclusion theorem-ledger chain only at the following finite fixed point: the rows of \path{review_bundle/FINAL_DIGESTS_SHA256.md} name \path{theorem_inventory.json} and \path{theorem_inventory.md}; the same digest manifest names the refreshed logs \path{review_bundle/certificate_verification_run.log}, \path{review_bundle/source_interface_
main.tex	8243	theorem	thm:post-inventory-finite-record-realization	Post-inventory finite-record realization	Review-bundle and archive-equivalence condition	\label{thm:post-inventory-finite-record-realization} Suppose the following finite records are present in the current source package: \begin{enumerate} \item \path{theorem_inventory.json} and \path{theorem_inventory.md}; \item a zero-exit log for \path{python review_bundle/extract_theorem_environments.py} computed after those two files were written; \item zero-exit logs for \path{python review_bundle/verify_certificate_records.py}, \path{python review_bundle/verify_source_interface_record.py}, an
main.tex	8308	theorem	thm:theorem-obligation-ledger-boundary	Seven-row submitted theorem-obligation ledger integration	Review-bundle and archive-equivalence condition	\label{thm:theorem-obligation-ledger-boundary} Let $P^{+}_{7}$ be the seven-row support state obtained from $P^{+}_{6}$ by the conservative finite-record extension of Theorem~\ref{thm:nested-package-states}, namely by adding exactly the submitted theorem-ledger coordinate \path{a7}. In $P^{+}_{7}$, the theorem-obligation ledger is no longer a detached review-only artifact: the submitted finite support surface contains \path{theorem_inventory.json} through the manifest field \path{theorem_invento
main.tex	8380	proposition	prop:post-inventory-support-tuple-extraction-certificate	Post-inventory support-tuple extraction certificate	Review-bundle and archive-equivalence condition	\label{prop:post-inventory-support-tuple-extraction-certificate} For the current source package, the theorem-ledger support tuple is accepted only in the post-inventory form consisting of \path{theorem_inventory.json}, \path{theorem_inventory.md}, \path{review_bundle/theorem_environment_extraction_run.log}, \path{review_bundle/current_package_pass_records.json}, and \path{review_bundle/FINAL_DIGESTS_SHA256.md}. In that form the extraction log must be generated after the two inventory files exist
main.tex	8422	proposition	prop:submitted-theorem-inventory-availability	Submitted theorem-inventory availability	Review-bundle and archive-equivalence condition	\label{prop:submitted-theorem-inventory-availability} If the external support-surface condition of Corollary~\ref{cor:upload-or-archive-instantiation-record} is satisfied, then \path{theorem_inventory.json} is an available submitted certificate coordinate for the bounded theorem-obligation ledger claim of Theorem~\ref{thm:theorem-obligation-ledger-boundary}. If the exact bundle is not uploaded with matching final digests, the theorem inventory has only local diagnostic force and cannot support a
main.tex	8448	proposition	prop:submission-support-instantiation-field-normal-form	Submission-support instantiation field normal form	Review-bundle and archive-equivalence condition	\label{prop:submission-support-instantiation-field-normal-form} For the current source package, the upload-or-archive support coordinate has the following complete finite field normal form: \begin{center} \small \begin{tabularx}{\textwidth}{p{0.29\textwidth}X} \toprule field & current value\\ \midrule support branch & conditional exact supplemental inclusion of \path{theorem_inventory.json}, \path{theorem_inventory.md}, and \path{review_bundle/}\\ upload receipt & absent\\ archive-equivalent loc
main.tex	8504	corollary	cor:current-local-support-normal-form	Current local-support normal form	Review-bundle and archive-equivalence condition	\label{cor:current-local-support-normal-form} For the current presentation package, the finite support state has exactly the following normal form. The theorem-inventory coordinate is accepted only through the post-regeneration digest-and-verifier fixed point of Proposition~\ref{prop:post-inventory-fixed-point-support-certificate}; the review-bundle coordinate is externally instantiated only under exact upload or matching public branch/path bytes, because Proposition~\ref{prop:submission-support
main.tex	8559	proposition	audit:review-bundle-availability-condition	Review-bundle availability condition	Review-bundle and archive-equivalence condition	\label{audit:review-bundle-availability-condition} The final support mode selected for the current presentation package is exact supplemental inclusion of \path{review_bundle/}, conditional on the external instantiation record of Corollary~\ref{cor:upload-or-archive-instantiation-record}, as recorded in \path{review_bundle/FINAL_DIGESTS_SHA256.md} and in Audit record~\ref{prop:final-immutable-package-state-certificate}. This is a conditional support-mode selection, not a completed venue-upload r
main.tex	8613	proposition	audit:case-snapshot-non-rerun-boundary	Case-snapshot non-rerun boundary	Review-bundle and archive-equivalence condition	\label{audit:case-snapshot-non-rerun-boundary} Under the hypotheses of Propositions~\ref{prop:path-complete-case-witnesses} and \ref{prop:review-bundle-case-snapshot-coverage}, the four case-study rows cannot be read as fresh dynamic-behavior claims. Any stronger reading asserting a fresh publication-daemon execution, full-source rebuild, theorem-content rerun, Rule110 dynamic rerun, or GroundCompiler semantic rerun requires command, source state, environment, exit-code, and log-path fields in a
main.tex	8644	theorem	thm:finite-row-case-evidence-closure	Finite-row closure of case evidence	Review-bundle and archive-equivalence condition	\label{thm:finite-row-case-evidence-closure} Let $C$ be the finite set of four case-study rows in Table~\ref{tab:case-witnesses}. Under Propositions~\ref{prop:path-complete-case-witnesses} and \ref{prop:review-bundle-case-snapshot-coverage}, the publication-safety interface accepts the case-study contribution exactly as the image of $C$ under the skeleton map of Theorem~\ref{thm:case-witness-skeleton-rigidity}. The image has four possible values only: promotion, route/submission blocking, theore
main.tex	8697	corollary	cor:current-case-behaviour-evidence-criterion	Current case-behaviour evidence criterion	Review-bundle and archive-equivalence condition	\label{cor:current-case-behaviour-evidence-criterion} The four case-study rows support current-behaviour claims only for the finite record-verifier commands that are explicitly listed in Table~\ref{tab:command-boundary-inventory}. They do not support current daemon, overlap-checker, fake-extension-pipeline, Rule110, GroundCompiler, or full artifact-suite behaviour unless the row is enlarged by a fresh command tuple for that system. For each such current-behaviour upgrade, the required tuple is n
main.tex	8754	proposition	audit:command-run-boundary-inventory	Command-run boundary inventory	Command-run boundary	\label{audit:command-run-boundary-inventory} For the current presentation package, Table~\ref{tab:command-boundary-inventory} is complete for the command-boundary claims used by Proposition~\ref{prop:machine-readable-certificate-records}, Proposition~\ref{audit:review-bundle-availability-condition}, Theorem~\ref{thm:theorem-obligation-ledger-boundary}, Theorem~\ref{thm:post-inventory-package-fixed-point}, and the finite-record interface theorem, Theorem~\ref{thm:publication-safety-interface}. Th
main.tex	8847	theorem	thm:post-edit-rerun-metadata-gate	Post-edit rerun metadata gate	Command-run boundary	\label{thm:post-edit-rerun-metadata-gate} Let $I$ be the pair consisting of \path{theorem_inventory.json} and \path{theorem_inventory.md}, let $L$ be the tuple of retained extractor and finite-record verifier logs named in Table~\ref{tab:command-boundary-inventory}, and let $D$ be \path{review_bundle/FINAL_DIGESTS_SHA256.md}. After any edit to \path{main.tex}, $I$, or a retained support record, a claim that the package has a post-inventory fixed point for the new bytes is accepted only if the su
main.tex	8889	theorem	thm:final-local-support-state-reconciliation	Final four-interface maximality and support-state reconciliation	Command-run boundary	\label{thm:final-local-support-state-reconciliation} For the source package after the present manuscript edits, the finite support state used by the publication-safety theorem chain is the following reconciled local state and no stronger one. First, the files \path{theorem_inventory.json} and \path{theorem_inventory.md} are accepted as a post-inventory fixed point only under the ordered metadata condition of Theorem~\ref{thm:post-edit-rerun-metadata-gate}; absent such post-edit rows, the fixed-p
main.tex	9037	theorem	thm:presentation-route-five-interface-sharpness	Supplement-level presentation-route five-interface sharpness	Command-run boundary	\label{thm:presentation-route-five-interface-sharpness} For the CICM presentation-only package whose primary source is \path{submission_abstract.tex}, whose supplement is this file, and whose selected support directory is \path{review_bundle/}, the maximal claim certified by the present theorem chain is exactly the conjunction of the following five bounded interfaces: \begin{enumerate} \item \emph{Conditional publication safety.} The publication claim is a finite-record certificate under the ext
main.tex	9185	theorem	thm:presentation-route-stronger-reading-classifier	Supplement-level presentation-route stronger-reading classifier	Command-run boundary	\label{thm:presentation-route-stronger-reading-classifier} For the present CICM presentation-only package, every attempted stronger reading of the four flagged interface families is classified by the five-axis skeleton of Theorem~\ref{thm:presentation-route-five-interface-sharpness}, and the classifier is exact in the following sense. \begin{enumerate} \item A stronger reading of the finite publication-safety interface, the certificate-calculus spine, publication-safety maximality, or the curren
main.tex	9298	theorem	thm:end-to-end-upgrade-decomposition-obstruction	End-to-end upgrade decomposition obstruction	Command-run boundary	\label{thm:end-to-end-upgrade-decomposition-obstruction} For the present CICM presentation-only package, an end-to-end workflow-correctness reading of the publication-safety theorem chain is accepted by the finite-record calculus if and only if it decomposes into the finite positive-coordinate budgets of Theorem~\ref{thm:presentation-route-five-interface-sharpness} and every touched budget is supplied with its assigned pass record. More explicitly, any reading asserting correctness of the actual
main.tex	9363	corollary	cor:presentation-summary-non-escalation	Presentation-summary non-escalation	Command-run boundary	\label{cor:presentation-summary-non-escalation} Let \(s\) be a load-bearing sentence in the primary presentation source \path{submission_abstract.tex} or in an accompanying presentation abstract that summarizes Theorem~\ref{thm:publication-safety-interface}, Theorem~\ref{thm:current-package-certificate-exactness}, Theorem~\ref{thm:current-command-result-closure}, Theorem~\ref{thm:presentation-route-stronger-reading-classifier}, or Theorem~\ref{thm:presentation-route-five-interface-sharpness}. If
main.tex	9423	theorem	thm:submission-support-fixed-point-normal-form	Machine-checkable support-coordinate fixed-point normal form	Command-run boundary	\label{thm:submission-support-fixed-point-normal-form} For the current source package, the support state for the three externalized claims in the publication-safety theorem chain is exactly the following finite normal form. This is a bookkeeping theorem for the machine-checkable support coordinates used by the bounded audit interface: it records when byte strings, logs, and digest rows are mutually current, and it is not an independent semantic invariant of the paper, the artifacts, or the venue
main.tex	9491	theorem	thm:post-inventory-support-coordinate-dichotomy	Post-inventory support-coordinate dichotomy	Command-run boundary	\label{thm:post-inventory-support-coordinate-dichotomy} For the current presentation package there are exactly two possible support readings for any claim whose evidence surface names \path{theorem_inventory.json}, \path{theorem_inventory.md}, or a file under \path{review_bundle/}. If the ordered post-inventory pass of Theorem~\ref{thm:post-inventory-package-fixed-point} has been run and the exact resulting surface is externally instantiated by the upload-or-archive record of Corollary~\ref{cor:
main.tex	9547	proposition	prop:final-refreshed-coordinate-instantiation	Final refreshed-coordinate instantiation	Command-run boundary	\label{prop:final-refreshed-coordinate-instantiation} For the current dated local-readiness package, the first coordinate of Theorem~\ref{thm:submission-support-fixed-point-normal-form} is instantiated by the finite tuple consisting of \path{theorem_inventory.json}, \path{theorem_inventory.md}, \path{review_bundle/theorem_environment_extraction_run.log}, \path{review_bundle/certificate_verification_run.log}, \path{review_bundle/source_interface_verification_run.log}, \path{review_bundle/primary_
main.tex	9593	theorem	thm:post-inventory-package-fixed-point	Post-inventory support-coordinate fixed point	Command-run boundary	\label{thm:post-inventory-package-fixed-point} Let $P$ be the current local package state consisting of the manuscript source, \path{submission_abstract.tex}, \path{theorem_inventory.json}, \path{theorem_inventory.md}, and \path{review_bundle/}. Suppose that the following finite sequence is executed in the displayed order: \begin{enumerate} \item write the theorem-inventory files for the manuscript source state; \item rerun \path{python review_bundle/extract_theorem_environments.py}; \item rerun
main.tex	9692	corollary	cor:current-post-inventory-realization	Current post-inventory realization	Command-run boundary	\label{cor:current-post-inventory-realization} Assume that the present source state contains the two submitted inventory files \path{theorem_inventory.json} and \path{theorem_inventory.md}. If, after those two files exist, the theorem-environment extractor, the retained finite-record verifiers, the retained dated venue/bibliography check, and the final SHA--256 manifest are run in the order displayed in Theorem~\ref{thm:post-inventory-package-fixed-point}, then the theorem-ledger row $a_7$ of Ta
main.tex	9729	theorem	thm:current-inventory-artifact-realization	Current inventory support-coordinate realization	Command-run boundary	\label{thm:current-inventory-artifact-realization} For the present Stage--A source state, after the final theorem-inventory bytes for this manuscript have been accepted, suppose that the files \path{theorem_inventory.json} and \path{theorem_inventory.md} are present as finite package coordinates. Let $L$ be the retained finite-record log family consisting of the syntactic theorem-environment extraction log \path{review_bundle/theorem_environment_extraction_run.log}, the finite certificate verifi
main.tex	9821	theorem	thm:current-command-result-closure	Current command-result closure	Command-run boundary	\label{thm:current-command-result-closure} Assume the current source package contains the accepted inventory files \path{theorem_inventory.json} and \path{theorem_inventory.md}. After those bytes exist, suppose that every command-result sentence retained for the submission state cites one of the command-boundary rows in Table~\ref{tab:command-boundary-inventory}, that the corresponding command log is rerun from the source state named in that log with exit code zero, and that \path{review_bundle/
main.tex	9867	corollary	cor:current-post-inventory-support-tuple-instantiation	Current post-inventory support tuple instantiation	Command-run boundary	\label{cor:current-post-inventory-support-tuple-instantiation} In the current source package, after \path{theorem_inventory.json} and \path{theorem_inventory.md} have been written, the ordered tuple consisting of \path{theorem_inventory.json}, \path{theorem_inventory.md}, \path{review_bundle/theorem_environment_extraction_run.log}, \path{review_bundle/certificate_verification_run.log}, \path{review_bundle/source_interface_verification_run.log}, \path{review_bundle/primary_claim_inventory_freshne
main.tex	9915	corollary	cor:stable-replay-post-inventory-tuple	Byte-level stable replay criterion for the post-inventory tuple	Command-run boundary	\label{cor:stable-replay-post-inventory-tuple} Let $S$ be a source state of the present presentation package in which the final accepted \path{theorem_inventory.json} and \path{theorem_inventory.md} exist. Suppose that the theorem-environment extractor, certificate-record verifier, source-interface verifier, and retained primary-claim verifier are run from $S$, that their logs have exit code zero, and that \path{review_bundle/FINAL_DIGESTS_SHA256.md} is regenerated after those logs are written. 
main.tex	9964	proposition	prop:post-inventory-freshness-obstruction	Post-inventory freshness obstruction	Command-run boundary	\label{prop:post-inventory-freshness-obstruction} Let $S$ and $S'$ be two source states of the present package which differ in at least one byte of \path{theorem_inventory.json} or \path{theorem_inventory.md}. Suppose the theorem-environment extractor, certificate-record verifier, source-interface verifier, retained primary-claim verifier, and final digest generator were run from $S$ in the order required by Theorem~\ref{thm:post-inventory-package-fixed-point}. Then those logs and digest rows do
main.tex	10004	proposition	prop:three-coordinate-submission-support-closure	Three-coordinate submission-support closure	Command-run boundary	\label{prop:three-coordinate-submission-support-closure} In the present presentation-only package, the three Stage--A support obligations consisting of the post-inventory theorem-obligation ledger, the dated venue/bibliography verification record, and the external support surface admit the following exact normal form. The theorem-obligation coordinate is closed precisely by the ordered tuple of Corollary~\ref{cor:current-post-inventory-support-tuple-instantiation}: the two root inventory files e
main.tex	10069	corollary	cor:local-fixed-point-external-boundary	Local fixed point and external-support boundary	Command-run boundary	\label{cor:local-fixed-point-external-boundary} Assume that the current source state contains \path{theorem_inventory.json} and \path{theorem_inventory.md}, that the theorem-environment extractor and the three retained finite-record verifiers are rerun after those inventory files exist, and that \path{review_bundle/FINAL_DIGESTS_SHA256.md} is regenerated after the resulting logs are written. Then the support tuple of Corollary~\ref{cor:current-post-inventory-support-tuple-instantiation} is a clo
main.tex	10120	proposition	prop:current-absence-external-support-surface-instantiation	Current absence of external support-surface instantiation	Command-run boundary	\label{prop:current-absence-external-support-surface-instantiation} For the present source package, the local post-inventory support coordinate of Corollary~\ref{cor:local-fixed-point-external-boundary} and the digest manifest \path{review_bundle/FINAL_DIGESTS_SHA256.md} do not instantiate the external support coordinate of Corollary~\ref{cor:upload-or-archive-instantiation-record}. Hence every claim whose support uses \path{review_bundle/} has only local/path-verified status in this package unl
main.tex	10177	theorem	thm:four-coordinate-submission-support-skeleton	Four-coordinate submission-support skeleton	Command-run boundary	\label{thm:four-coordinate-submission-support-skeleton} For the current presentation-only package, every support reading used by the publication-safety theorem chain factors through the certificate-calculus spine of Theorem~\ref{thm:finite-record-certificate-calculus-spine} and then through exactly the following four finite coordinates, with no gluing between them unless the missing coordinate is explicitly supplied. \begin{enumerate} \item The theorem-obligation coordinate is the post-inventory
main.tex	10284	theorem	thm:current-package-no-free-upgrade-closure	Current-package no-free-upgrade closure for the presentation route	Command-run boundary	\label{thm:current-package-no-free-upgrade-closure} In the present source state, the finite-record theorem chain has exactly the following terminal form. The local finite-record certificate level is available only for the rows named by the submitted support tuple of Theorem~\ref{thm:four-coordinate-submission-support-skeleton}, after the post-inventory rerun and digest-regeneration order of Theorem~\ref{thm:post-inventory-package-fixed-point}. The central output of Theorem~\ref{thm:publication-s
main.tex	10404	corollary	cor:stage-a2-support-coordinate-resolution-normal-form	Stage-A2 support-coordinate resolution normal form	Command-run boundary	\label{cor:stage-a2-support-coordinate-resolution-normal-form} For the presentation-only route of this source package, the four issue coordinates resolved by the terminal theorem chain have the following exact normal form. \begin{enumerate} \item The theorem-inventory support coordinate is present exactly when \path{theorem_inventory.json} and \path{theorem_inventory.md} exist before the theorem-environment extractor and retained finite-record verifiers are rerun, and \path{review_bundle/FINAL_D
