173	187	proposition	prop:final-package-shape-convention	Final package-shape convention	section: Problem and contribution	proof=189-214	For the current presentation package there is a single source-level package shape. The primary article is \path{submission_abstract.tex}; the local technical supplement is \path{main.tex}; the local bounded theorem-obligation ledger consists of \path{theorem_inventory.json} and \
216	233	theorem	thm:nested-package-states	Nested six-row and seven-row package states	section: Problem and contribution	proof=235-257	Let $P^{+}_{6}$ denote the current row-frozen certificate state whose accepted rows are exactly $a_1,\ldots,a_6$ in Table~\ref{tab:current-acceptance-ledger}. Let $P^{+}_{7}$ denote the enlarged submitted support state obtained by adjoining the single theorem-ledger
281	318	definition	def:architecture-axis-map	Architecture-axis map	section: Architecture	proof=None	The compiler architecture uses five disjoint evidence axes. An accepted claim may read evidence from an axis only at the admissible evidence level shown in the displayed axis map; the negative boundary in the last column is part of the claim certificate and cannot be discharged b
320	334	proposition	prop:architecture-axis-non-escalation	Axis non-escalation	section: Architecture	proof=336-362	In any record-gate-sound package using Definition~\ref{def:architecture-axis-map}, passage or evidence on one architecture axis cannot certify a load-bearing claim whose claim kind requires another axis. More precisely, if a claim certificate uses an axis $A$ but its stronger rea
364	414	theorem	thm:presentation-compressed-interface	Presentation-route compressed interface	section: Architecture	proof=416-455	Fix a presentation-only package whose architecture axes are those of Definition~\ref{def:architecture-axis-map}. Suppose its load-bearing claims are checked only through the finite submitted surface $S$, acceptance ledger $L$, dispatch table $\Gamma$, and verifier tuple
594	611	lemma	lem:source-interface-extraction-correctness	Manual bounded source-interface extraction correctness	section: Architecture	proof=613-631	For the pinned newmath repository path \path{papers/bedc/parts/visions/audit_map_methodology/automated_theory_discovery_pipeline_calculus.tex} at commit \path{3fb3d6a0641767388a401883062aa522ea0b397b}, Table~\ref{tab:source-interface-record} is the complete imported interface use
633	649	proposition	prop:manual-source-interface-non-escalation	Manual source-interface non-escalation	section: Architecture	proof=651-674	Let $I$ be the imported discovery-gate interface certified by Lemma~\ref{lem:source-interface-extraction-correctness}. Any later use of an imported source label in this paper is a consequence of $I$ only if it is a function of the finite fields recorded in Table~\ref{tab:source-i
676	689	proposition	prop:reviewable-source-snapshot-interface	Reviewable source-snapshot interface	section: Architecture	proof=691-704	The imported discovery-gate spine used in the finite-record interface theorem, Theorem~\ref{thm:publication-safety-interface}, has a reviewer-facing source interface. Namely, the tuple consisting of the pinned local source path, commit \path{3fb3d6a0641767388a401883062aa522ea0b39
706	735	proposition	prop:source-interface-record-file-consistency	Executable source-interface record comparison	section: Architecture	proof=737-771	The source-interface table, its JSON mirror, and the bundled source snapshot give one record-level imported discovery-gate interface for the finite-record interface theorem, Theorem~\ref{thm:publication-safety-interface}. The record fields are as follows: the source commit is
773	802	theorem	thm:bounded-source-interface-maximality	Bounded source-interface maximality	section: Architecture	proof=804-836	Let $I_{\rm man}$ be the manual imported-source interface of Lemma~\ref{lem:source-interface-extraction-correctness}, and let $I_{\rm exe}$ be the executable finite comparison of Proposition~\ref{prop:source-interface-record-file-consistency}. In the finite-record safety interfac
838	851	corollary	cor:downstream-imported-label-bounded-factorization	Downstream imported-label use factors through bounded rows	section: Architecture	proof=853-870	Every load-bearing occurrence in this manuscript of an imported discovery-gate label from Table~\ref{tab:source-interface-record} factors through the bounded source-interface certificate of Theorem~\ref{thm:bounded-source-interface-maximality}. Hence a downstream proof
872	890	theorem	thm:public-source-reachability-non-escalation	Public-source reachability non-escalation	section: Architecture	proof=892-924	In the current source package, the citation \cite{bedc-newmath-source} and the commit string \path{3fb3d6a0641767388a401883062aa522ea0b397b} serve only as the public-source coordinate for the imported newmath workspace. The load-bearing source-interface premise used by Theorem~\r
926	940	corollary	cor:public-source-coordinate-exactness	Public-source coordinate exactness	section: Architecture	proof=942-962	For the present source package, any load-bearing statement containing the public source citation \cite{bedc-newmath-source} and the pinned commit \path{3fb3d6a0641767388a401883062aa522ea0b397b} factors through exactly the bounded coordinates of Theorem~\ref{thm:public-source-reac
964	984	theorem	thm:source-interface-semantic-completeness-obstruction	Source-interface semantic-completeness obstruction	section: Architecture	proof=986-1020	Under the source-interface surface certified by Lemma~\ref{lem:source-interface-extraction-correctness} and Theorem~\ref{thm:bounded-source-interface-maximality}, every accepted imported discovery-gate premise factors through the five finite fields listed in Theorem~\ref{thm:boun
1022	1038	proposition	prop:source-interface-evidence-level-separation	Source-interface evidence-level separation	section: Architecture	proof=1040-1066	Let $r$ be any accepted manuscript claim whose discovery component cites one of the imported labels in Table~\ref{tab:source-interface-record}. If $r$ uses only Lemma~\ref{lem:source-interface-extraction-correctness}, then the imported-label premise of $r$ is accepted only at the
1141	1320	definition	def:operational-acceptance-interface	Operational acceptance interface	subsection: Abstract finite-record interface	proof=None	A \emph{claim} is a manuscript assertion that can affect a mathematical, artifact, route, or submission decision. A \emph{load-bearing claim} is a claim whose removal would change a theorem statement, a case-study conclusion, or the submission-readiness status. An \emph{advisory 
1322	1352	definition	def:record-gate-soundness-external-interface	Record-gate soundness external interface	subsection: Abstract finite-record interface	proof=None	The external record-gate interface for a package is the finite predicate \[ \mathsf{RGS}_{S}(P,L,\Gamma) \] with the following inputs and outputs. Its inputs are exactly a package $P$, a submitted support surface $S$, a finite acceptance ledger $L$, and the deterministic
1354	1366	proposition	prop:record-gate-soundness-external-interface-exactness	Record-gate interface equivalence and non-claim boundary	subsection: Abstract finite-record interface	proof=1368-1396	For the operational acceptance interface of Definition~\ref{def:operational-acceptance-interface}, the standalone interface in Definition~\ref{def:record-gate-soundness-external-interface} is equivalent to the predicate $\mathsf{RGS}_{S}(P,L,\Gamma)$ used in the publication-safet
1398	1420	definition	def:stronger-reading-preorder	Stronger-reading preorder	subsection: Abstract finite-record interface	proof=None	Fix the dispatch table $\Gamma$ and certificate tuple $\mathcal C(c)=(K,\ell,E,H,R,D,B)$ of Definition~\ref{def:operational-acceptance-interface}. A proposed reading $c^{+}$ of the same prose claim is \emph{record-stronger} than $c$, written $c\preceq_{\Gamma} c^{+}$, if at least
1422	1460	definition	def:certificate-schema-acceptance-table	Certificate-schema acceptance table	subsection: Abstract finite-record interface	proof=None	Fix the seven-kind dispatch table $\Gamma$ of Definition~\ref{def:operational-acceptance-interface}. The verifier input for a load-bearing claim $c$ is the following finite record type: \[ \mathcal C(c)= \{K,\ell,E,H,R,D,B\}. \] Its typed fields are these and only these: $K$ is a
1462	1482	proposition	prop:finite-certificate-schema-verifier	Finite certificate schema verifier as a record check	subsection: Abstract finite-record interface	proof=1484-1526	For every load-bearing manuscript claim $c$ whose component kinds lie in the seven-kind domain, $V(c,\mathcal C)$ is a finite, prose-insensitive record-schema verifier for the declared publication certificate. The submitted package instantiates $V$ by the script
1528	1562	theorem	thm:verifier-input-output-contract	Verifier input--predicate--output contract	subsection: Abstract finite-record interface	proof=1564-1593	The verifier interface used by the publication-safety theorem is exactly the following finite mathematical-software contract. Its input is a pair $(c,\mathcal C(c))$, where $c$ is a load-bearing manuscript claim and \(\mathcal C(c)=(K,\ell,E,H,R,D,B)\) is the certificate record o
1595	1613	theorem	thm:auditable-compiler-boundary-completeness	Auditable compiler-boundary completeness	subsection: Abstract finite-record interface	proof=1615-1651	For the architecture of Definition~\ref{def:architecture-axis-map} and the finite verifier of Theorem~\ref{thm:verifier-input-output-contract}, the software contribution certified by Theorem~\ref{thm:publication-safety-interface} is exactly the following compiler-boundary propert
1653	1689	theorem	thm:finite-verifier-normal-form	Executable-record verifier normal form	subsection: Abstract finite-record interface	proof=1691-1727	Fix the dispatch table $\Gamma$, the submitted support surface $S$, and the finite certificate schema of Definition~\ref{def:certificate-schema-acceptance-table}. There is a deterministic verifier \[ \mathsf{Check}_{\Gamma,S}(c,K,\ell,E,H,R,D,B) \] with the following presentation
1729	1754	theorem	thm:record-acceptance-exactness	Schema-relative executable-record acceptance exactness	subsection: Abstract finite-record interface	proof=1756-1787	Fix the seven-kind dispatch table $\Gamma$, the two evidence levels, and the typed certificate tuple $\mathcal C(c)=(K,\ell,E,H,R,D,B)$ of Definition~\ref{def:certificate-schema-acceptance-table}. For every load-bearing claim $c$ and every finite candidate certificate $\mathcal C
1789	1806	corollary	cor:executable-schema-exactness-negative-fixture	Executable schema exactness and negative fixture	subsection: Abstract finite-record interface	proof=1808-1826	Under the hypotheses and fixed schema of Theorem~\ref{thm:record-acceptance-exactness}, the executable verifier instance \path{review_bundle/verify_certificate_records.py} is a finite witness of the same schema-relative relation, not an additional semantic oracle. On the positive
1828	1849	theorem	thm:finite-coordinate-determination-boundary	Finite-coordinate determination and trust-boundary classifier	subsection: Abstract finite-record interface	proof=1851-1888	Fix the dispatch table $\Gamma$ and the verifier $V$. Let $F_{\Gamma}$ be the finite schema projection read by $V$ from a certificate record, namely the claim-kind set, declared evidence level, evidence surface, promotion field, gate-pass rows, discovery-source rows, command-boun
1890	1922	theorem	thm:record-interface-rigidity	Record-interface rigidity and refresh fixed point	subsection: Abstract finite-record interface	proof=1924-1988	Fix a package $P$, submitted support surface $S$, finite ledger $L$, dispatch table $\Gamma$, and certificate tuple $\mathcal C(c)=(K,\ell,E,H,R,D,B)$ for each accepted load-bearing claim $c\in L$. Let $\pi_{\Gamma,S}(P,L)$ be the finite projection consisting of the
1990	2016	theorem	thm:record-gate-implementation-overclaim-obstruction	Record-gate implementation overclaim obstruction	subsection: Abstract finite-record interface	proof=2018-2057	The hypotheses of Theorem~\ref{thm:publication-safety-interface} and the fixed point of Theorem~\ref{thm:record-interface-rigidity} determine finite certificate construction under the external record-gate interface \(\mathsf{RGS}_{S}(P,L,\Gamma)\), but they do not determine corre
2059	2072	corollary	cor:finite-record-acceptance-not-implementation-soundness	Finite-record acceptance is not implementation soundness	subsection: Abstract finite-record interface	proof=2074-2096	The acceptance and fixed-point conclusions of Theorem~\ref{thm:record-interface-rigidity} and Theorem~\ref{thm:record-gate-implementation-overclaim-obstruction} are finite record conclusions only. They do not imply Lean rebuild success, BEDC source-tree rebuild success, publicati
2098	2128	proposition	prop:machine-readable-certificate-records	Machine-readable certificate records	subsection: Abstract finite-record interface	proof=2130-2198	For the current presentation package, the finite record checker $V$ of Proposition~\ref{prop:finite-certificate-schema-verifier}, with the record-acceptance semantics of Theorem~\ref{thm:record-acceptance-exactness}, has an executable record-level instance over the review bundle,
2200	2223	theorem	thm:executable-record-non-escalation	Executable record non-escalation	subsection: Abstract finite-record interface	proof=2225-2256	Let $F$ be the finite field projection read by \path{review_bundle/verify_certificate_records.py}: manifest-field presence, entries $a_1$--$a_6$, claim-kind membership, evidence-level membership, assigned-gate coverage, pass-record fields, evidence-level agreement,
2258	2282	theorem	thm:executable-certificate-construction-invariant	Executable certificate-construction invariant	subsection: Abstract finite-record interface	proof=2284-2324	For the submitted review bundle, let $G$ be the union of the finite fields read by the two executable verifiers \path{review_bundle/verify_source_interface_record.py} and \path{review_bundle/verify_certificate_records.py}. Thus $G$ contains the ten source-interface table triples,
2326	2333	proposition	prop:claim-kind-dispatch	Deterministic claim-kind dispatch	subsection: Abstract finite-record interface	proof=2335-2345	For every load-bearing manuscript claim whose kind lies in the seven-kind domain above, $\Gamma$ assigns a unique finite set of deterministic gates. In a pipeline that is record-gate-sound for acceptance, a mixed load-bearing claim may be used as accepted work only if its accepta
2347	2377	theorem	thm:mixed-claim-projection-obstruction	Mixed-claim projection obstruction	subsection: Abstract finite-record interface	proof=2379-2408	Let $c$ be a load-bearing mixed claim with nonempty component-kind set $K\subseteq\mathsf{Dom}(\Gamma)$ and submitted candidate certificate $\mathcal C(c)=(K,\ell,E,H,R,D,B)$. For a nonempty subset $J\subseteq K$, write \[ G_J=\bigcup_{k\in J}\Gamma(k) \] and let $c_J$ denote the
2410	2450	theorem	thm:concrete-finite-script-implementation-soundness	Concrete finite-script projection-contract boundary	subsection: Abstract finite-record interface	proof=2452-2505	Let $S$ be the submitted support surface containing \path{review_bundle/certificate_schema.json}, \path{review_bundle/current_package_pass_records.json}, \path{review_bundle/submission_interface_map.json}, \path{review_bundle/primary_claim_inventory.json}, \path{source_interface_
2508	2511	corollary	cor:finite-script-rgs-instantiation-boundary	Finite-script projection instantiation boundary	subsection: Abstract finite-record interface	proof=2513-2517	Assume the hypotheses of Theorem~\ref{thm:concrete-finite-script-implementation-soundness} and suppose the submitted command-run records for the four named scripts have exit code $0$. Then the only command-run coordinate instantiated for those scripts is the schema-level finite p
2518	2547	theorem	thm:assigned-gate-soundness-audit-boundary	Assigned-gate soundness audit boundary	subsection: Abstract finite-record interface	proof=2549-2585	Let $P$ be a finite submitted package with pass-record ledger $L$, dispatch table $\Gamma$, and submitted support surface $S$. For a load-bearing claim $c$, write $G(c)=\bigcup_{k\in K(c)}\Gamma(k)$ for the finite set of gates assigned to its claim-kind set. The package may use a
2587	2621	theorem	thm:six-coordinate-gate-implementation-soundness-skeleton	Six-coordinate gate-implementation soundness skeleton	subsection: Abstract finite-record interface	proof=2623-2662	Let $g$ be a concrete gate whose row is used by the publication-safety theorem chain for a load-bearing claim $c$. A submitted support surface $S$ upgrades the row-level record-gate reading for $g$ to gate-implementation soundness only if $S$ contains a finite implementation-soun
2664	2688	theorem	thm:finite-certificate-obstruction-skeleton	Finite certificate obstruction skeleton	subsection: Abstract finite-record interface	proof=2690-2763	Let $c$ be a load-bearing manuscript claim whose component kinds lie in the seven-kind domain. The verifier of Proposition~\ref{prop:finite-certificate-schema-verifier} gives the following complete audit classification at the declared evidence level. A certificate for
2765	2803	theorem	thm:finite-extension-budget-normal-form	Finite extension-budget normal form	subsection: Abstract finite-record interface	proof=2805-2850	Fix the dispatch table $\Gamma$, the finite certificate schema, and an accepted finite certificate \(\mathcal C(c)=(K,\ell,E,H,R,D,B)\) for a load-bearing package claim $c$. Let $c^{+}$ be a proposed stronger reading of the same row which is not record-equivalent to $c$ in the se
2852	2881	theorem	thm:finite-record-certificate-calculus-spine	Finite-record certificate calculus spine	subsection: Abstract finite-record interface	proof=2883-2927	Fix a submitted surface $S$, acceptance ledger $L$, dispatch table $\Gamma$, and schema verifier $V$ as in Theorem~\ref{thm:publication-safety-interface}. For the presentation-only route, every load-bearing support assertion used by the publication-safety theorem chain is classif
2929	2958	proposition	prop:publication-safety-dependency-normal-form	Dependency normal form for the publication-safety chain	subsection: Abstract finite-record interface	proof=2960-2994	Let $c$ be a load-bearing claim whose certificate \(\mathsf{Cert}_{\Gamma}(c)=\mathcal C(c)=(K,\ell,E,H,R,D,B)\) is constructed by the finite schema verifier from the submitted surface $S$, ledger $L$, and dispatch table $\Gamma$. Then every use of the publication-safety interfac
2996	3001	proposition	prop:gate-interface-separation	Gate-interface separation	subsection: Abstract finite-record interface	proof=3003-3018	The promotion, overlap, submission-state, and theorem-content delta gates are separate deterministic interfaces. None can be replaced by passage of another one when a load-bearing claim has the corresponding component. \end{proposition}
3020	3038	corollary	cor:human-promotion-daemon-active-track-separation	Human promotion is not daemon-visible active-track equivalence	subsection: Abstract finite-record interface	proof=3040-3066	In the operational interface of Definition~\ref{def:operational-acceptance-interface}, a human-promotion record and daemon-visible active-paper markers are not interchangeable certificate fields. More precisely, let $c$ be any route-boundary claim whose accepted certificate is
3068	3081	proposition	prop:scheduler-selection-advisory	Scheduler selection is advisory before discovery gating	subsection: Abstract finite-record interface	proof=3083-3106	Let $s$ be a scheduler or critical-path score attached to a candidate claim $c$. If $s$ recommends selecting $c$, then the recommendation is a work-selection claim and by itself can only pass the scheduler gate. If $c$ is also asserted to be a discovery or classifier-shifting con
3149	3165	proposition	prop:publication-safety-minimal-bad-record-witness	Minimal bad-record witness for command-run escalation	subsection: Abstract finite-record interface	proof=3167-3192	In the operational interface of Definition~\ref{def:operational-acceptance-interface}, let $r$ be a submitted claim record whose claim-kind set is \{route\}, whose evidence level is declared to be command-run, and whose boundary field contains no command-run tuple
3193	3265	theorem	thm:publication-safety-interface	Bounded software-audit interface under record-gate soundness	subsection: Abstract finite-record interface	proof=3267-3324	Consider a theory-to-paper pipeline with the operational interface above and a finite submitted record surface consisting only of the manuscript source, printed tables, submitted manifests, uploaded review-bundle records, recorded logs, and explicitly declared historical boundari
3326	3347	theorem	thm:gate-implementation-soundness-upgrade-obstruction	Gate implementation-soundness upgrade obstruction	subsection: Abstract finite-record interface	proof=3349-3385	Let $c$ be a claim accepted by Theorem~\ref{thm:publication-safety-interface} through the record-gate-soundness hypothesis, and let $c^{\mathrm{impl}}$ be a proper strengthening asserting implementation soundness of one or more concrete gate programs used to construct or check th
3493	3522	theorem	thm:finite-record-certificate-rigidity	Finite-record certificate rigidity	subsection: Abstract finite-record interface	proof=3524-3573	Fix the finite submitted record surface $S$, acceptance ledger $L$, dispatch table $\Gamma$, and schema verifier $V$ used in Theorem~\ref{thm:publication-safety-interface}. Assume the same record-gate soundness and source-interface hypotheses as that theorem. For every accepted
3575	3630	theorem	thm:boundary-axis-non-escalation-exactness	Boundary-axis exact non-escalation	subsection: Abstract finite-record interface	proof=3632-3709	Assume the hypotheses of Theorem~\ref{thm:publication-safety-interface}, and let \(c\) be any load-bearing claim accepted by the finite certificate constructed there. The following five stronger readings of \(c\), when they are not already record-equivalent to \(c\), are accepted
3711	3757	theorem	thm:mixed-interface-overclaim-skeleton	Mixed-interface overclaim skeleton	subsection: Abstract finite-record interface	proof=3759-3815	Assume the hypotheses of Theorem~\ref{thm:publication-safety-interface}. Let $c$ be an accepted load-bearing claim whose proof uses one or more of the following interface families: record-gate passage, bounded source-interface import, current-package ledger rows, manifest-bounded
3817	3866	theorem	thm:presentation-scoped-boundary-normal-form	Package-local boundary normal form for the presentation package	subsection: Abstract finite-record interface	proof=3868-3935	Assume the submitted package is evaluated only through the finite-record interface of Theorem~\ref{thm:publication-safety-interface}. Then every accepted load-bearing claim using one of the five interface components below has the stated maximal bounded reading, and every strictly
3936	3984	theorem	thm:five-axis-upgrade-obstruction	Package-local five-axis upgrade obstruction	subsection: Abstract finite-record interface	proof=3986-4032	Assume the hypotheses of Theorem~\ref{thm:publication-safety-interface}. Let $c$ be an accepted load-bearing claim in this presentation package, evaluated with this paper's finite schema, submitted support surface, dispatch table $\Gamma$, and boundary axis map, whose proof uses 
4046	4117	theorem	thm:current-boundary-skeleton-non-gluing	Current package-local boundary skeleton and non-gluing lower bound	subsection: Abstract finite-record interface	proof=4119-4170	Assume the support-surface hypotheses used by the current-package instantiation, including the six-row state $P^{+}_{6}$ of Theorem~\ref{thm:current-package-certificate-exactness}, the finite-script projection records of Theorem~\ref{thm:concrete-finite-script-implementation-soun
4185	4213	proposition	prop:certificate-constructor-bad-subrecord-extractor	Certificate constructor and bad-subrecord extractor	subsection: Abstract finite-record interface	proof=4215-4247	Assume the four finite-record hypotheses of Theorem~\ref{thm:publication-safety-interface}. For every ledger row \(c\) there is a deterministic partial constructor \[ \mathsf{Cert}_{\Gamma}(c)=(K,\ell,E,H,R,D,B) \] and a deterministic extractor \(\mathsf{Bad}_{\Gamma}(c)\) with t
4249	4268	proposition	prop:publication-safety-maximality	Finite-record maximality	subsection: Abstract finite-record interface	proof=4270-4291	Under the hypotheses of Theorem~\ref{thm:publication-safety-interface}, the constructed certificate is maximal with respect to the finite submitted record surface, in the dependency order isolated in Proposition~\ref{prop:publication-safety-dependency-normal-form}. More
4293	4317	corollary	cor:publication-safety-current-package-instance	Current-package bounded source-level audit instance	subsection: Abstract finite-record interface	proof=4319-4340	For the current package, assume the support-surface condition later closed by Theorem~\ref{thm:final-support-surface-closure}: the exact supplemental \path{review_bundle/} directory is uploaded with the submission, or an archive-equivalent replacement with matching final digest r
4342	4356	corollary	cor:finite-record-gate-soundness-boundary	Finite-record boundary for external gate soundness	subsection: Abstract finite-record interface	proof=4358-4387	Under the hypotheses of the finite-record interface theorem, Theorem~\ref{thm:publication-safety-interface}, the publication-safety conclusion is invariant under replacement of the surrounding implementation by any other implementation with the same submitted acceptance
4389	4425	theorem	thm:implementation-soundness-extension-criterion	Boundary extension criterion for implementation-soundness readings	subsection: Abstract finite-record interface	proof=4427-4473	Fix the dispatch table $\Gamma$ and the finite certificate schema of Proposition~\ref{prop:finite-certificate-schema-verifier}. A reading of a load-bearing package claim as an implementation-soundness claim is accepted by the same publication-safety interface if and only if the s
4475	4495	corollary	cor:submitted-gate-implementation-contract-dichotomy	Submitted gate-implementation contract dichotomy	subsection: Abstract finite-record interface	proof=4497-4522	Fix the package ledger $L$, support surface $S$, and dispatch table $\Gamma$ of the publication-safety interface. A claim that the actual gate-producing daemons or human workflow of the package satisfy record-gate soundness is accepted by the theorem chain of this paper only in t
4524	4552	theorem	thm:external-interface-projection-no-free-upgrade	External-interface projection and no-free-implementation upgrade	subsection: Abstract finite-record interface	proof=4554-4584	Fix a package $P$, submitted surface $S$, acceptance ledger $L$, and dispatch table $\Gamma$. Let $\pi(P,S,L,\Gamma)$ be the finite record projection that retains only the fields read by the certificate schema: claim kinds, evidence levels, submitted evidence pointers, human-prom
4624	4663	proposition	prop:current-package-acceptance-certificate-ledger	Current-package acceptance and certificate ledger	subsection: Primary-claim inventory audit	proof=4665-4721	Let $P^{+}$ be the finite current package consisting of the primary source \path{submission_abstract.tex}, this supplement \path{main.tex}, and, under the exact-or-archive-equivalent support-surface condition of Proposition~\ref{audit:review-bundle-availability-condition},
4734	4802	theorem	thm:current-package-certificate-exactness	Current-package bounded schema-relative certificate exactness	subsection: Current-package instantiation	proof=4804-4889	For the six-row finite current-package state $P^{+}_{6}$ of Proposition~\ref{prop:current-package-acceptance-certificate-ledger}, assume the support-surface availability condition of Theorem~\ref{thm:final-support-surface-closure}: the submitted supplemental material contains the
4892	4914	theorem	thm:manual-ledger-dependence-boundary	Ledger dependence and semantic extractor-completeness boundary	subsection: Current-package instantiation	proof=4916-4969	For the current package, the exactness assertions in Proposition~\ref{prop:current-package-acceptance-certificate-ledger}, Theorem~\ref{thm:current-package-certificate-exactness}, and Theorem~\ref{thm:theorem-obligation-ledger-boundary} are exactly finite-record
4971	4987	corollary	cor:row-frozen-current-package-invariance	Row-frozen current-package invariance	subsection: Current-package instantiation	proof=4989-5011	Under the support-surface hypotheses of Theorem~\ref{thm:current-package-certificate-exactness}, the current-package acceptance decision factors through the six displayed rows \(a_1,\ldots,a_6\) and their certificate fields only. Any two ambient repository, daemon, artifact, or v
5013	5049	theorem	thm:current-package-extension-coordinate-rigidity	Current-package extension-coordinate rigidity	subsection: Current-package instantiation	proof=5051-5104	Assume the support-surface hypotheses of Theorem~\ref{thm:current-package-certificate-exactness}. Let \(P^{+}_{6}\) be the accepted six-row current-package state and let \(F_{6}\) be its finite schema projection: the row identifiers \(a_1,\ldots,a_6\), their tuples
5106	5131	theorem	thm:current-package-semantic-non-escalation	Current-package semantic non-escalation	subsection: Current-package instantiation	proof=5133-5170	Let $P^{+}_{6}$ be the six-row current-package state of Theorem~\ref{thm:current-package-certificate-exactness}, and assume the same support-surface availability condition. For each accepted row $a_i$ with certificate \(\mathcal C(a_i)=(K_i,\ell_i,E_i,H_i,R_i,D_i,B_i)\), the foll
5172	5219	theorem	thm:named-boundary-positive-coordinate-classification	Named boundary positive-coordinate classification	subsection: Current-package instantiation	proof=5221-5280	Assume the support-surface hypotheses of Theorem~\ref{thm:current-package-certificate-exactness}. Let $F_{6}$ be the finite six-row projection of Theorem~\ref{thm:current-package-extension-coordinate-rigidity}. Consider a proposed strengthened reading of one of the following six 
5282	5313	corollary	cor:current-package-path-verified-instantiation	Current package path-verified instantiation	subsection: Current-package instantiation	proof=5315-5352	For the current presentation package, let $P$ be the finite package consisting of the primary source \path{submission_abstract.tex}, this supplement \path{main.tex}, and the exact-or-archive-equivalent review-bundle support surface of Proposition~\ref{audit:review-bundle-availabi
5385	5396	lemma	lem:gate-witness-criterion	Gate-witness criterion	subsection: Case-study witness protocol	proof=5398-5408	A case record is a historical path-verified witness for the safety interface when it names the source or artifact snapshot surface, the invariant that failed, the gate decision recorded for that snapshot, and the safe manuscript lesson. Under the finite-record interface theorem,
5410	5434	proposition	prop:path-complete-case-witnesses	Path-complete case witnesses	subsection: Case-study witness protocol	proof=5436-5483	Suppose a case-study row is used as load-bearing evidence for the finite-record interface theorem, Theorem~\ref{thm:publication-safety-interface}. If the row is path-complete in the sense above, then the row supplies exactly the evidence surface required for a path-verified histo
5538	5556	proposition	prop:review-bundle-case-snapshot-coverage	Review-bundle case-snapshot coverage	section: Case studies	proof=5558-5595	For the four case-study rows in Table~\ref{tab:case-witnesses}, the review bundle contains a finite external-review surface for every local case path used by the paper. The Newmath block has two local paths, the upper-fibers block has five local paths, the fake-extension block ha
5597	5628	theorem	thm:case-witness-skeleton-rigidity	Case-witness skeleton rigidity	section: Case studies	proof=5630-5671	Let \(r\) be one of the four case-study rows in Table~\ref{tab:case-witnesses}, and assume the path-completeness and review-bundle coverage conclusions of Propositions~\ref{prop:path-complete-case-witnesses} and \ref{prop:review-bundle-case-snapshot-coverage}. Then the accepted i
5740	5764	proposition	audit:fresh-venue-record-criterion	Fresh venue-record criterion	subsection: Primary--supplement interface	proof=5766-5789	Assume that, immediately before the actual upload action or at a time explicitly recorded as unchanged for that action, the final submitted support surface contains either the venue-check record \path{VENUE_CHECK.md} and log \path{VENUE_CHECK_RUN_2026-06-04.log}, the later local-
5791	5807	theorem	thm:venue-rule-freshness-non-escalation	Venue-rule freshness non-escalation	subsection: Primary--supplement interface	proof=5809-5835	Let $U$ be the finite dated venue record consisting of the official call URL, the submission-form URL, the style-guideline URL, the observation date and time, the HTTP-status run witness \path{VENUE_CHECK_RUN_2026-06-04.log} or the later rerun witness \path{review_bundle/VENUE_BI
5837	5851	corollary	cor:historical-venue-record-non-escalation	Historical venue record non-escalation	subsection: Primary--supplement interface	proof=5853-5865	The venue check recorded at \path{VENUE_CHECK_RUN_2026-06-04.log}, with local observation time \path{2026-06-04 10:15 Asia/Singapore}, is a historical venue record. For the present post-2026-06-04 source state it is superseded, for local readiness only, by the rerun log
5867	5891	corollary	cor:upload-time-venue-compliance-record-requirement	Upload-time venue-compliance record requirement	subsection: Primary--supplement interface	proof=5893-5914	The logs \path{VENUE_CHECK_RUN_2026-06-04.log} and \path{review_bundle/VENUE_BIBLIOGRAPHY_LIVE_CHECK_2026-06-09.log} are dated local-readiness records. For the current package they certify only the venue rule state observed at their recorded observation times. The current source
5916	5933	proposition	prop:dated-venue-record-instantiation	Dated venue-record instantiation	subsection: Primary--supplement interface	proof=5935-5948	The files \path{review_bundle/VENUE_BIBLIOGRAPHY_LIVE_CHECK_2026-06-09.log} and \path{review_bundle/VENUE_BIBLIOGRAPHY_LIVE_CHECK_2026-06-09.md} instantiate the dated local-readiness branch required by Corollary~\ref{cor:upload-time-venue-compliance-record-requirement}. Their fin
5967	5987	proposition	audit:venue-submission-pack-gate	Venue-submission pack gate	subsection: Primary--supplement interface	proof=5991-6036	Assume only the dated venue-rule records currently named in this source package, with no upload receipt, no completed-upload timestamp, no archive-equivalent locator, and no unchanged-rule statement for a completed upload. Then the current package is submission-pack ready for thi
6038	6048	proposition	audit:submission-artifact-role-separation	Submission artifact role separation	subsection: Primary--supplement interface	proof=6052-6063	For the current presentation-only route, the primary artifact, long technical supplement, and review bundle have distinct review roles. The primary source \path{submission_abstract.tex} states the presentation claim, \path{main.tex} proves the long-form interface theorems and rec
6130	6153	proposition	prop:formal-source-gate-instantiation	Formal-source gate instantiation	subsection: Primary--supplement interface	proof=6155-6195	For the current presentation package, the Lean-facing assertions in rows \path{pc3} and \path{pc4} of Table~\ref{tab:primary-claim-inventory} are accepted only as bounded contextual interfaces, not as accepted formal-source claims. The accepted certificate surface is the traceabi
6197	6208	theorem	thm:formal-source-promotion-obstruction	Formal-source promotion obstruction	subsection: Primary--supplement interface	proof=6210-6236	In the current presentation package, no manuscript sentence about the Lean/BEDC source interface can be promoted from bounded contextual interface evidence to an accepted formal-source claim unless the certificate is enlarged by an accepted formal-source row containing build-gate
6238	6263	theorem	thm:evidence-level-overclaim-obstruction	Evidence-level overclaim obstruction	subsection: Primary--supplement interface	proof=6265-6311	Fix the certificate schema, dispatch function, and evidence-level vocabulary of this paper. Let $c$ be a load-bearing claim whose accepted certificate has level path-verified and whose boundary field $B$ records that no command-run assertion is made. Then every stronger reading o
6313	6370	theorem	thm:finite-witness-manifest-record-interface	Finite-witness manifest-bounded record interface	subsection: Primary--supplement interface	proof=6372-6431	This theorem is a manifest-bounded finite-record interface instance of Theorem~\ref{thm:evidence-level-overclaim-obstruction}: it records only the bounded manifest/evaluator coordinates that may be checked, and it rejects stronger artifact readings unless the package supplies the
6433	6446	proposition	prop:artifact-validation-gate-unique-semantic-upgrade	Artifact-validation gate is the unique semantic upgrade	subsection: Primary--supplement interface	proof=6448-6470	For a finite-witness artifact claim certified through the manifest-bounded coordinate set $\mathcal M_{a_6}$ of Theorem~\ref{thm:finite-witness-manifest-record-interface}, any strengthening to dynamic artifact semantics, unbounded evaluator correctness, or semantic
6472	6502	corollary	cor:artifact-semantic-validity-boundary	Artifact semantic-validity boundary for finite witnesses	subsection: Primary--supplement interface	proof=6504-6545	Let $c$ be a finite-witness artifact claim in the current package whose accepted certificate uses the artifact row $a_6$, and let $\mathcal M_{a_6}$ be the manifest-bounded coordinate set of Theorem~\ref{thm:finite-witness-manifest-record-interface}. If a proposed
6547	6579	theorem	thm:three-boundary-upgrade-sharpness	Three-boundary upgrade sharpness	subsection: Primary--supplement interface	proof=6581-6652	For the presentation-only CICM route, the three deliberately weak interfaces in the main theorem chain are sharp compiler-boundary interfaces rather than hidden end-to-end correctness claims. More precisely, in every accepted instance of Theorem~\ref{thm:publication-safety-interf
6672	6686	theorem	thm:primary-to-support-dependency-completeness	Primary-to-support dependency completeness	subsection: Primary--supplement interface	proof=6688-6738	Assume that the primary presentation source \path{submission_abstract.tex}, the technical supplement \path{main.tex}, the primary-claim inventory \path{review_bundle/primary_claim_inventory.json}, and the support map in Table~\ref{tab:primary-claim-support-map} are included in th
6740	6756	proposition	prop:primary-claim-row-classification	Primary-claim conditional inventory-audit classification	subsection: Primary--supplement interface	proof=6758-6803	Assume the current primary source \path{submission_abstract.tex} is the submitted primary artifact, the twelve-row inventory \path{review_bundle/primary_claim_inventory.json} is supplied with the review bundle or an accepted archive-equivalent support surface, and the finite manu
6805	6843	proposition	prop:primary-inventory-freshness-criterion	Primary-inventory freshness criterion	subsection: Primary--supplement interface	proof=6845-6875	Let $S$ be a later edited version of \path{submission_abstract.tex}, and let $I$ be a primary-claim inventory with rows of the same form as \path{review_bundle/primary_claim_inventory.json}: each row gives a location in $S$, a claim text or bounded paraphrase, a row status, a cer
6877	6889	proposition	prop:primary-supplement-interface-map	Primary--supplement interface map	subsection: Primary--supplement interface	proof=6891-6944	Every load-bearing claim made in the current primary artifact \path{submission_abstract.tex} is certified by an explicit supplement theorem, table row, or manifest row at a declared evidence level. The certification map is Table~\ref{tab:submission-interface-map}, refined by
7124	7137	theorem	thm:exact-inclusion-support-surface-realization	Finite-record support invariant: exact-inclusion support surface	subsection: Subordinate support-boundary ledger	proof=7139-7166	For the current package the selected support branch is exact supplemental inclusion of \path{review_bundle/}, but this branch remains conditional until an external upload-or-archive instantiation record exists. If the completed submission contains that directory, together with \p
7168	7187	theorem	thm:public-branch-archive-equivalent-realization	Finite-record support invariant: public branch locator criterion	subsection: Subordinate support-boundary ledger	proof=7189-7228	Let $L$ be the public automath branch/path coordinate recorded in \path{review_bundle/REVIEW_BUNDLE_MANIFEST.json} and in the support-boundary text of this supplement. If $L$ contains \path{theorem_inventory.json}, \path{theorem_inventory.md}, and the regular files
7230	7252	corollary	cor:submission-time-support-instantiation-test	Submission-time support instantiation test	subsection: Subordinate support-boundary ledger	proof=7254-7282	For a completed presentation-only submission, the bundle-backed and venue/bibliography-backed claims in this package instantiate external support if and only if the submitted support surface contains one of the following finite normal forms: \begin{enumerate} \item exact inclusio
7284	7303	theorem	thm:final-support-surface-closure	Finite-record support invariant: final support-surface closure	subsection: Subordinate support-boundary ledger	proof=7305-7350	For the current package, using Proposition~\ref{prop:final-package-shape-convention}, Audit record~\ref{prop:exact-review-bundle-upload-witness}, and Theorem~\ref{thm:exact-inclusion-support-surface-realization}, the bundle-backed claims in this supplement are admissible at the s
7408	7434	theorem	thm:workspace-final-package-reconciliation	Workspace-to-final-package reconciliation	subsection: Subordinate support-boundary ledger	proof=7436-7466	Let $D_0$ be the digest manifest \path{review_bundle/FINAL_DIGESTS_SHA256.md}, and let $H_i$ denote the source state printed in verifier log $i$. The source-state claim made in Audit record~\ref{prop:final-immutable-package-state-certificate} is the finite package
7501	7527	theorem	thm:support-surface-normal-form	Finite-record support invariant: bundle-backed normal form	subsection: Subordinate support-boundary ledger	proof=7529-7566	For the current presentation package, every accepted use of a bundle-backed certificate coordinate is in exactly one of the following normal forms. \begin{enumerate} \item \emph{Exact inclusion}: an external upload or submission receipt records that the submitted support surface 
7568	7599	theorem	thm:support-surface-invariant-compression	Finite-record support invariant compression	subsection: Subordinate support-boundary ledger	proof=7601-7631	Let $\mathcal S$ be the family of support-surface and post-inventory claims in Theorems~\ref{thm:final-support-surface-closure}, \ref{thm:workspace-final-package-reconciliation}, \ref{thm:support-surface-normal-form}, and \ref{thm:post-inventory-package-fixed-point}, together wit
7633	7651	theorem	thm:upload-or-archive-instantiation-boundary	Finite-record upload-boundary invariant	subsection: Subordinate support-boundary ledger	proof=7653-7674	Before the bundle-backed claims of this supplement are treated as part of a completed venue submission, the external submission record must instantiate one support-surface branch selected by Proposition~\ref{prop:final-package-shape-convention} and Theorems~\ref{thm:final-support
7676	7687	corollary	cor:upload-or-archive-instantiation-record	Upload-or-archive instantiation record	subsection: Subordinate support-boundary ledger	proof=7689-7697	The bundle-backed support claims of the current package may be used only under the external-record condition of Theorem~\ref{thm:upload-or-archive-instantiation-boundary}. In particular, \path{review_bundle/FINAL_DIGESTS_SHA256.md} is a local byte-level packaging
7699	7713	proposition	prop:no-external-instantiation-from-local-bundle-records	No external instantiation from local bundle records	subsection: Subordinate support-boundary ledger	proof=7715-7739	In the current source package, the rows of \path{review_bundle/FINAL_DIGESTS_SHA256.md}, the manifest fields of \path{review_bundle/REVIEW_BUNDLE_MANIFEST.json}, and the support-boundary notes in this supplement instantiate only a local exact-inclusion support mode and name the p
7741	7784	proposition	prop:upload-or-archive-instantiation-update-protocol	Upload-or-archive instantiation update protocol	subsection: Subordinate support-boundary ledger	proof=7786-7828	Suppose a later venue upload receipt or archive-equivalent locator is to be used to replace the current no-receipt boundary of Corollary~\ref{cor:upload-or-archive-instantiation-record} by an externally instantiated submitted-support claim. Then the replacement is accepted by the
7830	7855	corollary	cor:current-no-receipt-support-surface-non-escalation	Current no-receipt support-surface non-escalation	subsection: Subordinate support-boundary ledger	proof=7857-7881	In the current source package the records \path{review_bundle/FINAL_DIGESTS_SHA256.md}, \path{review_bundle/REVIEW_BUNDLE_MANIFEST.json}, \path{review_bundle/current_package_pass_records.json}, and \path{theorem_inventory.json} contain no venue upload receipt, public DOI, or
7883	7894	corollary	cor:fresh-inventory-digest-instance-this-source-state	Fresh inventory digest instance for this source state	subsection: Subordinate support-boundary ledger	proof=7896-7913	In the present source state, the regenerated files \path{theorem_inventory.json} and \path{theorem_inventory.md} are closed as local exact-inclusion coordinates only after their SHA-256 rows in \path{review_bundle/FINAL_DIGESTS_SHA256.md} are recomputed from the bytes of
7915	7944	theorem	thm:digest-closure-refresh-criterion	Finite-record digest-refresh invariant for final package claims	subsection: Subordinate support-boundary ledger	proof=7946-7981	For the current presentation package, any claim that a submitted support surface has exact final digests is accepted only for a closed finite state $D$ satisfying all of the following conditions. \begin{enumerate} \item The digest manifest \path{review_bundle/FINAL_DIGESTS_SHA256
7984	8007	theorem	thm:submission-support-refresh-rigidity	Finite-record submission-support refresh invariant	subsection: Subordinate support-boundary ledger	proof=8009-8053	Let $S$ be a source package for this presentation route, and suppose $S$ changes one of the following four support coordinates after the last accepted digest manifest was written: \begin{enumerate} \item the theorem-obligation inventory bytes in \path{theorem_inventory.json} or
8056	8071	proposition	prop:primary-architectural-fallback-without-external-support	Primary architectural fallback without external support	subsection: Subordinate support-boundary ledger	proof=8073-8102	Assume the current source package is used without an upload receipt for the exact \path{review_bundle/} directory and without an archive-equivalent replacement satisfying Audit record~\ref{audit:review-bundle-archive-equivalence}. Then the primary presentation article may assert 
8122	8139	theorem	thm:deterministic-theorem-environment-extractor-boundary	Deterministic theorem-environment extractor boundary	subsection: Subordinate support-boundary ledger	proof=8141-8167	Let the theorem-like environment domain $\mathcal E$ for this package consist of the five environment names \path{definition}, \path{lemma}, \path{proposition}, \path{theorem}, and \path{corollary}. The command \path{python review_bundle/extract_theorem_environments.py} run on
8169	8189	theorem	thm:extractor-domain-exactness-non-gluing	Extractor-domain exactness and non-gluing	subsection: Subordinate support-boundary ledger	proof=8191-8227	For the submitted theorem-inventory surface, the command \path{python review_bundle/extract_theorem_environments.py} is exact for one domain and impossible to glue beyond that domain without an added finite coordinate. Its exact domain is the syntactic label-coverage predicate on
8230	8255	theorem	thm:final-byte-extractor-inventory-inclusion	Final-byte extractor inventory inclusion	subsection: Subordinate support-boundary ledger	proof=8257-8298	Fix a manuscript source byte string $M$, an inventory byte string $J$, and the extractor byte string \path{review_bundle/extract_theorem_environments.py}. Let $T(M)$ be the finite set of labels obtained by running that extractor on the five-environment domain $\mathcal E$ of Theo
8300	8316	theorem	thm:theorem-inventory-proofchecker-obstruction	Theorem-inventory proof-checker obstruction	subsection: Subordinate support-boundary ledger	proof=8318-8346	Let $\mathcal E$ be the five-environment domain \{\path{definition}, \path{lemma}, \path{proposition}, \path{theorem}, \path{corollary}\} in \path{main.tex}. The finite theorem-inventory support surface consisting of \path{theorem_inventory.json}, \path{theorem_inventory.md},
8348	8369	theorem	prop:manual-theorem-inventory-boundary	Theorem-inventory boundary	subsection: Subordinate support-boundary ledger	proof=8371-8398	This theorem retains the legacy cross-reference label \path{prop:manual-theorem-inventory-boundary} for compatibility with earlier acceptance-ledger entries; its environment category is \path{theorem}, not \path{proposition}. The file \path{theorem_inventory.json} is a theorem-ob
8400	8418	proposition	prop:regenerated-theorem-inventory-digest-closure	Regenerated theorem-inventory digest closure	subsection: Subordinate support-boundary ledger	proof=8420-8447	Suppose a theorem-inventory pass regenerates either \path{theorem_inventory.json} or \path{theorem_inventory.md} after the package has selected the exact-inclusion support branch. Then the final support-surface claims of Theorem~\ref{thm:final-support-surface-closure}, the submit
8449	8461	corollary	cor:current-theorem-inventory-digest-instance	Current theorem-inventory digest instance	subsection: Subordinate support-boundary ledger	proof=8463-8483	For the present local support package, after \path{theorem_inventory.json} and \path{theorem_inventory.md} have been regenerated, the submitted theorem-obligation ledger may be cited in Theorem~\ref{thm:theorem-obligation-ledger-boundary} only through the refreshed
8485	8505	proposition	prop:post-inventory-fixed-point-support-certificate	Post-inventory fixed-point support certificate	subsection: Subordinate support-boundary ledger	proof=8507-8540	In the present package state, the two regenerated theorem-inventory files are accepted by the exact-inclusion theorem-ledger chain only at the following finite fixed point: the rows of \path{review_bundle/FINAL_DIGESTS_SHA256.md} name \path{theorem_inventory.json} and \path{theor
8542	8573	theorem	thm:post-inventory-finite-record-realization	Finite-record post-inventory realization invariant	subsection: Subordinate support-boundary ledger	proof=8575-8620	Suppose the following finite records are present in the current source package and read by the declared theorem-ledger support schema: \begin{enumerate} \item \path{theorem_inventory.json} and \path{theorem_inventory.md}; \item a zero-exit log for \path{python review_bundle/extra
8622	8649	theorem	thm:theorem-obligation-ledger-boundary	Seven-row submitted theorem-obligation ledger integration	subsection: Subordinate support-boundary ledger	proof=8651-8692	Let $P^{+}_{7}$ be the seven-row support state obtained from $P^{+}_{6}$ by the conservative finite-record extension of Theorem~\ref{thm:nested-package-states}, namely by adding exactly the submitted theorem-ledger coordinate \path{a7}. In $P^{+}_{7}$, the theorem-obligation ledg
8694	8707	proposition	prop:post-inventory-support-tuple-extraction-certificate	Post-inventory support-tuple extraction certificate	subsection: Subordinate support-boundary ledger	proof=8709-8734	For the current source package, the theorem-ledger support tuple is accepted only in the post-inventory form consisting of \path{theorem_inventory.json}, \path{theorem_inventory.md}, \path{review_bundle/theorem_environment_extraction_run.log}, \path{review_bundle/current_package_
8736	8746	proposition	prop:submitted-theorem-inventory-availability	Submitted theorem-inventory availability	subsection: Subordinate support-boundary ledger	proof=8748-8760	If the external support-surface condition of Corollary~\ref{cor:upload-or-archive-instantiation-record} is satisfied, then \path{theorem_inventory.json} is an available submitted certificate coordinate for the bounded theorem-obligation ledger claim of Theorem~\ref{thm:theorem-ob
8762	8789	proposition	prop:submission-support-instantiation-field-normal-form	Submission-support instantiation field normal form	subsection: Subordinate support-boundary ledger	proof=8791-8816	For the current source package, the upload-or-archive support coordinate has the following complete finite field normal form: \begin{center} \small \begin{tabularx}{\textwidth}{p{0.29\textwidth}X} \toprule field & current value\\ \midrule support branch & conditional exact supple
8818	8836	corollary	cor:current-local-support-normal-form	Current local-support normal form	subsection: Subordinate support-boundary ledger	proof=8838-8871	For the current presentation package, the finite support state has exactly the following normal form. The theorem-inventory coordinate is accepted only through the post-regeneration digest-and-verifier fixed point of Proposition~\ref{prop:post-inventory-fixed-point-support-certif
8873	8894	proposition	audit:review-bundle-availability-condition	Review-bundle availability condition	subsection: Subordinate support-boundary ledger	proof=8898-8925	The final support mode selected for the current presentation package is exact supplemental inclusion of \path{review_bundle/}, conditional on the external instantiation record of Corollary~\ref{cor:upload-or-archive-instantiation-record}, as recorded in \path{review_bundle/FINAL_
8927	8938	proposition	audit:case-snapshot-non-rerun-boundary	Case-snapshot non-rerun boundary	subsection: Subordinate support-boundary ledger	proof=8942-8956	Under the hypotheses of Propositions~\ref{prop:path-complete-case-witnesses} and \ref{prop:review-bundle-case-snapshot-coverage}, the four case-study rows cannot be read as fresh dynamic-behavior claims. Any stronger reading asserting a fresh publication-daemon execution, full-so
8958	8976	theorem	thm:finite-row-case-evidence-closure	Finite-row closure of case evidence	subsection: Subordinate support-boundary ledger	proof=8978-9009	Let $C$ be the finite set of four case-study rows in Table~\ref{tab:case-witnesses}. Under Propositions~\ref{prop:path-complete-case-witnesses} and \ref{prop:review-bundle-case-snapshot-coverage}, the publication-safety interface accepts the case-study contribution exactly as the
9011	9021	corollary	cor:current-case-behaviour-evidence-criterion	Current case-behaviour evidence criterion	subsection: Subordinate support-boundary ledger	proof=9023-9044	The four case-study rows support current-behaviour claims only for the finite record-verifier commands that are explicitly listed in Table~\ref{tab:command-boundary-inventory}. They do not support current daemon, overlap-checker, fake-extension-pipeline, Rule110, GroundCompiler, 
9068	9090	proposition	audit:command-run-boundary-inventory	Command-run boundary inventory	subsection: Command-run boundary	proof=9094-9159	For the current presentation package, Table~\ref{tab:command-boundary-inventory} is complete for the command-boundary claims used by Proposition~\ref{prop:machine-readable-certificate-records}, Proposition~\ref{audit:review-bundle-availability-condition}, Theorem~\ref{thm:theorem
9161	9176	theorem	thm:post-edit-rerun-metadata-gate	Post-edit rerun metadata gate	subsection: Command-run boundary	proof=9178-9201	Let $I$ be the pair consisting of \path{theorem_inventory.json} and \path{theorem_inventory.md}, let $L$ be the tuple of retained extractor and finite-record verifier logs named in Table~\ref{tab:command-boundary-inventory}, and let $D$ be \path{review_bundle/FINAL_DIGESTS_SHA256
9203	9258	theorem	thm:final-local-support-state-reconciliation	Finite-record support-state reconciliation invariant	subsection: Command-run boundary	proof=9260-9349	For the source package after the present manuscript edits, the finite support state used by the publication-safety theorem chain is the following reconciled local state and no stronger one. First, the files \path{theorem_inventory.json} and \path{theorem_inventory.md} are accepte
9351	9418	theorem	thm:presentation-route-five-interface-sharpness	Supplement-level presentation-route five-interface sharpness	subsection: Command-run boundary	proof=9420-9497	For the CICM presentation-only package whose primary source is \path{submission_abstract.tex}, whose supplement is this file, and whose selected support directory is \path{review_bundle/}, the maximal claim certified by the present theorem chain is exactly the conjunction of the 
9499	9540	theorem	thm:presentation-route-stronger-reading-classifier	Supplement-level presentation-route stronger-reading classifier	subsection: Command-run boundary	proof=9542-9610	For the present CICM presentation-only package, every attempted stronger reading of the four flagged interface families is classified by the five-axis skeleton of Theorem~\ref{thm:presentation-route-five-interface-sharpness}, and the classifier is exact in the following sense.
9612	9632	theorem	thm:end-to-end-upgrade-decomposition-obstruction	End-to-end upgrade decomposition obstruction	subsection: Command-run boundary	proof=9634-9675	For the present CICM presentation-only package, an end-to-end workflow-correctness reading of the publication-safety theorem chain is accepted by the finite-record calculus if and only if it decomposes into the finite positive-coordinate budgets of Theorem~\ref{thm:presentation-r
9677	9699	corollary	cor:presentation-summary-non-escalation	Presentation-summary non-escalation	subsection: Command-run boundary	proof=9701-9735	Let \(s\) be a load-bearing sentence in the primary presentation source \path{submission_abstract.tex} or in an accompanying presentation abstract that summarizes Theorem~\ref{thm:publication-safety-interface}, Theorem~\ref{thm:current-package-certificate-exactness},
9737	9767	theorem	thm:submission-support-fixed-point-normal-form	Finite-record support-coordinate fixed-point normal form	subsection: Command-run boundary	proof=9769-9803	For the current source package, the support state for the three externalized claims in the publication-safety theorem chain is exactly the following finite normal form. This is a finite-record support lemma for the machine-checkable support coordinates used by the bounded audit i
9805	9822	theorem	thm:post-inventory-support-coordinate-dichotomy	Finite-record post-inventory support-coordinate dichotomy	subsection: Command-run boundary	proof=9824-9859	For the current presentation package there are exactly two possible support readings for any claim whose evidence surface names \path{theorem_inventory.json}, \path{theorem_inventory.md}, or a file under \path{review_bundle/}. If the ordered post-inventory pass of Theorem~\ref{th
9861	9879	proposition	prop:final-refreshed-coordinate-instantiation	Final refreshed-coordinate instantiation	subsection: Command-run boundary	proof=9881-9908	For the current dated local-readiness package, the local theorem-ledger coordinate of Theorem~\ref{thm:submission-support-fixed-point-normal-form} is instantiated by the finite tuple consisting of \path{theorem_inventory.json}, \path{theorem_inventory.md}, \path{review_bundle/the
9910	9946	theorem	thm:post-inventory-package-fixed-point	Finite-record post-inventory support-coordinate fixed point	subsection: Command-run boundary	proof=9948-10007	Let $P$ be the current local package state consisting of the manuscript source, \path{submission_abstract.tex}, \path{theorem_inventory.json}, \path{theorem_inventory.md}, and \path{review_bundle/}. Suppose that the following finite sequence is executed in the displayed order:
10009	10024	corollary	cor:current-post-inventory-realization	Current post-inventory realization	subsection: Command-run boundary	proof=10026-10044	Assume that the present source state contains the two submitted inventory files \path{theorem_inventory.json} and \path{theorem_inventory.md}. If, after those two files exist, the theorem-environment extractor, the retained finite-record verifiers, the retained dated venue/biblio
10046	10090	theorem	thm:current-inventory-artifact-realization	Finite-record current inventory support-coordinate realization	subsection: Command-run boundary	proof=10092-10136	For the present accepted source state, after the final theorem-inventory bytes for this manuscript have been accepted, suppose that the files \path{theorem_inventory.json} and \path{theorem_inventory.md} are present as finite package coordinates. Let $L$ be the retained finite-re
10138	10155	theorem	thm:current-command-result-closure	Finite-record current command-result closure	subsection: Command-run boundary	proof=10157-10182	Assume the current source package contains the accepted inventory files \path{theorem_inventory.json} and \path{theorem_inventory.md}. After those bytes exist, suppose that every command-result sentence retained for the submission state cites one of the command-boundary rows in
10184	10204	corollary	cor:current-post-inventory-support-tuple-instantiation	Current post-inventory support tuple instantiation	subsection: Command-run boundary	proof=10206-10234	In the current source package, after \path{theorem_inventory.json} and \path{theorem_inventory.md} have been written and while the theorem-ledger support schema reads only the declared extractor, verifier-log, and digest rows, the ordered tuple consisting of \path{theorem_invento
10236	10255	proposition	prop:current-round-six-verifier-support-realization	Current round-six verifier and support-coordinate realization	subsection: Command-run boundary	proof=10257-10291	For the current Stage--A round-six source state, the local theorem-ledger coordinate is instantiated by the finite tuple consisting of \path{theorem_inventory.json}, \path{theorem_inventory.md}, \path{review_bundle/theorem_environment_extraction_run.log}, \path{review_bundle/cert
10293	10311	corollary	cor:stable-replay-post-inventory-tuple	Byte-level stable replay criterion for the post-inventory tuple	subsection: Command-run boundary	proof=10313-10340	Let $S$ be a source state of the present presentation package in which the final accepted \path{theorem_inventory.json} and \path{theorem_inventory.md} exist. Suppose that the theorem-environment extractor, certificate-record verifier, source-interface verifier, and retained prim
10342	10356	proposition	prop:post-inventory-freshness-obstruction	Post-inventory freshness obstruction	subsection: Command-run boundary	proof=10358-10380	Let $S$ and $S'$ be two source states of the present package which differ in at least one byte of \path{theorem_inventory.json} or \path{theorem_inventory.md}. Suppose the theorem-environment extractor, certificate-record verifier, source-interface verifier, retained primary-clai
10382	10401	proposition	prop:three-coordinate-submission-support-closure	Three-coordinate submission-support closure	subsection: Command-run boundary	proof=10403-10445	In the present presentation-only package, the three source-support obligations consisting of the post-inventory theorem-obligation ledger, the dated venue/bibliography verification record, and the external support surface admit the following exact normal form. The theorem-obligat
10447	10466	corollary	cor:local-fixed-point-external-boundary	Local fixed point and external-support boundary	subsection: Command-run boundary	proof=10468-10496	Assume that the current source state contains \path{theorem_inventory.json} and \path{theorem_inventory.md}, that the theorem-environment extractor and the three retained finite-record verifiers are rerun after those inventory files exist, and that \path{review_bundle/FINAL_DIGES
10498	10518	proposition	prop:current-absence-external-support-surface-instantiation	Current absence of external support-surface instantiation	subsection: Command-run boundary	proof=10520-10553	For the present source package, the local post-inventory support coordinate of Corollary~\ref{cor:local-fixed-point-external-boundary} and the digest manifest \path{review_bundle/FINAL_DIGESTS_SHA256.md} do not instantiate the external support coordinate of Corollary~\ref{cor:upl
10555	10574	proposition	prop:final-support-coordinate-refresh-closure	Final support-coordinate refresh closure	subsection: Command-run boundary	proof=10576-10606	Fix the selected 2026--06--09 venue/bibliography coordinate \path{review_bundle/VENUE_BIBLIOGRAPHY_LIVE_CHECK_2026-06-09.log}. Suppose that, after the accepted bytes of \path{theorem_inventory.json} and \path{theorem_inventory.md} exist, the theorem-environment extractor,
10608	10626	corollary	cor:manifest-required-theorem-inventory-fixed-point	Manifest-required theorem-inventory fixed point	subsection: Command-run boundary	proof=10628-10654	Assume that \path{review_bundle/REVIEW_BUNDLE_MANIFEST.json} names \path{theorem_inventory.json} as the theorem-inventory coordinate and that the accepted package contains both \path{theorem_inventory.json} and \path{theorem_inventory.md}. Suppose further that, after those two fi
10656	10694	theorem	thm:four-coordinate-submission-support-skeleton	Finite-record four-coordinate submission-support skeleton	subsection: Command-run boundary	proof=10696-10765	For the current presentation-only package, every support reading used by the publication-safety theorem chain factors through the certificate-calculus spine of Theorem~\ref{thm:finite-record-certificate-calculus-spine} and then through exactly the following four finite coordinate
10767	10793	corollary	cor:final-local-fixed-point-external-normal-form	Final local fixed-point and external-support normal form	subsection: Command-run boundary	proof=10795-10827	Assume the post-inventory execution order of Theorem~\ref{thm:post-inventory-package-fixed-point} has been instantiated for the accepted bytes of \path{theorem_inventory.json} and \path{theorem_inventory.md}: the theorem-environment extractor and retained finite-record verifiers 
10829	10887	theorem	thm:current-package-no-free-upgrade-closure	Finite-record current-package no-free-upgrade closure	subsection: Command-run boundary	proof=10889-10976	In the present source state, the finite-record theorem chain has exactly the following terminal form. The local finite-record certificate level is available only for the rows named by the submitted support tuple of Theorem~\ref{thm:four-coordinate-submission-support-skeleton}, af
10978	10999	theorem	thm:terminal-five-coordinate-closure	Terminal five-coordinate closure for the presentation package	subsection: Command-run boundary	proof=11001-11050	For the CICM presentation-only source state, after the post-inventory rerun and digest regeneration required by Theorem~\ref{thm:post-inventory-package-fixed-point}, the finite-record theorem chain is closed in the following sharp sense. Every accepted load-bearing claim factors 
11052	11083	theorem	thm:five-issue-coordinate-normal-form	Five-issue coordinate normal form	subsection: Command-run boundary	proof=11085-11124	Let \(C\) be the current presentation-package claim set after the theorem inventory files have been accepted. Suppose the theorem-environment extractor, the retained certificate-record verifier, source-interface verifier, and primary-claim inventory verifier are rerun on those ac
11127	11143	corollary	cor:stage-a2-current-issue-coordinate-discharge	Stage--A2 issue-coordinate discharge	subsection: Command-run boundary	proof=11145-11168	For this round-one theoremization state, the five Stage--A2 issue labels have a single finite-record discharge. The label \path{missing:post-inventory-current-byte-closure} is discharged exactly by the post-inventory extractor, finite-record verifier, primary-claim verifier, and
11170	11199	corollary	cor:presentation-route-support-coordinate-normal-form	Presentation-route support-coordinate normal form	subsection: Command-run boundary	proof=11201-11242	For the presentation-only route of this source package, the four issue coordinates resolved by the terminal theorem chain have the following exact normal form. \begin{enumerate} \item The theorem-inventory support coordinate is present exactly when \path{theorem_inventory.json} a
