168	182	proposition	prop:final-package-shape-convention	Final package-shape convention	Problem and contribution	proof=True
211	228	theorem	thm:nested-package-states	Nested six-row and seven-row package states	Problem and contribution	proof=True
276	313	definition	def:architecture-axis-map	Architecture-axis map	Architecture	proof=False
315	329	proposition	prop:architecture-axis-non-escalation	Axis non-escalation	Architecture	proof=True
491	508	lemma	lem:source-interface-extraction-correctness	Manual bounded source-interface extraction correctness	Architecture	proof=True
530	546	proposition	prop:manual-source-interface-non-escalation	Manual source-interface non-escalation	Architecture	proof=True
573	586	proposition	prop:reviewable-source-snapshot-interface	Reviewable source-snapshot interface	Architecture	proof=True
603	632	proposition	prop:source-interface-record-file-consistency	Executable source-interface record comparison	Architecture	proof=True
670	699	theorem	thm:bounded-source-interface-maximality	Bounded source-interface maximality	Architecture	proof=True
735	748	corollary	cor:downstream-imported-label-bounded-factorization	Downstream imported-label use factors through bounded rows	Architecture	proof=True
769	787	theorem	thm:public-source-reachability-non-escalation	Public-source reachability non-escalation	Architecture	proof=True
823	837	corollary	cor:public-source-coordinate-exactness	Public-source coordinate exactness	Architecture	proof=True
861	881	theorem	thm:source-interface-semantic-completeness-obstruction	Source-interface semantic-completeness obstruction	Architecture	proof=True
919	935	proposition	prop:source-interface-evidence-level-separation	Source-interface evidence-level separation	Architecture	proof=True
1038	1217	definition	def:operational-acceptance-interface	Operational acceptance interface	Abstract finite-record interface	proof=False
1219	1249	definition	def:record-gate-soundness-external-interface	Record-gate soundness external interface	Abstract finite-record interface	proof=False
1251	1263	proposition	prop:record-gate-soundness-external-interface-exactness	Record-gate interface equivalence and non-claim boundary	Abstract finite-record interface	proof=True
1295	1317	definition	def:stronger-reading-preorder	Stronger-reading preorder	Abstract finite-record interface	proof=False
1319	1357	definition	def:certificate-schema-acceptance-table	Certificate-schema acceptance table	Abstract finite-record interface	proof=False
1359	1379	proposition	prop:finite-certificate-schema-verifier	Finite certificate schema verifier as a record check	Abstract finite-record interface	proof=True
1425	1459	theorem	thm:verifier-input-output-contract	Verifier input--predicate--output contract	Abstract finite-record interface	proof=True
1492	1510	theorem	thm:auditable-compiler-boundary-completeness	Auditable compiler-boundary completeness	Abstract finite-record interface	proof=True
1550	1586	theorem	thm:finite-verifier-normal-form	Executable-record verifier normal form	Abstract finite-record interface	proof=True
1626	1651	theorem	thm:record-acceptance-exactness	Schema-relative executable-record acceptance exactness	Abstract finite-record interface	proof=True
1686	1703	corollary	cor:executable-schema-exactness-negative-fixture	Executable schema exactness and negative fixture	Abstract finite-record interface	proof=True
1725	1746	theorem	thm:finite-coordinate-determination-boundary	Finite-coordinate determination and trust-boundary classifier	Abstract finite-record interface	proof=True
1787	1819	theorem	thm:record-interface-rigidity	Record-interface rigidity and refresh fixed point	Abstract finite-record interface	proof=True
1887	1913	theorem	thm:record-gate-implementation-overclaim-obstruction	Record-gate implementation overclaim obstruction	Abstract finite-record interface	proof=True
1956	1969	corollary	cor:finite-record-acceptance-not-implementation-soundness	Finite-record acceptance is not implementation soundness	Abstract finite-record interface	proof=True
1995	2025	proposition	prop:machine-readable-certificate-records	Machine-readable certificate records	Abstract finite-record interface	proof=True
2097	2120	theorem	thm:executable-record-non-escalation	Executable record non-escalation	Abstract finite-record interface	proof=True
2155	2179	theorem	thm:executable-certificate-construction-invariant	Executable certificate-construction invariant	Abstract finite-record interface	proof=True
2223	2230	proposition	prop:claim-kind-dispatch	Deterministic claim-kind dispatch	Abstract finite-record interface	proof=True
2244	2274	theorem	thm:mixed-claim-projection-obstruction	Mixed-claim projection obstruction	Abstract finite-record interface	proof=True
2307	2347	theorem	thm:concrete-finite-script-implementation-soundness	Concrete finite-script projection-contract boundary	Abstract finite-record interface	proof=True
2405	2408	corollary	cor:finite-script-rgs-instantiation-boundary	Finite-script projection instantiation boundary	Abstract finite-record interface	proof=True
2415	2444	theorem	thm:assigned-gate-soundness-audit-boundary	Assigned-gate soundness audit boundary	Abstract finite-record interface	proof=True
2484	2518	theorem	thm:six-coordinate-gate-implementation-soundness-skeleton	Six-coordinate gate-implementation soundness skeleton	Abstract finite-record interface	proof=True
2561	2585	theorem	thm:finite-certificate-obstruction-skeleton	Finite certificate obstruction skeleton	Abstract finite-record interface	proof=True
2662	2700	theorem	thm:finite-extension-budget-normal-form	Finite extension-budget normal form	Abstract finite-record interface	proof=True
2749	2778	theorem	thm:finite-record-certificate-calculus-spine	Finite-record certificate calculus spine	Abstract finite-record interface	proof=True
2826	2855	proposition	prop:publication-safety-dependency-normal-form	Dependency normal form for the publication-safety chain	Abstract finite-record interface	proof=True
2893	2898	proposition	prop:gate-interface-separation	Gate-interface separation	Abstract finite-record interface	proof=True
2917	2935	corollary	cor:human-promotion-daemon-active-track-separation	Human promotion is not daemon-visible active-track equivalence	Abstract finite-record interface	proof=True
2965	2978	proposition	prop:scheduler-selection-advisory	Scheduler selection is advisory before discovery gating	Abstract finite-record interface	proof=True
3046	3062	proposition	prop:publication-safety-minimal-bad-record-witness	Minimal bad-record witness for command-run escalation	Abstract finite-record interface	proof=True
3090	3162	theorem	thm:publication-safety-interface	Bounded software-audit interface under record-gate soundness	Abstract finite-record interface	proof=True
3223	3244	theorem	thm:gate-implementation-soundness-upgrade-obstruction	Gate implementation-soundness upgrade obstruction	Abstract finite-record interface	proof=True
3390	3419	theorem	thm:finite-record-certificate-rigidity	Finite-record certificate rigidity	Abstract finite-record interface	proof=True
3472	3527	theorem	thm:boundary-axis-non-escalation-exactness	Boundary-axis exact non-escalation	Abstract finite-record interface	proof=True
3608	3654	theorem	thm:mixed-interface-overclaim-skeleton	Mixed-interface overclaim skeleton	Abstract finite-record interface	proof=True
3714	3763	theorem	thm:presentation-scoped-boundary-normal-form	Package-local boundary normal form for the presentation package	Abstract finite-record interface	proof=True
3833	3881	theorem	thm:five-axis-upgrade-obstruction	Package-local five-axis upgrade obstruction	Abstract finite-record interface	proof=True
3943	4014	theorem	thm:current-boundary-skeleton-non-gluing	Current package-local boundary skeleton and non-gluing lower bound	Abstract finite-record interface	proof=True
4082	4110	proposition	prop:certificate-constructor-bad-subrecord-extractor	Certificate constructor and bad-subrecord extractor	Abstract finite-record interface	proof=True
4146	4165	proposition	prop:publication-safety-maximality	Finite-record maximality	Abstract finite-record interface	proof=True
4190	4214	corollary	cor:publication-safety-current-package-instance	Current-package bounded source-level audit instance	Abstract finite-record interface	proof=True
4239	4253	corollary	cor:finite-record-gate-soundness-boundary	Finite-record boundary for external gate soundness	Abstract finite-record interface	proof=True
4286	4322	theorem	thm:implementation-soundness-extension-criterion	Boundary extension criterion for implementation-soundness readings	Abstract finite-record interface	proof=True
4372	4392	corollary	cor:submitted-gate-implementation-contract-dichotomy	Submitted gate-implementation contract dichotomy	Abstract finite-record interface	proof=True
4421	4449	theorem	thm:external-interface-projection-no-free-upgrade	External-interface projection and no-free-implementation upgrade	Abstract finite-record interface	proof=True
4521	4560	proposition	prop:current-package-acceptance-certificate-ledger	Current-package acceptance and certificate ledger	Primary-claim inventory audit	proof=True
4631	4699	theorem	thm:current-package-certificate-exactness	Current-package bounded schema-relative certificate exactness	Current-package instantiation	proof=True
4789	4811	theorem	thm:manual-ledger-dependence-boundary	Ledger dependence and semantic extractor-completeness boundary	Current-package instantiation	proof=True
4868	4884	corollary	cor:row-frozen-current-package-invariance	Row-frozen current-package invariance	Current-package instantiation	proof=True
4910	4946	theorem	thm:current-package-extension-coordinate-rigidity	Current-package extension-coordinate rigidity	Current-package instantiation	proof=True
5003	5028	theorem	thm:current-package-semantic-non-escalation	Current-package semantic non-escalation	Current-package instantiation	proof=True
5069	5116	theorem	thm:named-boundary-positive-coordinate-classification	Named boundary positive-coordinate classification	Current-package instantiation	proof=True
5179	5210	corollary	cor:current-package-path-verified-instantiation	Current package path-verified instantiation	Current-package instantiation	proof=True
5282	5293	lemma	lem:gate-witness-criterion	Gate-witness criterion	Case-study witness protocol	proof=True
5307	5331	proposition	prop:path-complete-case-witnesses	Path-complete case witnesses	Case-study witness protocol	proof=True
5435	5453	proposition	prop:review-bundle-case-snapshot-coverage	Review-bundle case-snapshot coverage	Case studies	proof=True
5494	5525	theorem	thm:case-witness-skeleton-rigidity	Case-witness skeleton rigidity	Case studies	proof=True
5637	5661	proposition	audit:fresh-venue-record-criterion	Fresh venue-record criterion	Primary--supplement interface	proof=True
5688	5704	theorem	thm:venue-rule-freshness-non-escalation	Venue-rule freshness non-escalation	Primary--supplement interface	proof=True
5734	5748	corollary	cor:historical-venue-record-non-escalation	Historical venue record non-escalation	Primary--supplement interface	proof=True
5764	5788	corollary	cor:upload-time-venue-compliance-record-requirement	Upload-time venue-compliance record requirement	Primary--supplement interface	proof=True
5813	5830	proposition	prop:dated-venue-record-instantiation	Dated venue-record instantiation	Primary--supplement interface	proof=True
5864	5884	proposition	audit:venue-submission-pack-gate	Venue-submission pack gate	Primary--supplement interface	proof=True
5935	5945	proposition	audit:submission-artifact-role-separation	Submission artifact role separation	Primary--supplement interface	proof=True
6027	6050	proposition	prop:formal-source-gate-instantiation	Formal-source gate instantiation	Primary--supplement interface	proof=True
6094	6105	theorem	thm:formal-source-promotion-obstruction	Formal-source promotion obstruction	Primary--supplement interface	proof=True
6135	6160	theorem	thm:evidence-level-overclaim-obstruction	Evidence-level overclaim obstruction	Primary--supplement interface	proof=True
6210	6267	theorem	thm:finite-witness-manifest-record-interface	Finite-witness manifest-bounded record interface	Primary--supplement interface	proof=True
6330	6343	proposition	prop:artifact-validation-gate-unique-semantic-upgrade	Artifact-validation gate is the unique semantic upgrade	Primary--supplement interface	proof=True
6369	6399	corollary	cor:artifact-semantic-validity-boundary	Artifact semantic-validity boundary for finite witnesses	Primary--supplement interface	proof=True
6444	6476	theorem	thm:three-boundary-upgrade-sharpness	Three-boundary upgrade sharpness	Primary--supplement interface	proof=True
6569	6583	theorem	thm:primary-to-support-dependency-completeness	Primary-to-support dependency completeness	Primary--supplement interface	proof=True
6637	6653	proposition	prop:primary-claim-row-classification	Primary-claim conditional inventory-audit classification	Primary--supplement interface	proof=True
6702	6740	proposition	prop:primary-inventory-freshness-criterion	Primary-inventory freshness criterion	Primary--supplement interface	proof=True
6774	6786	proposition	prop:primary-supplement-interface-map	Primary--supplement interface map	Primary--supplement interface	proof=True
7021	7034	theorem	thm:exact-inclusion-support-surface-realization	Finite-record support invariant: exact-inclusion support surface	Subordinate support-boundary ledger	proof=True
7065	7084	theorem	thm:public-branch-archive-equivalent-realization	Finite-record support invariant: public branch locator criterion	Subordinate support-boundary ledger	proof=True
7127	7149	corollary	cor:submission-time-support-instantiation-test	Submission-time support instantiation test	Subordinate support-boundary ledger	proof=True
7181	7200	theorem	thm:final-support-surface-closure	Finite-record support invariant: final support-surface closure	Subordinate support-boundary ledger	proof=True
7305	7331	theorem	thm:workspace-final-package-reconciliation	Workspace-to-final-package reconciliation	Subordinate support-boundary ledger	proof=True
7398	7424	theorem	thm:support-surface-normal-form	Finite-record support invariant: bundle-backed normal form	Subordinate support-boundary ledger	proof=True
7465	7496	theorem	thm:support-surface-invariant-compression	Finite-record support invariant compression	Subordinate support-boundary ledger	proof=True
7530	7548	theorem	thm:upload-or-archive-instantiation-boundary	Finite-record upload-boundary invariant	Subordinate support-boundary ledger	proof=True
7573	7584	corollary	cor:upload-or-archive-instantiation-record	Upload-or-archive instantiation record	Subordinate support-boundary ledger	proof=True
7596	7610	proposition	prop:no-external-instantiation-from-local-bundle-records	No external instantiation from local bundle records	Subordinate support-boundary ledger	proof=True
7638	7681	proposition	prop:upload-or-archive-instantiation-update-protocol	Upload-or-archive instantiation update protocol	Subordinate support-boundary ledger	proof=True
7727	7752	corollary	cor:current-no-receipt-support-surface-non-escalation	Current no-receipt support-surface non-escalation	Subordinate support-boundary ledger	proof=True
7780	7791	corollary	cor:fresh-inventory-digest-instance-this-source-state	Fresh inventory digest instance for this source state	Subordinate support-boundary ledger	proof=True
7812	7841	theorem	thm:digest-closure-refresh-criterion	Finite-record digest-refresh invariant for final package claims	Subordinate support-boundary ledger	proof=True
7881	7904	theorem	thm:submission-support-refresh-rigidity	Finite-record submission-support refresh invariant	Subordinate support-boundary ledger	proof=True
7953	7968	proposition	prop:primary-architectural-fallback-without-external-support	Primary architectural fallback without external support	Subordinate support-boundary ledger	proof=True
8019	8036	theorem	thm:deterministic-theorem-environment-extractor-boundary	Deterministic theorem-environment extractor boundary	Subordinate support-boundary ledger	proof=True
8066	8086	theorem	thm:extractor-domain-exactness-non-gluing	Extractor-domain exactness and non-gluing	Subordinate support-boundary ledger	proof=True
8127	8152	theorem	thm:final-byte-extractor-inventory-inclusion	Final-byte extractor inventory inclusion	Subordinate support-boundary ledger	proof=True
8197	8213	theorem	thm:theorem-inventory-proofchecker-obstruction	Theorem-inventory proof-checker obstruction	Subordinate support-boundary ledger	proof=True
8245	8266	theorem	prop:manual-theorem-inventory-boundary	Theorem-inventory boundary	Subordinate support-boundary ledger	proof=True
8297	8315	proposition	prop:regenerated-theorem-inventory-digest-closure	Regenerated theorem-inventory digest closure	Subordinate support-boundary ledger	proof=True
8346	8358	corollary	cor:current-theorem-inventory-digest-instance	Current theorem-inventory digest instance	Subordinate support-boundary ledger	proof=True
8382	8402	proposition	prop:post-inventory-fixed-point-support-certificate	Post-inventory fixed-point support certificate	Subordinate support-boundary ledger	proof=True
8439	8470	theorem	thm:post-inventory-finite-record-realization	Finite-record post-inventory realization invariant	Subordinate support-boundary ledger	proof=True
8519	8546	theorem	thm:theorem-obligation-ledger-boundary	Seven-row submitted theorem-obligation ledger integration	Subordinate support-boundary ledger	proof=True
8591	8604	proposition	prop:post-inventory-support-tuple-extraction-certificate	Post-inventory support-tuple extraction certificate	Subordinate support-boundary ledger	proof=True
8633	8643	proposition	prop:submitted-theorem-inventory-availability	Submitted theorem-inventory availability	Subordinate support-boundary ledger	proof=True
8659	8686	proposition	prop:submission-support-instantiation-field-normal-form	Submission-support instantiation field normal form	Subordinate support-boundary ledger	proof=True
8715	8733	corollary	cor:current-local-support-normal-form	Current local-support normal form	Subordinate support-boundary ledger	proof=True
8770	8791	proposition	audit:review-bundle-availability-condition	Review-bundle availability condition	Subordinate support-boundary ledger	proof=True
8824	8835	proposition	audit:case-snapshot-non-rerun-boundary	Case-snapshot non-rerun boundary	Subordinate support-boundary ledger	proof=True
8855	8873	theorem	thm:finite-row-case-evidence-closure	Finite-row closure of case evidence	Subordinate support-boundary ledger	proof=True
8908	8918	corollary	cor:current-case-behaviour-evidence-criterion	Current case-behaviour evidence criterion	Subordinate support-boundary ledger	proof=True
8965	8987	proposition	audit:command-run-boundary-inventory	Command-run boundary inventory	Command-run boundary	proof=True
9058	9073	theorem	thm:post-edit-rerun-metadata-gate	Post-edit rerun metadata gate	Command-run boundary	proof=True
9100	9155	theorem	thm:final-local-support-state-reconciliation	Finite-record support-state reconciliation invariant	Command-run boundary	proof=True
9248	9315	theorem	thm:presentation-route-five-interface-sharpness	Supplement-level presentation-route five-interface sharpness	Command-run boundary	proof=True
9396	9437	theorem	thm:presentation-route-stronger-reading-classifier	Supplement-level presentation-route stronger-reading classifier	Command-run boundary	proof=True
9509	9529	theorem	thm:end-to-end-upgrade-decomposition-obstruction	End-to-end upgrade decomposition obstruction	Command-run boundary	proof=True
9574	9596	corollary	cor:presentation-summary-non-escalation	Presentation-summary non-escalation	Command-run boundary	proof=True
9634	9664	theorem	thm:submission-support-fixed-point-normal-form	Finite-record support-coordinate fixed-point normal form	Command-run boundary	proof=True
9702	9719	theorem	thm:post-inventory-support-coordinate-dichotomy	Finite-record post-inventory support-coordinate dichotomy	Command-run boundary	proof=True
9758	9776	proposition	prop:final-refreshed-coordinate-instantiation	Final refreshed-coordinate instantiation	Command-run boundary	proof=True
9807	9843	theorem	thm:post-inventory-package-fixed-point	Finite-record post-inventory support-coordinate fixed point	Command-run boundary	proof=True
9906	9921	corollary	cor:current-post-inventory-realization	Current post-inventory realization	Command-run boundary	proof=True
9943	9987	theorem	thm:current-inventory-artifact-realization	Finite-record current inventory support-coordinate realization	Command-run boundary	proof=True
10035	10052	theorem	thm:current-command-result-closure	Finite-record current command-result closure	Command-run boundary	proof=True
10081	10101	corollary	cor:current-post-inventory-support-tuple-instantiation	Current post-inventory support tuple instantiation	Command-run boundary	proof=True
10133	10151	corollary	cor:stable-replay-post-inventory-tuple	Byte-level stable replay criterion for the post-inventory tuple	Command-run boundary	proof=True
10182	10196	proposition	prop:post-inventory-freshness-obstruction	Post-inventory freshness obstruction	Command-run boundary	proof=True
10222	10241	proposition	prop:three-coordinate-submission-support-closure	Three-coordinate submission-support closure	Command-run boundary	proof=True
10287	10306	corollary	cor:local-fixed-point-external-boundary	Local fixed point and external-support boundary	Command-run boundary	proof=True
10338	10358	proposition	prop:current-absence-external-support-surface-instantiation	Current absence of external support-surface instantiation	Command-run boundary	proof=True
10395	10414	proposition	prop:final-support-coordinate-refresh-closure	Final support-coordinate refresh closure	Command-run boundary	proof=True
10448	10486	theorem	thm:four-coordinate-submission-support-skeleton	Finite-record four-coordinate submission-support skeleton	Command-run boundary	proof=True
10559	10585	corollary	cor:final-local-fixed-point-external-normal-form	Final local fixed-point and external-support normal form	Command-run boundary	proof=True
10621	10679	theorem	thm:current-package-no-free-upgrade-closure	Finite-record current-package no-free-upgrade closure	Command-run boundary	proof=True
10770	10799	corollary	cor:presentation-route-support-coordinate-normal-form	Presentation-route support-coordinate normal form	Command-run boundary	proof=True
