001	proposition	prop:final-package-shape-convention	L176-195	proof=True	sec=Problem and contribution	Final package-shape convention
    For the current presentation package there is a single source-level package shape. The primary article is submission_abstract.tex ; the selected technical supplement is main.tex ; the selected bounded theorem-obligation ledger consists of theorem_inventory.jso
002	theorem	thm:nested-package-states	L225-242	proof=True	sec=Problem and contribution	Nested six-row and seven-row package states
    Let $P^{+}_{6}$ denote the current row-frozen certificate state whose accepted rows are exactly $a_1, ,a_6$ in Table~ tab:current-acceptance-ledger . Let $P^{+}_{7}$ denote the enlarged submitted support state obtained by adjoining the single theorem-ledger ro
003	definition	def:architecture-axis-map	L290-327	proof=False	sec=Architecture	Architecture-axis map
    The compiler architecture uses five disjoint evidence axes. An accepted claim may read evidence from an axis only at the admissible evidence level shown in the displayed axis map; the negative boundary in the last column is part of the claim certificate and ca
004	proposition	prop:architecture-axis-non-escalation	L329-343	proof=True	sec=Architecture	Axis non-escalation
    In any record-gate-sound package using Definition~ def:architecture-axis-map , passage or evidence on one architecture axis cannot certify a load-bearing claim whose claim kind requires another axis. More precisely, if a claim certificate uses an axis $A$ but 
005	lemma	lem:source-interface-extraction-correctness	L505-522	proof=True	sec=Architecture	Manual bounded source-interface extraction correctness
    For the pinned newmath repository path papers/bedc/parts/visions/audit_map_methodology/automated_theory_discovery_pipeline_calculus.tex at commit 3fb3d6a0641767388a401883062aa522ea0b397b , Table~ tab:source-interface-record is the complete imported interface u
006	proposition	prop:manual-source-interface-non-escalation	L544-560	proof=True	sec=Architecture	Manual source-interface non-escalation
    Let $I$ be the imported discovery-gate interface certified by Lemma~ lem:source-interface-extraction-correctness . Any later use of an imported source label in this paper is a consequence of $I$ only if it is a function of the finite fields recorded in Table~ 
007	proposition	prop:reviewable-source-snapshot-interface	L587-600	proof=True	sec=Architecture	Reviewable source-snapshot interface
    The imported discovery-gate spine used in the finite-record interface theorem, Theorem~ thm:publication-safety-interface , has a reviewer-facing source interface. Namely, the tuple consisting of the pinned local source path, commit 3fb3d6a0641767388a401883062a
008	proposition	prop:source-interface-record-file-consistency	L617-646	proof=True	sec=Architecture	Executable source-interface record comparison
    The source-interface table, its JSON mirror, and the bundled source snapshot give one record-level imported discovery-gate interface for the finite-record interface theorem, Theorem~ thm:publication-safety-interface . The record fields are as follows: the sour
009	theorem	thm:bounded-source-interface-maximality	L684-713	proof=True	sec=Architecture	Bounded source-interface maximality
    Let $I_{ man}$ be the manual imported-source interface of Lemma~ lem:source-interface-extraction-correctness , and let $I_{ exe}$ be the executable finite comparison of Proposition~ prop:source-interface-record-file-consistency . In the finite-record safety in
010	corollary	cor:downstream-imported-label-bounded-factorization	L749-762	proof=True	sec=Architecture	Downstream imported-label use factors through bounded rows
    Every load-bearing occurrence in this manuscript of an imported discovery-gate label from Table~ tab:source-interface-record factors through the bounded source-interface certificate of Theorem~ thm:bounded-source-interface-maximality . Hence a downstream proof
011	theorem	thm:public-source-reachability-non-escalation	L783-801	proof=True	sec=Architecture	Public-source reachability non-escalation
    In the current source package, the citation bedc-newmath-source and the commit string 3fb3d6a0641767388a401883062aa522ea0b397b serve only as the public-source coordinate for the imported newmath workspace. The load-bearing source-interface premise used by Theo
012	corollary	cor:public-source-coordinate-exactness	L837-851	proof=True	sec=Architecture	Public-source coordinate exactness
    For the present source package, any load-bearing statement containing the public source citation bedc-newmath-source and the pinned commit 3fb3d6a0641767388a401883062aa522ea0b397b factors through exactly the bounded coordinates of Theorem~ thm:public-source-re
013	theorem	thm:source-interface-semantic-completeness-obstruction	L875-895	proof=True	sec=Architecture	Source-interface semantic-completeness obstruction
    Under the source-interface surface certified by Lemma~ lem:source-interface-extraction-correctness and Theorem~ thm:bounded-source-interface-maximality , every accepted imported discovery-gate premise factors through the five finite fields listed in Theorem~ t
014	proposition	prop:source-interface-evidence-level-separation	L933-949	proof=True	sec=Architecture	Source-interface evidence-level separation
    Let $r$ be any accepted manuscript claim whose discovery component cites one of the imported labels in Table~ tab:source-interface-record . If $r$ uses only Lemma~ lem:source-interface-extraction-correctness , then the imported-label premise of $r$ is accepted
015	definition	def:operational-acceptance-interface	L1024-1203	proof=False	sec=Abstract finite-record interface	Operational acceptance interface
    A claim is a manuscript assertion that can affect a mathematical, artifact, route, or submission decision. A load-bearing claim is a claim whose removal would change a theorem statement, a case-study conclusion, or the submission-readiness status. An advisory 
016	definition	def:record-gate-soundness-external-interface	L1205-1235	proof=False	sec=Abstract finite-record interface	Record-gate soundness external interface
    The external record-gate interface for a package is the finite predicate \[ RGS _{S}(P,L, ) \] with the following inputs and outputs. Its inputs are exactly a package $P$, a submitted support surface $S$, a finite acceptance ledger $L$, and the deterministic c
017	proposition	prop:record-gate-soundness-external-interface-exactness	L1237-1249	proof=True	sec=Abstract finite-record interface	Record-gate interface equivalence and non-claim boundary
    For the operational acceptance interface of Definition~ def:operational-acceptance-interface , the standalone interface in Definition~ def:record-gate-soundness-external-interface is equivalent to the predicate $ RGS _{S}(P,L, )$ used in the publication-safety
018	definition	def:stronger-reading-preorder	L1281-1303	proof=False	sec=Abstract finite-record interface	Stronger-reading preorder
    Fix the dispatch table $ $ and certificate tuple $ C(c)=(K, ,E,H,R,D,B)$ of Definition~ def:operational-acceptance-interface . A proposed reading $c^{+}$ of the same prose claim is record-stronger than $c$, written $c _{ } c^{+}$, if at least one of the follow
019	definition	def:certificate-schema-acceptance-table	L1305-1343	proof=False	sec=Abstract finite-record interface	Certificate-schema acceptance table
    Fix the seven-kind dispatch table $ $ of Definition~ def:operational-acceptance-interface . The verifier input for a load-bearing claim $c$ is the following finite record type: \[ C(c)= \{K, ,E,H,R,D,B\}. \] Its typed fields are these and only these: $K$ is a 
020	proposition	prop:finite-certificate-schema-verifier	L1345-1365	proof=True	sec=Abstract finite-record interface	Finite certificate schema verifier as a record check
    For every load-bearing manuscript claim $c$ whose component kinds lie in the seven-kind domain, $V(c, C)$ is a finite, prose-insensitive record-schema verifier for the declared publication certificate. The submitted package instantiates $V$ by the script revie
021	theorem	thm:verifier-input-output-contract	L1411-1445	proof=True	sec=Abstract finite-record interface	Verifier input--predicate--output contract
    The verifier interface used by the publication-safety theorem is exactly the following finite mathematical-software contract. Its input is a pair $(c, C(c))$, where $c$ is a load-bearing manuscript claim and \( C(c)=(K, ,E,H,R,D,B)\) is the certificate record 
022	theorem	thm:auditable-compiler-boundary-completeness	L1478-1496	proof=True	sec=Abstract finite-record interface	Auditable compiler-boundary completeness
    For the architecture of Definition~ def:architecture-axis-map and the finite verifier of Theorem~ thm:verifier-input-output-contract , the software contribution certified by Theorem~ thm:publication-safety-interface is exactly the following compiler-boundary p
023	theorem	thm:finite-verifier-normal-form	L1536-1572	proof=True	sec=Abstract finite-record interface	Executable-record verifier normal form
    Fix the dispatch table $ $, the submitted support surface $S$, and the finite certificate schema of Definition~ def:certificate-schema-acceptance-table . There is a deterministic verifier \[ Check _{ ,S}(c,K, ,E,H,R,D,B) \] with the following presentation-laye
024	theorem	thm:record-acceptance-exactness	L1612-1637	proof=True	sec=Abstract finite-record interface	Schema-relative executable-record acceptance exactness
    Fix the seven-kind dispatch table $ $, the two evidence levels, and the typed certificate tuple $ C(c)=(K, ,E,H,R,D,B)$ of Definition~ def:certificate-schema-acceptance-table . For every load-bearing claim $c$ and every finite candidate certificate $ C(c)$, th
025	corollary	cor:executable-schema-exactness-negative-fixture	L1672-1689	proof=True	sec=Abstract finite-record interface	Executable schema exactness and negative fixture
    Under the hypotheses and fixed schema of Theorem~ thm:record-acceptance-exactness , the executable verifier instance review_bundle/verify_certificate_records.py is a finite witness of the same schema-relative relation, not an additional semantic oracle. On the
026	theorem	thm:finite-coordinate-determination-boundary	L1711-1732	proof=True	sec=Abstract finite-record interface	Finite-coordinate determination and trust-boundary classifier
    Fix the dispatch table $ $ and the verifier $V$. Let $F_{ }$ be the finite schema projection read by $V$ from a certificate record, namely the claim-kind set, declared evidence level, evidence surface, promotion field, gate-pass rows, discovery-source rows, co
027	theorem	thm:record-interface-rigidity	L1773-1805	proof=True	sec=Abstract finite-record interface	Record-interface rigidity and refresh fixed point
    Fix a package $P$, submitted support surface $S$, finite ledger $L$, dispatch table $ $, and certificate tuple $ C(c)=(K, ,E,H,R,D,B)$ for each accepted load-bearing claim $c L$. Let $ _{ ,S}(P,L)$ be the finite projection consisting of the tuple fields $(K, ,
028	theorem	thm:record-gate-implementation-overclaim-obstruction	L1873-1893	proof=True	sec=Abstract finite-record interface	Record-gate implementation overclaim obstruction
    The hypotheses of Theorem~ thm:publication-safety-interface and the fixed point of Theorem~ thm:record-interface-rigidity determine finite certificate construction under the external record-gate interface \( RGS _{S}(P,L, )\), but they do not determine correct
029	corollary	cor:finite-record-acceptance-not-implementation-soundness	L1929-1942	proof=True	sec=Abstract finite-record interface	Finite-record acceptance is not implementation soundness
    The acceptance and fixed-point conclusions of Theorem~ thm:record-interface-rigidity and Theorem~ thm:record-gate-implementation-overclaim-obstruction are finite record conclusions only. They do not imply Lean rebuild success, BEDC source-tree rebuild success,
030	proposition	prop:machine-readable-certificate-records	L1968-1998	proof=True	sec=Abstract finite-record interface	Machine-readable certificate records
    For the current presentation package, the finite record checker $V$ of Proposition~ prop:finite-certificate-schema-verifier , with the record-acceptance semantics of Theorem~ thm:record-acceptance-exactness , has an executable record-level instance over the re
031	theorem	thm:executable-record-non-escalation	L2070-2093	proof=True	sec=Abstract finite-record interface	Executable record non-escalation
    Let $F$ be the finite field projection read by review_bundle/verify_certificate_records.py : manifest-field presence, entries $a_1$--$a_6$, claim-kind membership, evidence-level membership, assigned-gate coverage, pass-record fields, evidence-level agreement, 
032	theorem	thm:executable-certificate-construction-invariant	L2128-2152	proof=True	sec=Abstract finite-record interface	Executable certificate-construction invariant
    For the submitted review bundle, let $G$ be the union of the finite fields read by the two executable verifiers review_bundle/verify_source_interface_record.py and review_bundle/verify_certificate_records.py . Thus $G$ contains the ten source-interface table t
033	proposition	prop:claim-kind-dispatch	L2196-2203	proof=True	sec=Abstract finite-record interface	Deterministic claim-kind dispatch
    For every load-bearing manuscript claim whose kind lies in the seven-kind domain above, $ $ assigns a unique finite set of deterministic gates. In a pipeline that is record-gate-sound for acceptance, a mixed load-bearing claim may be used as accepted work only
034	theorem	thm:mixed-claim-projection-obstruction	L2217-2247	proof=True	sec=Abstract finite-record interface	Mixed-claim projection obstruction
    Let $c$ be a load-bearing mixed claim with nonempty component-kind set $K Dom ( )$ and submitted candidate certificate $ C(c)=(K, ,E,H,R,D,B)$. For a nonempty subset $J K$, write \[ G_J= _{k J} (k) \] and let $c_J$ denote the projected reading of $c$ that keep
035	theorem	thm:concrete-finite-script-implementation-soundness	L2280-2320	proof=True	sec=Abstract finite-record interface	Concrete finite-script projection-contract boundary
    Let $S$ be the submitted support surface containing review_bundle/certificate_schema.json , review_bundle/current_package_pass_records.json , review_bundle/submission_interface_map.json , review_bundle/primary_claim_inventory.json , source_interface_record.jso
036	corollary	cor:finite-script-rgs-instantiation-boundary	L2378-2381	proof=True	sec=Abstract finite-record interface	Finite-script projection instantiation boundary
    Assume the hypotheses of Theorem~ thm:concrete-finite-script-implementation-soundness and suppose the submitted command-run records for the four named scripts have exit code $0$. Then the only command-run coordinate instantiated for those scripts is the schema
037	theorem	thm:assigned-gate-soundness-audit-boundary	L2388-2417	proof=True	sec=Abstract finite-record interface	Assigned-gate soundness audit boundary
    Let $P$ be a finite submitted package with pass-record ledger $L$, dispatch table $ $, and submitted support surface $S$. For a load-bearing claim $c$, write $G(c)= _{k K(c)} (k)$ for the finite set of gates assigned to its claim-kind set. The package may use 
038	theorem	thm:finite-certificate-obstruction-skeleton	L2457-2481	proof=True	sec=Abstract finite-record interface	Finite certificate obstruction skeleton
    Let $c$ be a load-bearing manuscript claim whose component kinds lie in the seven-kind domain. The verifier of Proposition~ prop:finite-certificate-schema-verifier gives the following complete audit classification at the declared evidence level. A certificate 
039	theorem	thm:finite-extension-budget-normal-form	L2558-2596	proof=True	sec=Abstract finite-record interface	Finite extension-budget normal form
    Fix the dispatch table $ $, the finite certificate schema, and an accepted finite certificate \( C(c)=(K, ,E,H,R,D,B)\) for a load-bearing package claim $c$. Let $c^{+}$ be a proposed stronger reading of the same row which is not record-equivalent to $c$ in th
040	theorem	thm:finite-record-certificate-calculus-spine	L2645-2674	proof=True	sec=Abstract finite-record interface	Finite-record certificate calculus spine
    Fix a submitted surface $S$, acceptance ledger $L$, dispatch table $ $, and schema verifier $V$ as in Theorem~ thm:publication-safety-interface . For the presentation-only route, every load-bearing support assertion used by the publication-safety theorem chain
041	proposition	prop:publication-safety-dependency-normal-form	L2722-2751	proof=True	sec=Abstract finite-record interface	Dependency normal form for the publication-safety chain
    Let $c$ be a load-bearing claim whose certificate \( Cert _{ }(c)= C(c)=(K, ,E,H,R,D,B)\) is constructed by the finite schema verifier from the submitted surface $S$, ledger $L$, and dispatch table $ $. Then every use of the publication-safety interface in the
042	proposition	prop:gate-interface-separation	L2789-2794	proof=True	sec=Abstract finite-record interface	Gate-interface separation
    The promotion, overlap, submission-state, and theorem-content delta gates are separate deterministic interfaces. None can be replaced by passage of another one when a load-bearing claim has the corresponding component.
043	corollary	cor:human-promotion-daemon-active-track-separation	L2813-2831	proof=True	sec=Abstract finite-record interface	Human promotion is not daemon-visible active-track equivalence
    In the operational interface of Definition~ def:operational-acceptance-interface , a human-promotion record and daemon-visible active-paper markers are not interchangeable certificate fields. More precisely, let $c$ be any route-boundary claim whose accepted c
044	proposition	prop:scheduler-selection-advisory	L2861-2874	proof=True	sec=Abstract finite-record interface	Scheduler selection is advisory before discovery gating
    Let $s$ be a scheduler or critical-path score attached to a candidate claim $c$. If $s$ recommends selecting $c$, then the recommendation is a work-selection claim and by itself can only pass the scheduler gate. If $c$ is also asserted to be a discovery or cla
045	proposition	prop:publication-safety-minimal-bad-record-witness	L2938-2954	proof=True	sec=Abstract finite-record interface	Minimal bad-record witness for command-run escalation
    In the operational interface of Definition~ def:operational-acceptance-interface , let $r$ be a submitted claim record whose claim-kind set is \{route\}, whose evidence level is declared to be command-run, and whose boundary field contains no command-run tuple
046	theorem	thm:publication-safety-interface	L2982-3087	proof=False	sec=Abstract finite-record interface	Bounded software-audit interface under record-gate soundness
    Consider a theory-to-paper pipeline with the operational interface above and a finite submitted record surface consisting only of the manuscript source, printed tables, submitted manifests, uploaded review-bundle records, recorded logs, and explicitly declared
047	theorem	thm:gate-implementation-soundness-upgrade-obstruction	L3089-3110	proof=True	sec=Abstract finite-record interface	Gate implementation-soundness upgrade obstruction
    Let $c$ be a claim accepted by Theorem~ thm:publication-safety-interface through the record-gate-soundness hypothesis, and let $c^{ impl }$ be a proper strengthening asserting implementation soundness of one or more concrete gate programs used to construct or 
048	theorem	thm:finite-record-certificate-rigidity	L3256-3285	proof=True	sec=Abstract finite-record interface	Finite-record certificate rigidity
    Fix the finite submitted record surface $S$, acceptance ledger $L$, dispatch table $ $, and schema verifier $V$ used in Theorem~ thm:publication-safety-interface . Assume the same record-gate soundness and source-interface hypotheses as that theorem. For every
049	theorem	thm:boundary-axis-non-escalation-exactness	L3338-3393	proof=True	sec=Abstract finite-record interface	Boundary-axis exact non-escalation
    Assume the hypotheses of Theorem~ thm:publication-safety-interface , and let \(c\) be any load-bearing claim accepted by the finite certificate constructed there. The following five stronger readings of \(c\), when they are not already record-equivalent to \(c
050	theorem	thm:mixed-interface-overclaim-skeleton	L3474-3520	proof=True	sec=Abstract finite-record interface	Mixed-interface overclaim skeleton
    Assume the hypotheses of Theorem~ thm:publication-safety-interface . Let $c$ be an accepted load-bearing claim whose proof uses one or more of the following interface families: record-gate passage, bounded source-interface import, current-package ledger rows, 
051	theorem	thm:presentation-scoped-boundary-normal-form	L3580-3629	proof=True	sec=Abstract finite-record interface	Package-local boundary normal form for the presentation package
    Assume the submitted package is evaluated only through the finite-record interface of Theorem~ thm:publication-safety-interface . Then every accepted load-bearing claim using one of the five interface components below has the stated maximal bounded reading, an
052	theorem	thm:five-axis-upgrade-obstruction	L3699-3747	proof=True	sec=Abstract finite-record interface	Package-local five-axis upgrade obstruction
    Assume the hypotheses of Theorem~ thm:publication-safety-interface . Let $c$ be an accepted load-bearing claim in this presentation package, evaluated with this paper's finite schema, submitted support surface, dispatch table $ $, and boundary axis map, whose 
053	theorem	thm:current-boundary-skeleton-non-gluing	L3809-3880	proof=True	sec=Abstract finite-record interface	Current package-local boundary skeleton and non-gluing lower bound
    Assume the support-surface hypotheses used by the current-package instantiation, including the six-row state $P^{+}_{6}$ of Theorem~ thm:current-package-certificate-exactness , the finite-script projection records of Theorem~ thm:concrete-finite-script-impleme
054	proposition	prop:certificate-constructor-bad-subrecord-extractor	L3948-3976	proof=True	sec=Abstract finite-record interface	Certificate constructor and bad-subrecord extractor
    Assume the four finite-record hypotheses of Theorem~ thm:publication-safety-interface . For every ledger row \(c\) there is a deterministic partial constructor \[ Cert _{ }(c)=(K, ,E,H,R,D,B) \] and a deterministic extractor \( Bad _{ }(c)\) with the following
055	proposition	prop:publication-safety-maximality	L4012-4031	proof=True	sec=Abstract finite-record interface	Finite-record maximality
    Under the hypotheses of Theorem~ thm:publication-safety-interface , the constructed certificate is maximal with respect to the finite submitted record surface, in the dependency order isolated in Proposition~ prop:publication-safety-dependency-normal-form . Mo
056	corollary	cor:publication-safety-current-package-instance	L4056-4080	proof=True	sec=Abstract finite-record interface	Current-package bounded source-level audit instance
    For the current package, assume the support-surface condition later closed by Theorem~ thm:final-support-surface-closure : the exact supplemental review_bundle/ directory is uploaded with the submission, or an archive-equivalent replacement with matching final
057	corollary	cor:finite-record-gate-soundness-boundary	L4105-4119	proof=True	sec=Abstract finite-record interface	Finite-record boundary for external gate soundness
    Under the hypotheses of the finite-record interface theorem, Theorem~ thm:publication-safety-interface , the publication-safety conclusion is invariant under replacement of the surrounding implementation by any other implementation with the same submitted acce
058	theorem	thm:implementation-soundness-extension-criterion	L4152-4188	proof=True	sec=Abstract finite-record interface	Boundary extension criterion for implementation-soundness readings
    Fix the dispatch table $ $ and the finite certificate schema of Proposition~ prop:finite-certificate-schema-verifier . A reading of a load-bearing package claim as an implementation-soundness claim is accepted by the same publication-safety interface if and on
059	corollary	cor:submitted-gate-implementation-contract-dichotomy	L4238-4258	proof=True	sec=Abstract finite-record interface	Submitted gate-implementation contract dichotomy
    Fix the package ledger $L$, support surface $S$, and dispatch table $ $ of the publication-safety interface. A claim that the actual gate-producing daemons or human workflow of the package satisfy record-gate soundness is accepted by the theorem chain of this 
060	theorem	thm:external-interface-projection-no-free-upgrade	L4287-4315	proof=True	sec=Abstract finite-record interface	External-interface projection and no-free-implementation upgrade
    Fix a package $P$, submitted surface $S$, acceptance ledger $L$, and dispatch table $ $. Let $ (P,S,L, )$ be the finite record projection that retains only the fields read by the certificate schema: claim kinds, evidence levels, submitted evidence pointers, hu
061	proposition	prop:current-package-acceptance-certificate-ledger	L4387-4426	proof=True	sec=Primary-claim inventory audit	Current-package acceptance and certificate ledger
    Let $P^{+}$ be the finite current package consisting of the primary source submission_abstract.tex , this supplement main.tex , and, under the exact-or-archive-equivalent support-surface condition of Proposition~ audit:review-bundle-availability-condition , re
062	theorem	thm:current-package-certificate-exactness	L4497-4553	proof=True	sec=Current-package instantiation	Current-package bounded schema-relative certificate exactness
    For the six-row finite current-package state $P^{+}_{6}$ of Proposition~ prop:current-package-acceptance-certificate-ledger , assume the support-surface availability condition of Theorem~ thm:final-support-surface-closure : the submitted supplemental material 
063	theorem	thm:manual-ledger-dependence-boundary	L4621-4643	proof=True	sec=Current-package instantiation	Ledger dependence and semantic extractor-completeness boundary
    For the current package, the exactness assertions in Proposition~ prop:current-package-acceptance-certificate-ledger , Theorem~ thm:current-package-certificate-exactness , and Theorem~ thm:theorem-obligation-ledger-boundary are exactly finite-record claims ove
064	corollary	cor:row-frozen-current-package-invariance	L4700-4716	proof=True	sec=Current-package instantiation	Row-frozen current-package invariance
    Under the support-surface hypotheses of Theorem~ thm:current-package-certificate-exactness , the current-package acceptance decision factors through the six displayed rows \(a_1, ,a_6\) and their certificate fields only. Any two ambient repository, daemon, art
065	theorem	thm:current-package-extension-coordinate-rigidity	L4742-4778	proof=True	sec=Current-package instantiation	Current-package extension-coordinate rigidity
    Assume the support-surface hypotheses of Theorem~ thm:current-package-certificate-exactness . Let \(P^{+}_{6}\) be the accepted six-row current-package state and let \(F_{6}\) be its finite schema projection: the row identifiers \(a_1, ,a_6\), their tuples \( 
066	theorem	thm:current-package-semantic-non-escalation	L4835-4860	proof=True	sec=Current-package instantiation	Current-package semantic non-escalation
    Let $P^{+}_{6}$ be the six-row current-package state of Theorem~ thm:current-package-certificate-exactness , and assume the same support-surface availability condition. For each accepted row $a_i$ with certificate \( C(a_i)=(K_i, _i,E_i,H_i,R_i,D_i,B_i)\), the
067	theorem	thm:named-boundary-positive-coordinate-classification	L4901-4948	proof=True	sec=Current-package instantiation	Named boundary positive-coordinate classification
    Assume the support-surface hypotheses of Theorem~ thm:current-package-certificate-exactness . Let $F_{6}$ be the finite six-row projection of Theorem~ thm:current-package-extension-coordinate-rigidity . Consider a proposed strengthened reading of one of the fo
068	corollary	cor:current-package-path-verified-instantiation	L5011-5042	proof=True	sec=Current-package instantiation	Current package path-verified instantiation
    For the current presentation package, let $P$ be the finite package consisting of the primary source submission_abstract.tex , this supplement main.tex , and the exact-or-archive-equivalent review-bundle support surface of Proposition~ audit:review-bundle-avai
069	lemma	lem:gate-witness-criterion	L5114-5125	proof=True	sec=Case-study witness protocol	Gate-witness criterion
    A case record is a historical path-verified witness for the safety interface when it names the source or artifact snapshot surface, the invariant that failed, the gate decision recorded for that snapshot, and the safe manuscript lesson. Under the finite-record
070	proposition	prop:path-complete-case-witnesses	L5139-5163	proof=True	sec=Case-study witness protocol	Path-complete case witnesses
    Suppose a case-study row is used as load-bearing evidence for the finite-record interface theorem, Theorem~ thm:publication-safety-interface . If the row is path-complete in the sense above, then the row supplies exactly the evidence surface required for a pat
071	proposition	prop:review-bundle-case-snapshot-coverage	L5267-5285	proof=True	sec=Case studies	Review-bundle case-snapshot coverage
    For the four case-study rows in Table~ tab:case-witnesses , the review bundle contains a finite external-review surface for every local case path used by the paper. The Newmath block has two local paths, the upper-fibers block has five local paths, the fake-ex
072	theorem	thm:case-witness-skeleton-rigidity	L5326-5357	proof=True	sec=Case studies	Case-witness skeleton rigidity
    Let \(r\) be one of the four case-study rows in Table~ tab:case-witnesses , and assume the path-completeness and review-bundle coverage conclusions of Propositions~ prop:path-complete-case-witnesses and prop:review-bundle-case-snapshot-coverage . Then the acce
073	proposition	audit:fresh-venue-record-criterion	L5469-5490	proof=True	sec=Primary--supplement interface	Fresh venue-record criterion
    Assume that, immediately before the actual upload action or at a time explicitly recorded as unchanged for that action, the final submitted support surface contains either the venue-check record VENUE_CHECK.md and log VENUE_CHECK_RUN_2026-06-04.log , the later
074	theorem	thm:venue-rule-freshness-non-escalation	L5512-5528	proof=True	sec=Primary--supplement interface	Venue-rule freshness non-escalation
    Let $U$ be the finite dated venue record consisting of the official call URL, the submission-form URL, the style-guideline URL, the observation date and time, the HTTP-status run witness VENUE_CHECK_RUN_2026-06-04.log or the later rerun witness review_bundle/V
075	corollary	cor:historical-venue-record-non-escalation	L5556-5570	proof=True	sec=Primary--supplement interface	Historical venue record non-escalation
    The venue check recorded at VENUE_CHECK_RUN_2026-06-04.log , with local observation time 2026-06-04 10:15 Asia/Singapore , is a historical venue record. For the present post-2026-06-04 source state it is superseded, for local readiness only, by the rerun log r
076	corollary	cor:upload-time-venue-compliance-record-requirement	L5586-5610	proof=True	sec=Primary--supplement interface	Upload-time venue-compliance record requirement
    The logs VENUE_CHECK_RUN_2026-06-04.log and review_bundle/VENUE_BIBLIOGRAPHY_LIVE_CHECK_2026-06-08.log are dated local-readiness records. For the current package they certify only the venue rule state observed at their recorded observation times. The current s
077	proposition	prop:round-five-venue-record-instantiation	L5635-5652	proof=True	sec=Primary--supplement interface	Round-five venue-record instantiation
    The files review_bundle/VENUE_BIBLIOGRAPHY_LIVE_CHECK_2026-06-08.log and review_bundle/VENUE_BIBLIOGRAPHY_LIVE_CHECK_2026-06-08.md instantiate the dated local-readiness branch required by Corollary~ cor:upload-time-venue-compliance-record-requirement . Their f
078	proposition	audit:venue-submission-pack-gate	L5686-5706	proof=True	sec=Primary--supplement interface	Venue-submission pack gate
    Assume only the dated venue-rule records currently named in this source package, with no upload receipt, no completed-upload timestamp, no archive-equivalent locator, and no unchanged-rule statement for a completed upload. Then the current package is submissio
079	proposition	audit:submission-artifact-role-separation	L5757-5767	proof=True	sec=Primary--supplement interface	Submission artifact role separation
    For the current presentation-only route, the primary artifact, long technical supplement, and review bundle have distinct review roles. The primary source submission_abstract.tex states the presentation claim, main.tex proves the long-form interface theorems a
080	proposition	prop:formal-source-gate-instantiation	L5849-5872	proof=True	sec=Primary--supplement interface	Formal-source gate instantiation
    For the current presentation package, the Lean-facing assertions in rows pc3 and pc4 of Table~ tab:primary-claim-inventory are accepted only as bounded contextual interfaces, not as accepted formal-source claims. The accepted certificate surface is the traceab
081	theorem	thm:formal-source-promotion-obstruction	L5916-5927	proof=True	sec=Primary--supplement interface	Formal-source promotion obstruction
    In the current presentation package, no manuscript sentence about the Lean/BEDC source interface can be promoted from bounded contextual interface evidence to an accepted formal-source claim unless the certificate is enlarged by an accepted formal-source row c
082	theorem	thm:evidence-level-overclaim-obstruction	L5957-5982	proof=True	sec=Primary--supplement interface	Evidence-level overclaim obstruction
    Fix the certificate schema, dispatch function, and evidence-level vocabulary of this paper. Let $c$ be a load-bearing claim whose accepted certificate has level path-verified and whose boundary field $B$ records that no command-run assertion is made. Then ever
083	theorem	thm:finite-witness-manifest-record-interface	L6032-6089	proof=True	sec=Primary--supplement interface	Finite-witness manifest-bounded record interface
    This theorem is a manifest-bounded finite-record interface instance of Theorem~ thm:evidence-level-overclaim-obstruction : it records only the bounded manifest/evaluator coordinates that may be checked, and it rejects stronger artifact readings unless the pack
084	proposition	prop:artifact-validation-gate-unique-semantic-upgrade	L6152-6165	proof=True	sec=Primary--supplement interface	Artifact-validation gate is the unique semantic upgrade
    For a finite-witness artifact claim certified through the manifest-bounded coordinate set $ M_{a_6}$ of Theorem~ thm:finite-witness-manifest-record-interface , any strengthening to dynamic artifact semantics, unbounded evaluator correctness, or semantic Rule11
085	corollary	cor:artifact-semantic-validity-boundary	L6191-6221	proof=True	sec=Primary--supplement interface	Artifact semantic-validity boundary for finite witnesses
    Let $c$ be a finite-witness artifact claim in the current package whose accepted certificate uses the artifact row $a_6$, and let $ M_{a_6}$ be the manifest-bounded coordinate set of Theorem~ thm:finite-witness-manifest-record-interface . If a proposed stronge
086	proposition	prop:primary-claim-row-classification	L6266-6282	proof=True	sec=Primary--supplement interface	Primary-claim conditional inventory-audit classification
    Assume the current primary source submission_abstract.tex is the submitted primary artifact, the twelve-row inventory review_bundle/primary_claim_inventory.json is supplied with the review bundle or an accepted archive-equivalent support surface, and the finit
087	proposition	prop:primary-inventory-freshness-criterion	L6331-6369	proof=True	sec=Primary--supplement interface	Primary-inventory freshness criterion
    Let $S$ be a later edited version of submission_abstract.tex , and let $I$ be a primary-claim inventory with rows of the same form as review_bundle/primary_claim_inventory.json : each row gives a location in $S$, a claim text or bounded paraphrase, a row statu
088	proposition	prop:primary-supplement-interface-map	L6403-6415	proof=True	sec=Primary--supplement interface	Primary--supplement interface map
    Every load-bearing claim made in the current primary artifact submission_abstract.tex is certified by an explicit supplement theorem, table row, or manifest row at a declared evidence level. The certification map is Table~ tab:submission-interface-map , refine
089	theorem	thm:exact-inclusion-support-surface-realization	L6652-6665	proof=True	sec=Review-bundle and archive-equivalence condition	Exact-inclusion support-surface realization
    For the current package the selected support branch is exact supplemental inclusion of review_bundle/ , but this branch remains conditional until an external upload-or-archive instantiation record exists. If the completed submission contains that directory, to
090	theorem	thm:public-branch-archive-equivalent-realization	L6696-6715	proof=True	sec=Review-bundle and archive-equivalence condition	Public branch archive-equivalent locator criterion
    Let $L$ be the public automath branch/path coordinate recorded in review_bundle/REVIEW_BUNDLE_MANIFEST.json and in auditable-pipeline-review-bundle . If $L$ contains theorem_inventory.json , theorem_inventory.md , and the regular files under review_bundle/ wit
091	corollary	cor:submission-time-support-instantiation-test	L6758-6780	proof=True	sec=Review-bundle and archive-equivalence condition	Submission-time support instantiation test
    For a completed presentation-only submission, the bundle-backed and venue/bibliography-backed claims in this package instantiate external support if and only if the submitted support surface contains one of the following finite normal forms: exact inclusion of
092	theorem	thm:final-support-surface-closure	L6812-6831	proof=True	sec=Review-bundle and archive-equivalence condition	Final support-surface closure
    For the current package, using Proposition~ prop:final-package-shape-convention , Audit record~ prop:exact-review-bundle-upload-witness , and Theorem~ thm:exact-inclusion-support-surface-realization , the bundle-backed claims in this supplement are admissible 
093	theorem	thm:workspace-final-package-reconciliation	L6934-6960	proof=True	sec=Review-bundle and archive-equivalence condition	Workspace-to-final-package reconciliation
    Let $D_0$ be the digest manifest review_bundle/FINAL_DIGESTS_SHA256.md , and let $H_i$ denote the source state printed in verifier log $i$. The source-state claim made in Audit record~ prop:final-immutable-package-state-certificate is the finite package claim 
094	theorem	thm:support-surface-normal-form	L7027-7053	proof=True	sec=Review-bundle and archive-equivalence condition	Support-surface normal form for bundle-backed claims
    For the current presentation package, every accepted use of a bundle-backed certificate coordinate is in exactly one of the following normal forms. Exact inclusion : an external upload or submission receipt records that the submitted support surface contains t
095	theorem	thm:support-surface-invariant-compression	L7094-7125	proof=True	sec=Review-bundle and archive-equivalence condition	Support-surface invariant compression
    Let $ S$ be the family of support-surface and post-inventory claims in Theorems~ thm:final-support-surface-closure , thm:workspace-final-package-reconciliation , thm:support-surface-normal-form , and thm:post-inventory-package-fixed-point , together with Corol
096	theorem	thm:upload-or-archive-instantiation-boundary	L7159-7177	proof=True	sec=Review-bundle and archive-equivalence condition	Upload instantiation boundary
    Before the bundle-backed claims of this supplement are treated as part of a completed venue submission, the external submission record must instantiate one support-surface branch selected by Proposition~ prop:final-package-shape-convention and Theorems~ thm:fi
097	corollary	cor:upload-or-archive-instantiation-record	L7202-7213	proof=True	sec=Review-bundle and archive-equivalence condition	Upload-or-archive instantiation record
    The bundle-backed support claims of the current package may be used only under the external-record condition of Theorem~ thm:upload-or-archive-instantiation-boundary . In particular, review_bundle/FINAL_DIGESTS_SHA256.md is a local byte-level packaging manifes
098	proposition	prop:no-external-instantiation-from-local-bundle-records	L7225-7240	proof=True	sec=Review-bundle and archive-equivalence condition	No external instantiation from local bundle records
    In the current source package, the rows of review_bundle/FINAL_DIGESTS_SHA256.md , the manifest fields of review_bundle/REVIEW_BUNDLE_MANIFEST.json , the bibliography entries automath-publication-pipeline,auditable-pipeline-review-bundle , and the support note
099	proposition	prop:upload-or-archive-instantiation-update-protocol	L7269-7314	proof=True	sec=Review-bundle and archive-equivalence condition	Upload-or-archive instantiation update protocol
    Suppose a later venue upload receipt or archive-equivalent locator is to be used to replace the current no-receipt boundary of Corollary~ cor:upload-or-archive-instantiation-record by an externally instantiated submitted-support claim. Then the replacement is 
100	corollary	cor:current-no-receipt-support-surface-non-escalation	L7360-7385	proof=True	sec=Review-bundle and archive-equivalence condition	Current no-receipt support-surface non-escalation
    In the current source package the records review_bundle/FINAL_DIGESTS_SHA256.md , review_bundle/REVIEW_BUNDLE_MANIFEST.json , review_bundle/current_package_pass_records.json , and theorem_inventory.json contain no venue upload receipt, public DOI, or instituti
101	corollary	cor:fresh-inventory-digest-instance-this-source-state	L7413-7424	proof=True	sec=Review-bundle and archive-equivalence condition	Fresh inventory digest instance for this source state
    In the present source state, the regenerated files theorem_inventory.json and theorem_inventory.md are closed as local exact-inclusion coordinates only after their SHA-256 rows in review_bundle/FINAL_DIGESTS_SHA256.md are recomputed from the bytes of those two
102	theorem	thm:digest-closure-refresh-criterion	L7445-7474	proof=True	sec=Review-bundle and archive-equivalence condition	Digest-closure refresh criterion for final package claims
    For the current presentation package, any claim that a submitted support surface has exact final digests is accepted only for a closed finite state $D$ satisfying all of the following conditions. The digest manifest review_bundle/FINAL_DIGESTS_SHA256.md contai
103	theorem	thm:submission-support-refresh-rigidity	L7514-7537	proof=True	sec=Review-bundle and archive-equivalence condition	Submission support refresh rigidity
    Let $S$ be a source package for this presentation route, and suppose $S$ changes one of the following four support coordinates after the last accepted digest manifest was written: the theorem-obligation inventory bytes in theorem_inventory.json or theorem_inve
104	proposition	prop:primary-architectural-fallback-without-external-support	L7586-7601	proof=True	sec=Review-bundle and archive-equivalence condition	Primary architectural fallback without external support
    Assume the current source package is used without an upload receipt for the exact review_bundle/ directory and without an archive-equivalent replacement satisfying Audit record~ audit:review-bundle-archive-equivalence . Then the primary presentation article ma
105	theorem	thm:deterministic-theorem-environment-extractor-boundary	L7652-7669	proof=True	sec=Review-bundle and archive-equivalence condition	Deterministic theorem-environment extractor boundary
    Let the theorem-like environment domain $ E$ for this package consist of the five environment names definition , lemma , proposition , theorem , and corollary . The command python review_bundle/extract_theorem_environments.py run on main.tex and theorem_invent
106	theorem	thm:extractor-domain-exactness-non-gluing	L7699-7719	proof=True	sec=Review-bundle and archive-equivalence condition	Extractor-domain exactness and non-gluing
    For the submitted theorem-inventory surface, the command python review_bundle/extract_theorem_environments.py is exact for one domain and impossible to glue beyond that domain without an added finite coordinate. Its exact domain is the syntactic label-coverage
107	theorem	thm:final-byte-extractor-inventory-inclusion	L7760-7785	proof=True	sec=Review-bundle and archive-equivalence condition	Final-byte extractor inventory inclusion
    Fix a manuscript source byte string $M$, an inventory byte string $J$, and the extractor byte string review_bundle/extract_theorem_environments.py . Let $T(M)$ be the finite set of labels obtained by running that extractor on the five-environment domain $ E$ o
108	theorem	thm:theorem-inventory-proofchecker-obstruction	L7830-7846	proof=True	sec=Review-bundle and archive-equivalence condition	Theorem-inventory proof-checker obstruction
    Let $ E$ be the five-environment domain \{ definition , lemma , proposition , theorem , corollary \} in main.tex . The finite theorem-inventory support surface consisting of theorem_inventory.json , theorem_inventory.md , and the output of python review_bundle
109	theorem	prop:manual-theorem-inventory-boundary	L7878-7899	proof=True	sec=Review-bundle and archive-equivalence condition	Theorem-inventory boundary
    This theorem retains the legacy cross-reference label prop:manual-theorem-inventory-boundary for compatibility with earlier acceptance-ledger entries; its environment category is theorem , not proposition . The file theorem_inventory.json is a theorem-obligati
110	proposition	prop:regenerated-theorem-inventory-digest-closure	L7930-7948	proof=True	sec=Review-bundle and archive-equivalence condition	Regenerated theorem-inventory digest closure
    Suppose a theorem-inventory pass regenerates either theorem_inventory.json or theorem_inventory.md after the package has selected the exact-inclusion support branch. Then the final support-surface claims of Theorem~ thm:final-support-surface-closure , the subm
111	corollary	cor:current-theorem-inventory-digest-instance	L7979-7991	proof=True	sec=Review-bundle and archive-equivalence condition	Current theorem-inventory digest instance
    For the present local support package, after theorem_inventory.json and theorem_inventory.md have been regenerated, the submitted theorem-obligation ledger may be cited in Theorem~ thm:theorem-obligation-ledger-boundary only through the refreshed digest rows f
112	proposition	prop:post-inventory-fixed-point-support-certificate	L8015-8035	proof=True	sec=Review-bundle and archive-equivalence condition	Post-inventory fixed-point support certificate
    In the present package state, the two regenerated theorem-inventory files are accepted by the exact-inclusion theorem-ledger chain only at the following finite fixed point: the rows of review_bundle/FINAL_DIGESTS_SHA256.md name theorem_inventory.json and theor
113	theorem	thm:post-inventory-finite-record-realization	L8072-8097	proof=True	sec=Review-bundle and archive-equivalence condition	Post-inventory finite-record realization
    Suppose the following finite records are present in the current source package: theorem_inventory.json and theorem_inventory.md ; a zero-exit log for python review_bundle/extract_theorem_environments.py computed after those two files were written; zero-exit lo
114	theorem	thm:theorem-obligation-ledger-boundary	L8137-8164	proof=True	sec=Review-bundle and archive-equivalence condition	Seven-row submitted theorem-obligation ledger integration
    Let $P^{+}_{7}$ be the seven-row support state obtained from $P^{+}_{6}$ by the conservative finite-record extension of Theorem~ thm:nested-package-states , namely by adding exactly the submitted theorem-ledger coordinate a7 . In $P^{+}_{7}$, the theorem-oblig
115	proposition	prop:post-inventory-support-tuple-extraction-certificate	L8209-8222	proof=True	sec=Review-bundle and archive-equivalence condition	Post-inventory support-tuple extraction certificate
    For the current source package, the theorem-ledger support tuple is accepted only in the post-inventory form consisting of theorem_inventory.json , theorem_inventory.md , review_bundle/theorem_environment_extraction_run.log , review_bundle/current_package_pass
116	proposition	prop:submitted-theorem-inventory-availability	L8251-8261	proof=True	sec=Review-bundle and archive-equivalence condition	Submitted theorem-inventory availability
    If the external support-surface condition of Corollary~ cor:upload-or-archive-instantiation-record is satisfied, then theorem_inventory.json is an available submitted certificate coordinate for the bounded theorem-obligation ledger claim of Theorem~ thm:theore
117	proposition	prop:submission-support-instantiation-field-normal-form	L8277-8304	proof=True	sec=Review-bundle and archive-equivalence condition	Submission-support instantiation field normal form
    For the current source package, the upload-or-archive support coordinate has the following complete finite field normal form: { }{p{0.29 }X} field & current value\\ support branch & conditional exact supplemental inclusion of theorem_inventory.json , theorem_i
118	corollary	cor:current-local-support-normal-form	L8333-8351	proof=True	sec=Review-bundle and archive-equivalence condition	Current local-support normal form
    For the current presentation package, the finite support state has exactly the following normal form. The theorem-inventory coordinate is accepted only through the post-regeneration digest-and-verifier fixed point of Proposition~ prop:post-inventory-fixed-poin
119	proposition	audit:review-bundle-availability-condition	L8388-8409	proof=True	sec=Review-bundle and archive-equivalence condition	Review-bundle availability condition
    The final support mode selected for the current presentation package is exact supplemental inclusion of review_bundle/ , conditional on the external instantiation record of Corollary~ cor:upload-or-archive-instantiation-record , as recorded in review_bundle/FI
120	proposition	audit:case-snapshot-non-rerun-boundary	L8442-8453	proof=True	sec=Review-bundle and archive-equivalence condition	Case-snapshot non-rerun boundary
    Under the hypotheses of Propositions~ prop:path-complete-case-witnesses and prop:review-bundle-case-snapshot-coverage , the four case-study rows cannot be read as fresh dynamic-behavior claims. Any stronger reading asserting a fresh publication-daemon executio
121	theorem	thm:finite-row-case-evidence-closure	L8473-8491	proof=True	sec=Review-bundle and archive-equivalence condition	Finite-row closure of case evidence
    Let $C$ be the finite set of four case-study rows in Table~ tab:case-witnesses . Under Propositions~ prop:path-complete-case-witnesses and prop:review-bundle-case-snapshot-coverage , the publication-safety interface accepts the case-study contribution exactly 
122	corollary	cor:current-case-behaviour-evidence-criterion	L8526-8536	proof=True	sec=Review-bundle and archive-equivalence condition	Current case-behaviour evidence criterion
    The four case-study rows support current-behaviour claims only for the finite record-verifier commands that are explicitly listed in Table~ tab:command-boundary-inventory . They do not support current daemon, overlap-checker, fake-extension-pipeline, Rule110, 
123	proposition	audit:command-run-boundary-inventory	L8583-8605	proof=True	sec=Command-run boundary	Command-run boundary inventory
    For the current presentation package, Table~ tab:command-boundary-inventory is complete for the command-boundary claims used by Proposition~ prop:machine-readable-certificate-records , Proposition~ audit:review-bundle-availability-condition , Theorem~ thm:theo
124	theorem	thm:post-edit-rerun-metadata-gate	L8676-8691	proof=True	sec=Command-run boundary	Post-edit rerun metadata gate
    Let $I$ be the pair consisting of theorem_inventory.json and theorem_inventory.md , let $L$ be the tuple of retained extractor and finite-record verifier logs named in Table~ tab:command-boundary-inventory , and let $D$ be review_bundle/FINAL_DIGESTS_SHA256.md
125	theorem	thm:final-local-support-state-reconciliation	L8718-8773	proof=True	sec=Command-run boundary	Final four-interface maximality and support-state reconciliation
    For the source package after the present manuscript edits, the finite support state used by the publication-safety theorem chain is the following reconciled local state and no stronger one. First, the files theorem_inventory.json and theorem_inventory.md are a
126	theorem	thm:presentation-route-five-interface-sharpness	L8866-8933	proof=True	sec=Command-run boundary	Presentation-route five-interface sharpness
    For the CICM presentation-only package whose primary source is submission_abstract.tex , whose supplement is this file, and whose selected support directory is review_bundle/ , the maximal claim certified by the present theorem chain is exactly the conjunction
127	theorem	thm:presentation-route-stronger-reading-classifier	L9014-9055	proof=True	sec=Command-run boundary	Presentation-route stronger-reading classifier
    For the present CICM presentation-only package, every attempted stronger reading of the four flagged interface families is classified by the five-axis skeleton of Theorem~ thm:presentation-route-five-interface-sharpness , and the classifier is exact in the fol
128	corollary	cor:presentation-summary-non-escalation	L9127-9149	proof=True	sec=Command-run boundary	Presentation-summary non-escalation
    Let \(s\) be a load-bearing sentence in the primary presentation source submission_abstract.tex or in an accompanying presentation abstract that summarizes Theorem~ thm:publication-safety-interface , Theorem~ thm:current-package-certificate-exactness , Theorem
129	theorem	thm:submission-support-fixed-point-normal-form	L9187-9217	proof=True	sec=Command-run boundary	Machine-checkable support-coordinate fixed-point normal form
    For the current source package, the support state for the three externalized claims in the publication-safety theorem chain is exactly the following finite normal form. This is a bookkeeping theorem for the machine-checkable support coordinates used by the bou
130	theorem	thm:post-inventory-support-coordinate-dichotomy	L9255-9272	proof=True	sec=Command-run boundary	Post-inventory support-coordinate dichotomy
    For the current presentation package there are exactly two possible support readings for any claim whose evidence surface names theorem_inventory.json , theorem_inventory.md , or a file under review_bundle/ . If the ordered post-inventory pass of Theorem~ thm:
131	proposition	prop:final-refreshed-coordinate-instantiation	L9311-9326	proof=True	sec=Command-run boundary	Final refreshed-coordinate instantiation
    For the current dated local-readiness package, the first coordinate of Theorem~ thm:submission-support-fixed-point-normal-form is instantiated by the finite tuple consisting of theorem_inventory.json , theorem_inventory.md , review_bundle/theorem_environment_e
132	theorem	thm:post-inventory-package-fixed-point	L9357-9393	proof=True	sec=Command-run boundary	Post-inventory support-coordinate fixed point
    Let $P$ be the current local package state consisting of the manuscript source, submission_abstract.tex , theorem_inventory.json , theorem_inventory.md , and review_bundle/ . Suppose that the following finite sequence is executed in the displayed order: write 
133	corollary	cor:current-post-inventory-realization	L9456-9471	proof=True	sec=Command-run boundary	Current post-inventory realization
    Assume that the present source state contains the two submitted inventory files theorem_inventory.json and theorem_inventory.md . If, after those two files exist, the theorem-environment extractor, the retained finite-record verifiers, the retained dated venue
134	theorem	thm:current-inventory-artifact-realization	L9493-9537	proof=True	sec=Command-run boundary	Current inventory support-coordinate realization
    For the present Stage--A source state, after the final theorem-inventory bytes for this manuscript have been accepted, suppose that the files theorem_inventory.json and theorem_inventory.md are present as finite package coordinates. Let $L$ be the retained fin
135	theorem	thm:current-command-result-closure	L9585-9602	proof=True	sec=Command-run boundary	Current command-result closure
    Assume the current source package contains the accepted inventory files theorem_inventory.json and theorem_inventory.md . After those bytes exist, suppose that every command-result sentence retained for the submission state cites one of the command-boundary ro
136	corollary	cor:current-post-inventory-support-tuple-instantiation	L9631-9647	proof=True	sec=Command-run boundary	Current post-inventory support tuple instantiation
    In the current source package, after theorem_inventory.json and theorem_inventory.md have been written, the ordered tuple consisting of theorem_inventory.json , theorem_inventory.md , review_bundle/theorem_environment_extraction_run.log , review_bundle/certifi
137	corollary	cor:stable-replay-post-inventory-tuple	L9679-9697	proof=True	sec=Command-run boundary	Byte-level stable replay criterion for the post-inventory tuple
    Let $S$ be a source state of the present presentation package in which the final accepted theorem_inventory.json and theorem_inventory.md exist. Suppose that the theorem-environment extractor, certificate-record verifier, source-interface verifier, and retaine
138	proposition	prop:post-inventory-freshness-obstruction	L9728-9742	proof=True	sec=Command-run boundary	Post-inventory freshness obstruction
    Let $S$ and $S'$ be two source states of the present package which differ in at least one byte of theorem_inventory.json or theorem_inventory.md . Suppose the theorem-environment extractor, certificate-record verifier, source-interface verifier, retained prima
139	proposition	prop:three-coordinate-submission-support-closure	L9768-9787	proof=True	sec=Command-run boundary	Three-coordinate submission-support closure
    In the present presentation-only package, the three Stage--A support obligations consisting of the post-inventory theorem-obligation ledger, the dated venue/bibliography verification record, and the external support surface admit the following exact normal for
140	corollary	cor:local-fixed-point-external-boundary	L9833-9852	proof=True	sec=Command-run boundary	Local fixed point and external-support boundary
    Assume that the current source state contains theorem_inventory.json and theorem_inventory.md , that the theorem-environment extractor and the three retained finite-record verifiers are rerun after those inventory files exist, and that review_bundle/FINAL_DIGE
141	proposition	prop:current-absence-external-support-surface-instantiation	L9884-9904	proof=True	sec=Command-run boundary	Current absence of external support-surface instantiation
    For the present source package, the local post-inventory support coordinate of Corollary~ cor:local-fixed-point-external-boundary and the digest manifest review_bundle/FINAL_DIGESTS_SHA256.md do not instantiate the external support coordinate of Corollary~ cor
142	theorem	thm:four-coordinate-submission-support-skeleton	L9941-9975	proof=True	sec=Command-run boundary	Four-coordinate submission-support skeleton
    For the current presentation-only package, every support reading used by the publication-safety theorem chain factors through the certificate-calculus spine of Theorem~ thm:finite-record-certificate-calculus-spine and then through exactly the following four fi
