1	160	proposition	prop:final-package-shape-convention	Final package-shape convention
2	210	theorem	thm:nested-package-states	Nested six-row and seven-row package states
3	275	definition	def:architecture-axis-map	Architecture-axis map
4	314	proposition	prop:architecture-axis-non-escalation	Axis non-escalation
5	474	lemma	lem:source-interface-extraction-correctness	Manual bounded source-interface extraction correctness
6	513	proposition	prop:manual-source-interface-non-escalation	Manual source-interface non-escalation
7	556	proposition	prop:reviewable-source-snapshot-interface	Reviewable source-snapshot interface
8	586	proposition	prop:source-interface-record-file-consistency	Executable source-interface record comparison
9	653	theorem	thm:bounded-source-interface-maximality	Bounded source-interface maximality
10	718	proposition	prop:source-interface-evidence-level-separation	Source-interface evidence-level separation
11	809	definition	def:operational-acceptance-interface	Operational acceptance interface
12	990	definition	def:record-gate-soundness-external-interface	Record-gate soundness external interface
13	1022	proposition	prop:record-gate-soundness-external-interface-exactness	Record-gate interface equivalence and non-claim boundary
14	1066	definition	def:stronger-reading-preorder	Stronger-reading preorder
15	1090	definition	def:certificate-schema-acceptance-table	Certificate-schema acceptance table
16	1130	proposition	prop:finite-certificate-schema-verifier	Finite certificate schema verifier as a record check
17	1196	theorem	thm:verifier-input-output-contract	Verifier input--predicate--output contract
18	1263	theorem	thm:finite-verifier-normal-form	Executable-record verifier normal form
19	1339	theorem	thm:record-acceptance-exactness	Schema-relative executable-record acceptance exactness
20	1399	corollary	cor:executable-schema-exactness-negative-fixture	Executable schema exactness and negative fixture
21	1438	theorem	thm:finite-coordinate-determination-boundary	Finite-coordinate determination and trust-boundary classifier
22	1500	theorem	thm:record-interface-rigidity	Record-interface rigidity and refresh fixed point
23	1600	proposition	prop:machine-readable-certificate-records	Machine-readable certificate records
24	1702	theorem	thm:executable-record-non-escalation	Executable record non-escalation
25	1760	theorem	thm:executable-certificate-construction-invariant	Executable certificate-construction invariant
26	1828	proposition	prop:claim-kind-dispatch	Deterministic claim-kind dispatch
27	1849	theorem	thm:mixed-claim-projection-obstruction	Mixed-claim projection obstruction
28	1912	theorem	thm:concrete-finite-script-implementation-soundness	Concrete finite-script projection-contract exactness
29	2010	corollary	cor:finite-script-rgs-instantiation-boundary	Finite-script projection instantiation boundary
30	2020	theorem	thm:assigned-gate-soundness-audit-boundary	Assigned-gate soundness audit boundary
31	2089	theorem	thm:finite-certificate-obstruction-skeleton	Finite certificate obstruction skeleton
32	2190	theorem	thm:finite-extension-budget-normal-form	Finite extension-budget normal form
33	2277	proposition	prop:gate-interface-separation	Gate-interface separation
34	2301	corollary	cor:human-promotion-daemon-active-track-separation	Human promotion is not daemon-visible active-track equivalence
35	2349	proposition	prop:scheduler-selection-advisory	Scheduler selection is advisory before discovery gating
36	2426	proposition	prop:publication-safety-minimal-bad-record-witness	Minimal bad-record witness for command-run escalation
37	2470	theorem	thm:publication-safety-interface	Bounded software-audit interface under record-gate soundness
38	2675	theorem	thm:finite-record-certificate-rigidity	Finite-record certificate rigidity
39	2757	theorem	thm:boundary-axis-non-escalation-exactness	Boundary-axis exact non-escalation
40	2893	theorem	thm:mixed-interface-overclaim-skeleton	Mixed-interface overclaim skeleton
41	2999	theorem	thm:presentation-scoped-boundary-normal-form	Package-local boundary normal form for the presentation package
42	3118	theorem	thm:five-axis-upgrade-obstruction	Package-local five-axis upgrade obstruction
43	3228	theorem	thm:current-boundary-skeleton-non-gluing	Current package-local boundary skeleton and non-gluing lower bound
44	3339	proposition	prop:certificate-constructor-bad-subrecord-extractor	Certificate constructor and bad-subrecord extractor
45	3403	proposition	prop:publication-safety-maximality	Finite-record maximality
46	3445	corollary	cor:publication-safety-current-package-instance	Current-package bounded source-level audit instance
47	3494	corollary	cor:finite-record-gate-soundness-boundary	Finite-record boundary for external gate soundness
48	3541	theorem	thm:implementation-soundness-extension-criterion	Boundary extension criterion for implementation-soundness readings
49	3627	corollary	cor:submitted-gate-implementation-contract-dichotomy	Submitted gate-implementation contract dichotomy
50	3676	theorem	thm:external-interface-projection-no-free-upgrade	External-interface projection and no-free-implementation upgrade
51	3776	proposition	prop:current-package-acceptance-certificate-ledger	Current-package acceptance and certificate ledger
52	3886	theorem	thm:current-package-certificate-exactness	Current-package bounded schema-relative certificate exactness
53	4009	theorem	thm:manual-ledger-dependence-boundary	Ledger dependence and semantic extractor-completeness boundary
54	4088	corollary	cor:row-frozen-current-package-invariance	Row-frozen current-package invariance
55	4130	theorem	thm:current-package-extension-coordinate-rigidity	Current-package extension-coordinate rigidity
56	4223	theorem	thm:current-package-semantic-non-escalation	Current-package semantic non-escalation
57	4289	theorem	thm:named-boundary-positive-coordinate-classification	Named boundary positive-coordinate classification
58	4399	corollary	cor:current-package-path-verified-instantiation	Current package path-verified instantiation
59	4502	lemma	lem:gate-witness-criterion	Gate-witness criterion
60	4527	proposition	prop:path-complete-case-witnesses	Path-complete case witnesses
61	4655	proposition	prop:review-bundle-case-snapshot-coverage	Review-bundle case-snapshot coverage
62	4714	theorem	thm:case-witness-skeleton-rigidity	Case-witness skeleton rigidity
63	4857	proposition	audit:fresh-venue-record-criterion	Fresh venue-record criterion
64	4898	theorem	thm:venue-rule-freshness-non-escalation	Venue-rule freshness non-escalation
65	4940	corollary	cor:historical-venue-record-non-escalation	Historical venue record non-escalation
66	4970	corollary	cor:upload-time-venue-compliance-record-requirement	Upload-time venue-compliance record requirement
67	5019	proposition	prop:round-five-venue-record-instantiation	Round-five venue-record instantiation
68	5070	proposition	audit:venue-submission-pack-gate	Venue-submission pack gate
69	5141	proposition	audit:submission-artifact-role-separation	Submission artifact role separation
70	5233	proposition	prop:formal-source-gate-instantiation	Formal-source gate instantiation
71	5300	theorem	thm:formal-source-promotion-obstruction	Formal-source promotion obstruction
72	5341	theorem	thm:evidence-level-overclaim-obstruction	Evidence-level overclaim obstruction
73	5416	theorem	thm:finite-witness-manifest-record-interface	Finite-witness manifest-bounded record interface
74	5536	corollary	cor:artifact-semantic-validity-boundary	Artifact semantic-validity boundary for finite witnesses
75	5599	proposition	prop:primary-claim-row-classification	Primary-claim conditional inventory-audit classification
76	5664	proposition	prop:primary-inventory-freshness-criterion	Primary-inventory freshness criterion
77	5736	proposition	prop:primary-supplement-interface-map	Primary--supplement interface map
78	5984	theorem	thm:exact-inclusion-support-surface-realization	Exact-inclusion support-surface realization
79	6022	theorem	thm:public-branch-archive-equivalent-realization	Public branch archive-equivalent locator realization
80	6068	corollary	cor:submission-time-support-instantiation-test	Submission-time support instantiation test
81	6122	theorem	thm:final-support-surface-closure	Final support-surface closure
82	6244	theorem	thm:workspace-final-package-reconciliation	Workspace-to-final-package reconciliation
83	6337	theorem	thm:support-surface-normal-form	Support-surface normal form for bundle-backed claims
84	6404	theorem	thm:support-surface-invariant-compression	Support-surface invariant compression
85	6469	theorem	thm:upload-or-archive-instantiation-boundary	Upload instantiation boundary
86	6507	corollary	cor:upload-or-archive-instantiation-record	Upload-or-archive instantiation record
87	6522	proposition	prop:no-external-instantiation-from-local-bundle-records	No external instantiation from local bundle records
88	6566	proposition	prop:upload-or-archive-instantiation-update-protocol	Upload-or-archive instantiation update protocol
89	6657	corollary	cor:current-no-receipt-support-surface-non-escalation	Current no-receipt support-surface non-escalation
90	6710	corollary	cor:fresh-inventory-digest-instance-this-source-state	Fresh inventory digest instance for this source state
91	6742	theorem	thm:digest-closure-refresh-criterion	Digest-closure refresh criterion for final package claims
92	6811	proposition	prop:primary-architectural-fallback-without-external-support	Primary architectural fallback without external support
93	6877	theorem	thm:deterministic-theorem-environment-extractor-boundary	Deterministic theorem-environment extractor boundary
94	6924	theorem	thm:extractor-domain-exactness-non-gluing	Extractor-domain exactness and non-gluing
95	6984	theorem	prop:manual-theorem-inventory-boundary	Theorem-inventory boundary
96	7036	proposition	prop:regenerated-theorem-inventory-digest-closure	Regenerated theorem-inventory digest closure
97	7085	corollary	cor:current-theorem-inventory-digest-instance	Current theorem-inventory digest instance
98	7121	proposition	prop:post-inventory-fixed-point-support-certificate	Post-inventory fixed-point support certificate
99	7178	theorem	thm:post-inventory-finite-record-realization	Post-inventory finite-record realization
100	7243	theorem	thm:theorem-obligation-ledger-boundary	Seven-row submitted theorem-obligation ledger integration
101	7315	proposition	prop:post-inventory-support-tuple-extraction-certificate	Post-inventory support-tuple extraction certificate
102	7357	proposition	prop:submitted-theorem-inventory-availability	Submitted theorem-inventory availability
103	7383	proposition	prop:submission-support-instantiation-field-normal-form	Submission-support instantiation field normal form
104	7435	corollary	cor:current-local-support-normal-form	Current local-support normal form
105	7490	proposition	audit:review-bundle-availability-condition	Review-bundle availability condition
106	7544	proposition	audit:case-snapshot-non-rerun-boundary	Case-snapshot non-rerun boundary
107	7575	theorem	thm:finite-row-case-evidence-closure	Finite-row closure of case evidence
108	7670	proposition	audit:command-run-boundary-inventory	Command-run boundary inventory
109	7752	proposition	prop:final-local-support-state-reconciliation	Final local support-state reconciliation
110	7797	theorem	thm:submission-support-fixed-point-normal-form	Machine-checkable support-coordinate fixed-point normal form
111	7865	theorem	thm:post-inventory-support-coordinate-dichotomy	Post-inventory support-coordinate dichotomy
112	7921	proposition	prop:final-refreshed-coordinate-instantiation	Final refreshed-coordinate instantiation
113	7967	theorem	thm:post-inventory-package-fixed-point	Post-inventory support-coordinate fixed point
114	8051	corollary	cor:current-post-inventory-realization	Current post-inventory realization
115	8088	theorem	thm:current-inventory-artifact-realization	Current inventory support-coordinate realization
116	8142	corollary	cor:current-post-inventory-support-tuple-instantiation	Current post-inventory support tuple instantiation
117	8189	corollary	cor:stable-replay-post-inventory-tuple	Byte-level stable replay criterion for the post-inventory tuple
