"Line","Kind","Title","Section"
"71","SECTION","Problem and contribution",""
"183","proposition","Final package-shape convention","Problem and contribution"
"226","theorem","Nested six-row and seven-row package states","Problem and contribution"
"277","SECTION","Architecture",""
"291","definition","Architecture-axis map","Architecture"
"330","proposition","Axis non-escalation","Architecture"
"374","theorem","Presentation-route compressed interface","Architecture"
"467","corollary","Compact-presentation boundary routing","Architecture"
"683","lemma","Manual bounded source-interface extraction correctness","Architecture"
"722","proposition","Manual source-interface non-escalation","Architecture"
"765","proposition","Reviewable source-snapshot interface","Architecture"
"795","proposition","Executable source-interface record comparison","Architecture"
"862","theorem","Bounded source-interface maximality","Architecture"
"927","corollary","Downstream imported-label use factors through bounded rows","Architecture"
"961","theorem","Public-source reachability non-escalation","Architecture"
"1015","corollary","Public-source coordinate exactness","Architecture"
"1053","theorem","Source-interface semantic-completeness obstruction","Architecture"
"1111","proposition","Source-interface evidence-level separation","Architecture"
"1157","SECTION","Operational interface",""
"1189","SUBSECTION","Abstract finite-record interface",""
"1230","definition","Operational acceptance interface","Operational interface"
"1411","definition","Record-gate soundness external interface","Operational interface"
"1443","proposition","Record-gate interface equivalence and non-claim boundary","Operational interface"
"1487","definition","Stronger-reading preorder","Operational interface"
"1511","definition","Certificate-schema acceptance table","Operational interface"
"1551","proposition","Finite certificate schema verifier as a record check","Operational interface"
"1617","theorem","Verifier input--predicate--output contract","Operational interface"
"1684","theorem","Auditable compiler-boundary completeness","Operational interface"
"1742","theorem","Executable-record verifier normal form","Operational interface"
"1818","theorem","Schema-relative executable-record acceptance exactness","Operational interface"
"1897","theorem","Verifier-schema compression of the finite-record calculus","Operational interface"
"1954","corollary","Executable schema exactness and negative fixture","Operational interface"
"1993","theorem","Finite-coordinate determination and trust-boundary classifier","Operational interface"
"2055","theorem","Record-interface rigidity and refresh fixed point","Operational interface"
"2155","theorem","Record-gate implementation overclaim obstruction","Operational interface"
"2224","corollary","Finite-record acceptance is not implementation soundness","Operational interface"
"2263","proposition","Machine-readable certificate records","Operational interface"
"2365","theorem","Executable record non-escalation","Operational interface"
"2423","theorem","Executable certificate-construction invariant","Operational interface"
"2491","proposition","Deterministic claim-kind dispatch","Operational interface"
"2512","theorem","Mixed-claim projection obstruction","Operational interface"
"2575","theorem","Concrete finite-script projection-contract boundary","Operational interface"
"2673","corollary","Finite-script projection instantiation boundary","Operational interface"
"2683","theorem","Assigned-gate soundness audit boundary","Operational interface"
"2752","theorem","Six-coordinate gate-implementation soundness skeleton","Operational interface"
"2829","theorem","Finite certificate obstruction skeleton","Operational interface"
"2930","theorem","Finite extension-budget normal form","Operational interface"
"3017","theorem","Finite-record certificate calculus spine","Operational interface"
"3094","proposition","Dependency normal form for the publication-safety chain","Operational interface"
"3161","proposition","Gate-interface separation","Operational interface"
"3185","corollary","Human promotion is not daemon-visible active-track equivalence","Operational interface"
"3233","proposition","Scheduler selection is advisory before discovery gating","Operational interface"
"3314","proposition","Minimal bad-record witness for command-run escalation","Operational interface"
"3358","theorem","Conditional finite-record publication audit interface","Operational interface"
"3493","theorem","Gate implementation-soundness upgrade obstruction","Operational interface"
"3660","theorem","Finite-record certificate rigidity","Operational interface"
"3742","theorem","Boundary-axis exact non-escalation","Operational interface"
"3878","theorem","Mixed-interface overclaim skeleton","Operational interface"
"3984","theorem","Package-local boundary normal form for the presentation package","Operational interface"
"4103","theorem","Package-local five-axis upgrade obstruction","Operational interface"
"4213","theorem","Current package-local boundary skeleton and non-gluing lower bound","Operational interface"
"4352","proposition","Certificate constructor and bad-subrecord extractor","Operational interface"
"4416","proposition","Finite-record maximality","Operational interface"
"4460","corollary","Current-package bounded source-level audit instance","Operational interface"
"4511","corollary","Finite-record boundary for external gate soundness","Operational interface"
"4558","theorem","Boundary extension criterion for implementation-soundness readings","Operational interface"
"4644","corollary","Submitted gate-implementation contract dichotomy","Operational interface"
"4693","theorem","External-interface projection and no-free-implementation upgrade","Operational interface"
"4773","SUBSECTION","Primary-claim inventory audit",""
"4793","proposition","Current-package acceptance and certificate ledger","Operational interface"
"4892","SUBSECTION","Current-package instantiation",""
"4903","theorem","Current-package path-verified ledger-relative certificate exactness","Operational interface"
"5062","theorem","Ledger dependence and semantic extractor-completeness boundary","Operational interface"
"5141","corollary","Row-frozen current-package invariance","Operational interface"
"5183","theorem","Current-package extension-coordinate rigidity","Operational interface"
"5276","theorem","Current-package semantic non-escalation","Operational interface"
"5342","theorem","Named boundary positive-coordinate classification","Operational interface"
"5452","corollary","Current package path-verified ledger-relative instantiation","Operational interface"
"5528","SECTION","Gate summary",""
"5530","SUBSECTION","Case-study witness protocol",""
"5559","lemma","Gate-witness criterion","Gate summary"
"5584","proposition","Path-complete historical case-audit witnesses","Gate summary"
"5659","SECTION","Case studies",""
"5712","proposition","Review-bundle case-snapshot coverage","Case studies"
"5771","theorem","Historical case-audit skeleton rigidity","Case studies"
"5863","SECTION","Evidence boundary",""
"5865","SUBSECTION","Primary--supplement interface",""
"5914","proposition","Fresh venue-record criterion","Evidence boundary"
"5965","theorem","Venue-rule freshness non-escalation","Evidence boundary"
"6011","corollary","Historical venue record non-escalation","Evidence boundary"
"6041","corollary","Upload-time venue-compliance record requirement","Evidence boundary"
"6090","proposition","Dated venue-record instantiation","Evidence boundary"
"6141","proposition","Venue-submission pack gate","Evidence boundary"
"6212","proposition","Submission artifact role separation","Evidence boundary"
"6304","proposition","Formal-source gate instantiation","Evidence boundary"
"6371","theorem","Formal-source promotion obstruction","Evidence boundary"
"6412","theorem","Evidence-level overclaim obstruction","Evidence boundary"
"6487","theorem","Finite-witness manifest-bounded record interface","Evidence boundary"
"6607","proposition","Artifact-validation gate is the unique semantic upgrade","Evidence boundary"
"6646","corollary","Artifact semantic-validity boundary for finite witnesses","Evidence boundary"
"6721","theorem","Three-boundary upgrade sharpness","Evidence boundary"
"6846","theorem","Primary-to-support dependency completeness","Evidence boundary"
"6914","proposition","Primary-claim conditional inventory-audit classification","Evidence boundary"
"6979","proposition","Primary-inventory freshness criterion","Evidence boundary"
"7051","proposition","Primary--supplement interface map","Evidence boundary"
"7136","SUBSECTION","Subordinate support-boundary ledger",""
"7298","theorem","Finite-record support invariant: exact-inclusion support surface","Evidence boundary"
"7342","theorem","Finite-record support invariant: public branch locator criterion","Evidence boundary"
"7404","corollary","Submission-time support instantiation test","Evidence boundary"
"7458","theorem","Finite-record support invariant: final support-surface closure","Evidence boundary"
"7582","theorem","Workspace-to-final-package reconciliation","Evidence boundary"
"7675","theorem","Finite-record support invariant: bundle-backed normal form","Evidence boundary"
"7742","theorem","Finite-record support invariant compression","Evidence boundary"
"7807","theorem","Finite-record upload-boundary invariant","Evidence boundary"
"7850","corollary","Upload-or-archive instantiation record","Evidence boundary"
"7873","proposition","No external instantiation from local bundle records","Evidence boundary"
"7915","proposition","Upload-or-archive instantiation update protocol","Evidence boundary"
"8004","corollary","Current no-receipt support-surface non-escalation","Evidence boundary"
"8057","corollary","Fresh inventory digest instance for this source state","Evidence boundary"
"8089","theorem","Finite-record digest-refresh invariant for final package claims","Evidence boundary"
"8158","theorem","Finite-record submission-support refresh invariant","Evidence boundary"
"8230","proposition","Primary architectural fallback without external support","Evidence boundary"
"8296","theorem","Deterministic theorem-environment extractor boundary","Evidence boundary"
"8343","theorem","Extractor-domain exactness and non-gluing","Evidence boundary"
"8404","theorem","Final-byte extractor inventory inclusion","Evidence boundary"
"8474","theorem","Theorem-inventory proof-checker obstruction","Evidence boundary"
"8522","theorem","Theorem-inventory boundary","Evidence boundary"
"8574","proposition","Regenerated theorem-inventory digest closure","Evidence boundary"
"8623","corollary","Current theorem-inventory digest instance","Evidence boundary"
"8659","proposition","Post-inventory fixed-point support certificate","Evidence boundary"
"8716","theorem","Finite-record post-inventory realization invariant","Evidence boundary"
"8796","theorem","Seven-row submitted theorem-obligation ledger integration","Evidence boundary"
"8868","proposition","Post-inventory support-tuple extraction certificate","Evidence boundary"
"8910","proposition","Submitted theorem-inventory availability","Evidence boundary"
"8936","proposition","Submission-support instantiation field normal form","Evidence boundary"
"8992","corollary","Current local-support normal form","Evidence boundary"
"9047","proposition","Review-bundle availability condition","Evidence boundary"
"9101","proposition","Case-snapshot non-rerun boundary","Evidence boundary"
"9132","theorem","Finite-row closure of case evidence","Evidence boundary"
"9185","corollary","Current case-behaviour evidence criterion","Evidence boundary"
"9243","SUBSECTION","Command-run boundary",""
"9245","proposition","Command-run boundary inventory","Evidence boundary"
"9338","theorem","Post-edit rerun metadata gate","Evidence boundary"
"9380","theorem","Finite-record support-state reconciliation invariant","Evidence boundary"
"9528","theorem","Supplement-level presentation-route five-interface sharpness","Evidence boundary"
"9676","theorem","Supplement-level presentation-route stronger-reading classifier","Evidence boundary"
"9789","theorem","End-to-end upgrade decomposition obstruction","Evidence boundary"
"9854","corollary","Presentation-summary non-escalation","Evidence boundary"
"9914","theorem","Finite-record support-coordinate fixed-point normal form","Evidence boundary"
"9982","theorem","Finite-record post-inventory support-coordinate dichotomy","Evidence boundary"
"10038","proposition","Final refreshed-coordinate instantiation","Evidence boundary"
"10087","theorem","Finite-record post-inventory support-coordinate fixed point","Evidence boundary"
"10186","corollary","Current post-inventory realization","Evidence boundary"
"10223","theorem","Finite-record current inventory support-coordinate realization","Evidence boundary"
"10315","theorem","Finite-record current command-result closure","Evidence boundary"
"10361","corollary","Current post-inventory support tuple instantiation","Evidence boundary"
"10413","proposition","Current round-six verifier and support-coordinate realization","Evidence boundary"
"10470","corollary","Byte-level stable replay criterion for the post-inventory tuple","Evidence boundary"
"10519","proposition","Post-inventory freshness obstruction","Evidence boundary"
"10559","proposition","Three-coordinate submission-support closure","Evidence boundary"
"10624","corollary","Local fixed point and external-support boundary","Evidence boundary"
"10675","proposition","Current absence of external support-surface instantiation","Evidence boundary"
"10732","proposition","Final support-coordinate refresh closure","Evidence boundary"
"10791","corollary","Manifest-required theorem-inventory fixed point","Evidence boundary"
"10839","theorem","Finite-record four-coordinate submission-support skeleton","Evidence boundary"
"10950","corollary","Final local fixed-point and external-support normal form","Evidence boundary"
"11012","proposition","Accepted-byte post-inventory support coordinate","Evidence boundary"
"11101","theorem","Finite-record current-package no-free-upgrade closure","Evidence boundary"
"11250","theorem","Terminal five-coordinate closure for the presentation package","Evidence boundary"
"11324","theorem","Five-issue coordinate normal form","Evidence boundary"
"11398","proposition","Round-seven support-coordinate closure","Evidence boundary"
"11478","theorem","Presentation weak-interface maximality","Evidence boundary"
"11560","theorem","Stage--A2 round-three issue-coordinate discharge","Evidence boundary"
"11614","proposition","Exact Stage--A2 issue skeleton","Evidence boundary"
"11685","proposition","Round-four external-coordinate admissibility trichotomy","Evidence boundary"
"11769","corollary","Round-four manuscript reading","Evidence boundary"
"11796","corollary","Round-three support-chain closure","Evidence boundary"
"11826","corollary","Presentation-route support-coordinate normal form","Evidence boundary"
"11928","SECTION","Conclusion and support-boundary summary",""
