144	156	proposition	prop:final-package-shape-convention	Final package-shape convention	[Final package-shape convention] For the current presentation package there is a single source-level package shape. The primary article is submission abstract.tex; the selected technical supplement is main.tex; the selected bounded theorem-obligation ledger is theorem inventory.json; and the selected supplemental support surface is exact inclusion of review bundle/ with the final digest record review bundle/FINAL DIGESTS SHA256.md. No archive locator, DOI-bearing replacement, or alternate supplemental directory is part of the current package convention. Consequently every bundle-backed support claim in this source is accepted only under exact inclusion of that directory with matching final digests; without that external inclusion record it remains a local package-support claim.
183	200	theorem	thm:nested-package-states	Nested six-row and seven-row package states	[Nested six-row and seven-row package states] Let P^ + 6 denote the current row-frozen certificate state whose accepted rows are exactly a 1, ,a 6 in Table~tab:current-acceptance-ledger. Let P^ + 7 denote the enlarged submitted support state obtained by adjoining the single theorem-ledger row a 7 whose submitted coordinate is theorem inventory.json. Then P^ + 6 P^ + 7 as finite record surfaces, and the inclusion is conservative for the first six certificates: every acceptance decision, evidence level, assigned-gate family, discovery-interface field, and command-boundary field of rows a 1, ,a 6 is the same in P^ + 6 and P^ + 7 . The only new accepted claim of P^ + 7 is the bounded theorem-obligation ledger claim with syntactic label coverage for a 7 . In particular the two states are nested package states, not competing final ledgers: P^ + 6 is the exact six-row current-package certificat
248	285	definition	def:architecture-axis-map	Architecture-axis map	[Architecture-axis map] The compiler architecture uses five disjoint evidence axes. An accepted claim may read evidence from an axis only at the admissible evidence level shown in the displayed axis map; the negative boundary in the last column is part of the claim certificate and cannot be discharged by prose from another axis. p .16 p .27 p .27 X Axis Role in this paper Admissible evidence Negative boundary BEDC source theory finite-kernel theory, proof obligations, and implementation contracts pinned source paths, commits, imported labels, bounded summaries, and source-interface records not a publication acceptance record, not a fresh rebuild, and not a complete BEDC exposition Lean markers formal-verification records for named obligations recorded build, axiom-purity, marker-existence, or source-interface rows when named by the package not object-language closure, not discovery by it
287	301	proposition	prop:architecture-axis-non-escalation	Axis non-escalation	[Axis non-escalation] In any record-gate-sound package using Definition~def:architecture-axis-map, passage or evidence on one architecture axis cannot certify a load-bearing claim whose claim kind requires another axis. More precisely, if a claim certificate uses an axis A but its stronger reading needs an evidence item or negative-boundary discharge listed only on a different axis A' , then the stronger reading is not accepted unless the package contains a separate submitted coordinate for A' and the gates assigned to that coordinate pass. Consequently Theorem~thm:publication-safety-interface constructs only finite publication certificates whose axis coordinates are explicitly present in the submitted support surface; it does not infer BEDC closure from Lean markers, artifact semantics from manifest rows, proof evidence from agents, venue upload from automath route state, or support-sur
447	464	lemma	lem:source-interface-extraction-correctness	Manual bounded source-interface extraction correctness	[Manual bounded source-interface extraction correctness] For the pinned newmath repository path papers/bedc/parts/visions/audit map methodology/automated theory discovery pipeline calculus.tex at commit 3fb3d6a0641767388a401883062aa522ea0b397b, Table~tab:source-interface-record is the complete imported interface used by this paper at the manual path-verified level and only at that level. Its extraction certificate is: manual line-range audit against the pinned file, mirrored in source interface record.json, extraction date 2026-06-01, and summary mode ``bounded paraphrase'' rather than replacement of the full source statements. Consequently every use below of an imported discovery-gate label is limited to the corresponding row's path, commit, label, line range, and bounded summary. Even when an explicitly named executable finite record comparison is also invoked, the upgraded content is 
486	502	proposition	prop:manual-source-interface-non-escalation	Manual source-interface non-escalation	[Manual source-interface non-escalation] Let I be the imported discovery-gate interface certified by Lemma~lem:source-interface-extraction-correctness. Any later use of an imported source label in this paper is a consequence of I only if it is a function of the finite fields recorded in Table~tab:source-interface-record: the source path, pinned commit, label, line range, extraction date, bounded summary, and evidence-level qualifier. A proposed stronger use---for example an exact import of the original source theorem statement, a fresh BEDC or Lean rebuild, an axiom-purity statement, or a semantic validation of the imported source theorem---is accepted by the finite-record safety interface only after the submitted record surface is enlarged by the corresponding source-statement, formal-build, or command-run coordinate and by the assigned pass records for that coordinate. Without that enl
529	542	proposition	prop:reviewable-source-snapshot-interface	Reviewable source-snapshot interface	[Reviewable source-snapshot interface] The imported discovery-gate spine used in the finite-record interface theorem, Theorem~thm:publication-safety-interface, has a reviewer-facing source interface. Namely, the tuple consisting of the pinned local source path, commit 3fb3d6a0641767388a401883062aa522ea0b397b, Table~tab:source-interface-record, source interface record.json, and the supplemental copy review bundle/source snapshots/automated theory discovery pipeline calculus 3fb3d6a0641767388a401883062aa522ea0b397b.tex is sufficient to inspect every imported source label used by this paper at the path-verified evidence level. The distribution mode for review is supplemental upload of review bundle/ with the presentation-only submission. No public archive URL or DOI is part of the current theorem interface.
559	589	proposition	prop:source-interface-record-file-consistency	Executable source-interface record comparison	[Executable source-interface record comparison] The source-interface table, its JSON mirror, and the bundled source snapshot give one record-level imported discovery-gate interface for the finite-record interface theorem, Theorem~thm:publication-safety-interface. The record fields are as follows: the source commit is 3fb3d6a0641767388a401883062aa522ea0b397b; the bundled snapshot is review bundle/source snapshots/automated theory discovery pipeline calculus 3fb3d6a0641767388a401883062aa522ea0b397b.tex; the finite comparison script is review bundle/verify source interface record.py; the recorded successful comparison log is review bundle/source interface verification run.log; the byte count recorded for the source and snapshot is 20746; the recorded SHA-256 digest checked by the script is a492900222dd66d154cdd5a79d2b2ed0b856ad1ec59e5dfce55dbc21875ed1b2; the recorded snapshot length is 498 
628	644	proposition	prop:source-interface-evidence-level-separation	Source-interface evidence-level separation	[Source-interface evidence-level separation] Let r be any accepted manuscript claim whose discovery component cites one of the imported labels in Table~tab:source-interface-record. If r uses only Lemma~lem:source-interface-extraction-correctness, then the imported-label premise of r is accepted only at the manual path-verified bounded-paraphrase level. If r additionally cites Proposition~prop:source-interface-record-file-consistency, then the same premise is upgraded only by the finite record comparisons listed in that proposition: table--JSON equality, manifest agreement, snapshot digest and line count agreement, and label containment in the declared ranges. In neither case does the premise become a fresh Lean/BEDC rebuild, a proof of the semantic truth of the imported source theorem, or an unbounded restatement of the source text. Consequently the finite-record interface theorem, Theor
715	894	definition	def:operational-acceptance-interface	Operational acceptance interface	[Operational acceptance interface] A claim is a manuscript assertion that can affect a mathematical, artifact, route, or submission decision. A load-bearing claim is a claim whose removal would change a theorem statement, a case-study conclusion, or the submission-readiness status. An advisory output is any AI-agent draft, score, suggested theorem, review packet, or repair proposal before a gate records it. A deterministic gate is a repeatable predicate, script, or checklist whose inputs and pass/fail decision are recorded independently of the prose generated by an agent. A human promotion is the explicit editorial act that moves a candidate into publication state, for example by creating an active 2026 * paper directory with main.tex and PIPELINE.md. An evidence surface is the set of source paths, commits, commands, logs, inventories, and witness records cited for a claim. An acceptance
896	926	definition	def:record-gate-soundness-external-interface	Record-gate soundness external interface	[Record-gate soundness external interface] The external record-gate interface for a package is the finite predicate [ S (P,L, ) ] with the following inputs and outputs. Its inputs are exactly a package P , a submitted support surface S , a finite acceptance ledger L , and the deterministic claim-kind dispatch table of Definition~def:operational-acceptance-interface. Its positive output is the finite family of certificates [ C(c)=(K, ,E,H,R,D,B): c L ] such that E S , V(c, C(c))=1 , every assigned gate in k K (k) has a submitted passing row in R , each evidence pointer in such a row denotes an element of S at the recorded evidence level, the human-promotion coordinate H is present exactly at an intake-to-publication crossing, and the discovery and command-boundary coordinates D and B have the presence conditions required by the verifier predicates P 5 and P 6 . Its negative output, when t
928	940	proposition	prop:record-gate-soundness-external-interface-exactness	Record-gate interface equivalence and non-claim boundary	[Record-gate interface equivalence and non-claim boundary] For the operational acceptance interface of Definition~def:operational-acceptance-interface, the standalone interface in Definition~def:record-gate-soundness-external-interface is equivalent to the predicate S (P,L, ) used in the publication-safety theorem. Moreover, under this interface every consequence used by Theorem~thm:publication-safety-interface is determined by the finite coordinates (P,S,L, ) and by the displayed certificates C(c) ; no implementation-level, semantic, venue-acceptance, fresh-execution, or advisory-evidence claim follows from record-gate soundness unless it appears as one of those finite coordinates.
972	994	definition	def:stronger-reading-preorder	Stronger-reading preorder	[Stronger-reading preorder] Fix the dispatch table and certificate tuple C(c)=(K, ,E,H,R,D,B) of Definition~def:operational-acceptance-interface. A proposed reading c^ + of the same prose claim is record-stronger than c , written c c^ + , if at least one of the following finite coordinates is strictly enlarged while the others are unchanged or enlarged: the claim-kind set K ; the evidence level, from to ; the evidence surface E ; the promotion field H ; the assigned gate-pass family R ; the discovery-interface field D ; or the boundary field B . It is properly stronger if the enlargement is strict in at least one coordinate. It is accepted as a stronger reading only when the enlarged tuple still satisfies : every newly added kind has its assigned gates, every newly raised evidence level has the command tuple required by A6, and every new evidence item is on the submitted support surface 
996	1034	definition	def:certificate-schema-acceptance-table	Certificate-schema acceptance table	[Certificate-schema acceptance table] Fix the seven-kind dispatch table of Definition~def:operational-acceptance-interface. The verifier input for a load-bearing claim c is the following finite record type: [ C(c)= K, ,E,H,R,D,B . ] Its typed fields are these and only these: K is a finite set of claim kinds; , is the declared evidence level; E is a finite evidence-surface list; H is the route-boundary field; R is a finite family of gate pass records, each with gate name, input surface, decision, evidence pointer, and evidence level; D is either empty or a finite list of pinned discovery source-interface rows; and B is the command-boundary field. This is a data schema, not a theorem: all later exactness claims must be proved from this displayed record and cannot appeal to unlisted package state. Define (c, C) to be the conjunction of the six finite table predicates A1--A6 displayed below;
1036	1056	proposition	prop:finite-certificate-schema-verifier	Finite certificate schema verifier as a record check	[Finite certificate schema verifier as a record check] For every load-bearing manuscript claim c whose component kinds lie in the seven-kind domain, V(c, C) is a finite, prose-insensitive record-schema verifier for the declared publication certificate. The submitted package instantiates V by the script review bundle/verify certificate records.py. On the positive package input it reads the schema file, pass-record ledger, submission-interface map, primary-claim inventory, and review-bundle manifest named above, and outputs acceptance in review bundle/certificate verification run.log. On the negative fixture review bundle/negative certificate record example.json it outputs rejection in review bundle/negative certificate record example run.md with the bad subrecord neg1: command-run fields incomplete. If V accepts, then C(c) is locally checkable at exactly its declared evidence level. This 
1102	1136	theorem	thm:verifier-input-output-contract	Verifier input--predicate--output contract	[Verifier input--predicate--output contract] The verifier interface used by the publication-safety theorem is exactly the following finite mathematical-software contract. Its input is a pair (c, C(c)) , where c is a load-bearing manuscript claim and ( C(c)=(K, ,E,H,R,D,B) ) is the certificate record of Definition~def:certificate-schema-acceptance-table, together with the fixed dispatch table and the submitted support surface S . Its checked predicates and outputs are: p 0.12 p 0.30 X Check Predicate actually checked Possible output Q 1 K is nonempty, K ( ) , and , accept this coordinate, or reject with bad fields K, Q 2 each item of E is on S or in an explicitly declared pinned, logged, or historical boundary accept this coordinate, or reject with bad field E and the offending pointer Q 3 every gate assigned by to a kind in K has a passing five-field record in R whose pointer is reviewab
1169	1194	theorem	thm:record-acceptance-exactness	Schema-relative finite-record acceptance exactness	[Schema-relative finite-record acceptance exactness] Fix the seven-kind dispatch table , the two evidence levels, and the typed certificate tuple C(c)=(K, ,E,H,R,D,B) of Definition~def:certificate-schema-acceptance-table. For every load-bearing claim c and every finite candidate certificate C(c) , the finite verifier V of Definition~def:operational-acceptance-interface and Theorem~thm:verifier-input-output-contract accepts C(c) if and only if the six-clause table predicate (c, C) holds. This is a schema-relative and finite-record-relative assertion: both sides read exactly the fields named in the fixed schema and in the finite submitted record surface, and neither side ranges over unrecorded semantic facts about the referenced mathematics, artifacts, or gate implementations. Moreover, if V accepts a record for c , the same record cannot certify any stronger reading c^ + that adds a new c
1229	1246	corollary	cor:executable-schema-exactness-negative-fixture	Executable schema exactness and negative fixture	[Executable schema exactness and negative fixture] Under the hypotheses and fixed schema of Theorem~thm:record-acceptance-exactness, the executable verifier instance review bundle/verify certificate records.py is a finite witness of the same schema-relative relation, not an additional semantic oracle. On the positive submitted package it can witness exactly the records satisfying ( ) at their declared evidence levels. On the negative fixture review bundle/negative certificate record example.json, which upgrades a route record to command-run strength while omitting the command, source state, environment, exit code, and log path, the extracted bad subrecord is exactly the evidence-level declaration together with the incomplete boundary field. Hence the executable example separates the verifier contract from any stronger reading: changing prose or ambient pipeline state while keeping the fi
1268	1289	theorem	thm:finite-coordinate-determination-boundary	Finite-coordinate determination and trust-boundary classifier	[Finite-coordinate determination and trust-boundary classifier] Fix the dispatch table and the verifier V . Let F be the finite schema projection read by V from a certificate record, namely the claim-kind set, declared evidence level, evidence surface, promotion field, gate-pass rows, discovery-source rows, command-boundary tuple, and the assigned gate set determined by . If two ambient pipeline or artifact states induce the same values of all coordinates in F for a claim c , then they induce the same record-acceptance decision and the same finite publication certificate for c . Therefore the exactness of Theorem~thm:record-acceptance-exactness is exactness only relative to this finite schema projection. No property depending on a coordinate outside F ---for example the semantic truth of a referenced theorem, truthful production or implementation soundness of a gate row, a fresh Lean bui
1330	1360	proposition	prop:machine-readable-certificate-records	Machine-readable certificate records	[Machine-readable certificate records] For the current presentation package, the finite record checker V of Proposition~prop:finite-certificate-schema-verifier, with the record-acceptance semantics of Theorem~thm:record-acceptance-exactness, has an executable record-level instance over the review bundle, conditional on exact supplemental inclusion of review bundle/ in the completed submission with matching final digests, as stated in Proposition~audit:review-bundle-availability-condition. The schema file review bundle/certificate schema.json, the pass-record ledger review bundle/current package pass records.json, the primary-interface map review bundle/submission interface map.json, the primary-claim inventory review bundle/primary claim inventory.json, the verifier script review bundle/verify certificate records.py, and the recorded run review bundle/certificate verification run.log ins
1432	1455	theorem	thm:executable-record-non-escalation	Executable record non-escalation	[Executable record non-escalation] Let F be the finite field projection read by review bundle/verify certificate records.py: manifest-field presence, entries a 1 -- a 6 , claim-kind membership, evidence-level membership, assigned-gate coverage, pass-record fields, evidence-level agreement, discovery-field discipline, path-verified boundary status, row locks for sim1--sim4, and row-class locks for pc1--pc12. Assuming the exact-or-archive-equivalent review-bundle support surface of Proposition~audit:review-bundle-availability-condition, among all assertions about the current review bundle that are functions only of this projection, Proposition~prop:machine-readable-certificate-records proves the maximal executable claim: the six current-package certificates satisfy the finite record-acceptance relation of Theorem~thm:record-acceptance-exactness at the declared path-verified fields under th
1490	1514	theorem	thm:executable-certificate-construction-invariant	Executable certificate-construction invariant	[Executable certificate-construction invariant] For the submitted review bundle, let G be the union of the finite fields read by the two executable verifiers review bundle/verify source interface record.py and review bundle/verify certificate records.py. Thus G contains the ten source-interface table triples, the JSON source-interface records, the pinned source snapshot path, digest, line count, declared source commit and line ranges, the six current-package pass-record entries a 1, ,a 6 , the submission-map rows sim1--sim4, the primary-inventory row locks pc1--pc12, and the two recorded successful verifier logs. On the equivalence class of packages with the same projection G , the publication-safety interface has a unique executable finite certificate construction: the imported discovery-gate interface is the sixteen-row checked source interface of Proposition~prop:source-interface-reco
1558	1565	proposition	prop:claim-kind-dispatch	Deterministic claim-kind dispatch	[Deterministic claim-kind dispatch] For every load-bearing manuscript claim whose kind lies in the seven-kind domain above, assigns a unique finite set of deterministic gates. In a pipeline that is record-gate-sound for acceptance, a mixed load-bearing claim may be used as accepted work only if its acceptance entry records passage through every gate in the union assigned to its component kinds.
1579	1609	theorem	thm:mixed-claim-projection-obstruction	Mixed-claim projection obstruction	[Mixed-claim projection obstruction] Let c be a load-bearing mixed claim with nonempty component-kind set K ( ) and submitted candidate certificate C(c)=(K, ,E,H,R,D,B) . For a nonempty subset J K , write [ G J= k J (k) ] and let c J denote the projected reading of c that keeps exactly the claim-kind components in J and keeps the same declared evidence level, evidence surface, promotion boundary, and command boundary, except that the discovery field is required precisely when discovery lies in J . Then the following are equivalent for the projected reading c J : the finite verifier accepts the projected certificate C J=(J, ,E,H,R| G J ,D J,B) , where R| G J is the restriction of R to rows whose gate name lies in G J and D J is D exactly when discovery lies in J and is absent otherwise; every gate g G J has in R a pass record with the five required fields and with an allowed evidence poin
1642	1673	theorem	thm:concrete-finite-script-implementation-soundness	Concrete finite-script implementation soundness	[Concrete finite-script implementation soundness] Let S be the submitted support surface containing review bundle/certificate schema.json, review bundle/current package pass records.json, review bundle/submission interface map.json, review bundle/primary claim inventory.json, source interface record.json, review bundle/REVIEW BUNDLE MANIFEST.json, the bundled pinned source snapshot, and theorem inventory.json. Let V be the four-script family consisting of review bundle/verify certificate records.py, review bundle/verify source interface record.py, review bundle/verify primary claim inventory.py, and review bundle/extract theorem environments.py. Assume that the submitted package contains, for each script in V used as command-run evidence, its source path, invocation command, source state, environment, exit code, and log path. Then the following implementation-level statement is proved fo
1716	1719	corollary	cor:finite-script-rgs-instantiation-boundary	Finite-script record-gate instantiation boundary	[Finite-script record-gate instantiation boundary] Assume the hypotheses of Theorem~thm:concrete-finite-script-implementation-soundness and suppose the submitted command-run records for the four named scripts have exit code 0 . Then the implementation-soundness extension coordinate required by Theorem~thm:assigned-gate-soundness-audit-boundary is instantiated for exactly the finite predicates printed by those scripts. Consequently Theorem~thm:publication-safety-interface may use those command-run rows to support schema-relative certificate coverage, source-interface table equality, primary-claim inventory shape, and theorem-environment label coverage, but not mathematical proof truth, formal-source correctness, artifact semantic validity, venue upload, archive availability, or acceptance.
1726	1755	theorem	thm:assigned-gate-soundness-audit-boundary	Assigned-gate soundness audit boundary	[Assigned-gate soundness audit boundary] Let P be a finite submitted package with pass-record ledger L , dispatch table , and submitted support surface S . For a load-bearing claim c , write G(c)= k K(c) (k) for the finite set of gates assigned to its claim-kind set. The package may use a ledger row for c as a sound record-gate witness only through the finite predicate S (P,L, ) of Definition~def:operational-acceptance-interface. Equivalently, the available finite-record strength is exactly the following: for every g G(c) the submitted ledger contains a pass row for g , including the gate name, input surface, decision, evidence pointer, and evidence level; every evidence pointer named by those pass rows denotes a submitted path, manifest row, theorem/proposition/table label, uploaded bundle file, or explicitly declared historical boundary at the evidence level stated in the row; and if t
1795	1819	theorem	thm:finite-certificate-obstruction-skeleton	Finite certificate obstruction skeleton	[Finite certificate obstruction skeleton] Let c be a load-bearing manuscript claim whose component kinds lie in the seven-kind domain. The verifier of Proposition~prop:finite-certificate-schema-verifier gives the following complete audit classification at the declared evidence level. A certificate for c passes the publication-safety interface if and only if it has no bad subrecord of the following five types: missing evidence surface for the declared evidence level; missing pass record for a gate in k K (k) ; missing human-promotion record when the claim crosses from intake or source material into active publication work; discovery escalation without the pinned discovery-gate source-interface rows for certificate, ledger, lineage, and boundary witnesses; or command-run escalation without command, source commit, environment, exit code, and log path. Equivalently, every unsafe accepted cla
1896	1934	theorem	thm:finite-extension-budget-normal-form	Finite extension-budget normal form	[Finite extension-budget normal form] Fix the dispatch table , the finite certificate schema, and an accepted finite certificate ( C(c)=(K, ,E,H,R,D,B) ) for a load-bearing package claim c . Let c^ + be a proposed stronger reading of the same row which is not record-equivalent to c in the sense of Theorem~thm:finite-coordinate-determination-boundary. Then c^ + is accepted by the publication-safety interface if and only if the submitted finite record surface contains an extension record in the following normal form: [ (c,c^ + )=( K, E, H, R, D, B), ] where the nonempty coordinates are exactly the coordinates needed by the stronger reading: K names every additional claim-kind component asserted by c^ + ; E supplies the submitted evidence surfaces for those added components at the declared evidence level; R supplies pass records for every gate in ( k K K (k) ) not already supplied by R ; H 
1983	1988	proposition	prop:gate-interface-separation	Gate-interface separation	[Gate-interface separation] The promotion, overlap, submission-state, and theorem-content delta gates are separate deterministic interfaces. None can be replaced by passage of another one when a load-bearing claim has the corresponding component.
2007	2025	corollary	cor:human-promotion-daemon-active-track-separation	Human promotion is not daemon-visible active-track equivalence	[Human promotion is not daemon-visible active-track equivalence] In the operational interface of Definition~def:operational-acceptance-interface, a human-promotion record and daemon-visible active-paper markers are not interchangeable certificate fields. More precisely, let c be any route-boundary claim whose accepted certificate is C(c)=(K, ,E,H,R,D,B) . The certificate may be read as saying that a candidate is admitted to the publication-facing package only when the promotion field H records the human editorial act and the corresponding route-gate pass record in R names the active-paper marker surface required by the promotion gate. A record containing only a human-promotion note but no active-paper marker surface does not certify daemon visibility, and a record containing only a daemon-visible 2026 * marker surface but no human-promotion field does not certify editorial promotion. In 
2055	2068	proposition	prop:scheduler-selection-advisory	Scheduler selection is advisory before discovery gating	[Scheduler selection is advisory before discovery gating] Let s be a scheduler or critical-path score attached to a candidate claim c . If s recommends selecting c , then the recommendation is a work-selection claim and by itself can only pass the scheduler gate. If c is also asserted to be a discovery or classifier-shifting contribution in a record-gate-sound pipeline, then the accepted mixed claim must pass both the scheduler gate and the discovery gate. Consequently, critical-path scores may prioritize review order, and the imported classifier-shift selection rule may break ties among otherwise equal discovery potential coordinates, but neither score nor recommendation accepts a classifier-shift discovery unless the discovery gate also supplies the required certificate, ledger, and lineage witnesses.
2130	2146	proposition	prop:publication-safety-minimal-bad-record-witness	Minimal bad-record witness for command-run escalation	[Minimal bad-record witness for command-run escalation] In the operational interface of Definition~def:operational-acceptance-interface, let r be a submitted claim record whose claim-kind set is route , whose evidence level is declared to be command-run, and whose boundary field contains no command-run tuple ( , , , , ) . Suppose all other route coordinates of r are filled: there is an evidence pointer, a human-promotion marker at the declared boundary, and pass rows for the promotion, overlap, and submission-state gates. Then the schema verifier rejects r , and the inclusion-minimal bad subrecord is exactly the pair consisting of the evidence-level declaration ``command-run'' and the boundary field missing the five command-run coordinates. In particular, adding more prose, advisory scores, route history, or path-verified evidence surfaces cannot repair the rejected stronger reading unle
2174	2257	theorem	thm:publication-safety-interface	Conditional finite-record safety interface under record-gate soundness	[Conditional finite-record safety interface under record-gate soundness] Consider a theory-to-paper pipeline with the operational interface above and a finite submitted record surface consisting only of the manuscript source, printed tables, submitted manifests, uploaded review-bundle records, recorded logs, and explicitly declared historical boundaries. Assume the following four distinct finite-record hypotheses. Acceptance entries: every load-bearing claim in an active manuscript is either rejected or has an acceptance entry with an evidence surface inside this finite submitted record surface. Record-gate soundness: writing S for this finite submitted record surface and L for the acceptance ledger, the package satisfies the finite predicate S (P,L, ) of Definitions~def:operational-acceptance-interface and def:record-gate-soundness-external-interface as proved equivalent in Proposition~
2358	2387	theorem	thm:finite-record-certificate-rigidity	Finite-record certificate rigidity	[Finite-record certificate rigidity] Fix the finite submitted record surface S , acceptance ledger L , dispatch table , and schema verifier V used in Theorem~thm:publication-safety-interface. Assume the same record-gate soundness and source-interface hypotheses as that theorem. For every accepted load-bearing claim c with certificate ( C(c)=(K, ,E,H,R,D,B) ), the following are equivalent for a properly stronger reading c^ + in the preorder of Definition~def:stronger-reading-preorder. The same interface accepts c^ + over S . The submitted surface contains exactly the finite extension coordinates required by the normal form of Theorem~thm:finite-extension-budget-normal-form for the changed axis, evidence level, discovery component, artifact-semantic component, implementation-soundness component, theorem-completeness component, command-run component, support-surface component, or venue comp
2440	2490	theorem	thm:boundary-axis-non-escalation-exactness	Boundary-axis exact non-escalation	[Boundary-axis exact non-escalation] Assume the hypotheses of Theorem~thm:publication-safety-interface, and let (c ) be any load-bearing claim accepted by the finite certificate constructed there. The following five stronger readings of (c ), when they are not already record-equivalent to (c ), are accepted by the same publication-safety interface if and only if the submitted finite support surface contains the indicated positive extension coordinates and the added coordinates pass the gates assigned by ( ): An external implementation-soundness reading is accepted exactly when the package adds implementation-soundness records for the relevant external gate: the implemented gate or checker identity, its source state or version, the specification it is asserted to implement, and either a pass row for the implementation-soundness gate or a command-run tuple with command, source state, envir
2561	2606	theorem	thm:presentation-scoped-boundary-normal-form	Scoped boundary normal form for the presentation package	[Scoped boundary normal form for the presentation package] Assume the submitted package is evaluated only through the finite-record interface of Theorem~thm:publication-safety-interface. Then every accepted load-bearing claim using one of the five interface components below has the stated maximal bounded reading, and every strictly stronger reading has the indicated unpaid obstruction unless the submitted surface is enlarged by a fresh finite coordinate and its assigned pass record. Publication safety: the accepted reading is conditional finite-record safety under the external record-gate-soundness predicate ( S (P,L, ) ). An implementation-soundness reading of the record gates is obstructed by a missing implementation-specification, source-state, and implementation-soundness pass or command-run coordinate. Imported source interface: the accepted reading of Lemma~lem:source-interface-ext
2688	2716	proposition	prop:certificate-constructor-bad-subrecord-extractor	Certificate constructor and bad-subrecord extractor	[Certificate constructor and bad-subrecord extractor] Assume the four finite-record hypotheses of Theorem~thm:publication-safety-interface. For every ledger row (c ) there is a deterministic partial constructor [ (c)=(K, ,E,H,R,D,B) ] and a deterministic extractor ( (c) ) with the following properties. ( (c) ) is defined and accepted if and only if the six-clause predicate ( (c, (c)) ) holds. If ( (c) ) is rejected, then ( (c) ) is an inclusion-minimal finite bad subrecord of one of the five obstruction skeletons in Theorem~thm:finite-certificate-obstruction-skeleton: missing submitted evidence, missing assigned gate record, missing route or external decision field, missing pinned discovery row, or unsupported command-run boundary. For every properly stronger reading (c^ + ) of an accepted row, the same extractor rejects (c^ + ) exactly at the first unpaid positive extension coordinate o
2752	2769	proposition	prop:publication-safety-maximality	Finite-record maximality	[Finite-record maximality] Under the hypotheses of Theorem~thm:publication-safety-interface, the constructed certificate is maximal with respect to the finite submitted record surface. More precisely, let c be an accepted load-bearing claim and let (c)=(K, ,E,H,R,D,B) be the certificate constructed in that theorem. If a stronger reading c^ + asserts any external end-to-end compiler correctness, current execution of unrecorded gates, proof-assistant correctness, current formal-source currency, dynamic artifact semantics, or venue acceptance, then either c^ + is not a distinct finite-record consequence of (c) , or its certificate must strictly enlarge one of K, ,E,H,R,D,B by adding the corresponding claim kind, evidence surface, gate pass record, promotion or venue field, discovery-interface row, or command-run tuple. In the latter case, if the enlargement is absent, a finite bad subrecord
2794	2814	corollary	cor:publication-safety-current-package-instance	Current-package source-level instance of the safety interface	[Current-package source-level instance of the safety interface] For the current package, assume the support-surface condition later closed by Theorem~thm:final-support-surface-closure: the exact supplemental review bundle/ directory is uploaded with the submission, or an archive-equivalent replacement with matching final digest records is supplied. Under that explicit availability condition, the finite pass-row components of the hypotheses of Theorem~thm:publication-safety-interface are witnessed by the machine-readable evidence map of Proposition~prop:machine-readable-certificate-records, the acceptance ledger of Proposition~prop:current-package-acceptance-certificate-ledger, the assigned-gate boundary of Theorem~thm:assigned-gate-soundness-audit-boundary, and the four path-complete case witnesses of Proposition~prop:path-complete-case-witnesses. Therefore the current package instantiat
2836	2850	corollary	cor:finite-record-gate-soundness-boundary	Finite-record boundary for external gate soundness	[Finite-record boundary for external gate soundness] Under the hypotheses of the finite-record interface theorem, Theorem~thm:publication-safety-interface, the publication-safety conclusion is invariant under replacement of the surrounding implementation by any other implementation with the same submitted acceptance entries, evidence surfaces, promotion fields, discovery-interface rows, and evidence-level boundaries. Therefore the theorem cannot be used, without an additional submitted record-gate-soundness certificate, to infer external workflow correctness, current execution of unrecorded gates, Lean correctness, artifact semantic validity, or venue acceptance. Conversely, any manuscript assertion that tries to promote the finite certificate constructor to one of those stronger implementation claims has a finite overclaim witness: either the required field is absent from ( C(c) ), or t
2883	2919	theorem	thm:implementation-soundness-extension-criterion	Boundary extension criterion for implementation-soundness readings	[Boundary extension criterion for implementation-soundness readings] Fix the dispatch table and the finite certificate schema of Proposition~prop:finite-certificate-schema-verifier. A reading of a load-bearing package claim as an implementation-soundness claim is accepted by the same publication-safety interface if and only if the submitted finite record surface is enlarged by an implementation-soundness extension record [ (c)=(K^ ,E^ ,R^ ,B^ ) ] with the following properties. K^ contains the additional implementation claim kind or claim-kind component being asserted, rather than merely reusing the original finite-record claim kind of c . E^ is a submitted finite evidence surface naming the implementation object being certified: for example the relevant source path, version or commit, configuration, executable verifier, and implementation-log surface. R^ contains a pass record, with evid
3007	3046	proposition	prop:current-package-acceptance-certificate-ledger	Current-package acceptance and certificate ledger	[Current-package acceptance and certificate ledger] Let P^ + be the finite current package consisting of the primary source submission abstract.tex, this supplement main.tex, and, under the exact-or-archive-equivalent support-surface condition of Proposition~audit:review-bundle-availability-condition, review bundle/REVIEW BUNDLE MANIFEST.json, together with review bundle/certificate schema.json, review bundle/current package pass records.json, review bundle/submission interface map.json, review bundle/primary claim inventory.json, review bundle/verify certificate records.py, review bundle/certificate verification run.log, and the explicit historical paths named in the case catalogue. Root-level diagnostics such as PIPELINE.md, SOURCE MAP.md, ARTIFACT INVENTORY.md, and source interface record.json may explain local provenance or path-verified history, but they are not finite package coord
3117	3162	theorem	thm:current-package-certificate-exactness	Current-package schema-relative finite-record certificate exactness	[Current-package schema-relative finite-record certificate exactness] For the six-row finite current-package state P^ + 6 of Proposition~prop:current-package-acceptance-certificate-ledger, assume the support-surface availability condition of Theorem~thm:final-support-surface-closure: the submitted supplemental material contains the exact review bundle/ directory with review bundle/FINAL DIGESTS SHA256.md, with refreshed digest rows and rerun finite-verifier logs for every named bundle coordinate regenerated after the digest surface was written. With that support surface present, the six ledger entries a 1, ,a 6 as printed in Tables~tab:current-acceptance-ledger and~tab:current-certificate-ledger and as checked by review bundle/certificate verification run.log are exactly the accepted schema-relative finite-record instantiation of the finite-record interface theorem, Theorem~thm:publicati
3230	3252	theorem	thm:manual-ledger-dependence-boundary	Ledger dependence and semantic extractor-completeness boundary	[Ledger dependence and semantic extractor-completeness boundary] For the current package, the exactness assertions in Proposition~prop:current-package-acceptance-certificate-ledger, Theorem~thm:current-package-certificate-exactness, and Theorem~thm:theorem-obligation-ledger-boundary are exactly finite-record claims over the displayed ledger rows, the submitted theorem-obligation inventory, and the syntactic theorem-environment extractor certificate of Theorem~thm:deterministic-theorem-environment-extractor-boundary. They therefore imply deterministic label coverage for the five environment classes in E , but they imply neither proof semantics nor completeness for material outside that syntactic domain. A stronger current-package claim of semantic extractor completeness is accepted by the same certificate calculus if and only if the support surface is enlarged by a finite semantic-complet
3309	3325	corollary	cor:row-frozen-current-package-invariance	Row-frozen current-package invariance	[Row-frozen current-package invariance] Under the support-surface hypotheses of Theorem~thm:current-package-certificate-exactness, the current-package acceptance decision factors through the six displayed rows (a 1, ,a 6 ) and their certificate fields only. Any two ambient repository, daemon, artifact, or venue states that induce the same six tuples ( C(a i)=(K i, i,E i,H i,R i,D i,B i) ), the same submitted support surface, and the same verifier log path induce the same accepted current-package certificate set. Conversely, a reading that depends on a seventh row, a modified row, a fresh command execution, semantic validity of BEDC/Lean/Rule110 artifacts, implementation soundness of the verifier or gates, upload status, or venue decision is not invariant under this six-row projection and is accepted only after it is added as a finite extension coordinate and rechecked. Thus the current-p
3351	3386	theorem	thm:current-package-extension-coordinate-rigidity	Current-package extension-coordinate rigidity	[Current-package extension-coordinate rigidity] Assume the support-surface hypotheses of Theorem~thm:current-package-certificate-exactness. Let (P^ + 6 ) be the accepted six-row current-package state and let (F 6 ) be its finite schema projection: the row identifiers (a 1, ,a 6 ), their tuples ( C(a i)=(K i, i,E i,H i,R i,D i,B i) ), the submitted support surface, the fixed dispatch table, and the recorded verifier log. Then (F 6 ) is the largest current-package invariant certified by this submission before adding a new finite coordinate. More precisely: any two ambient repository, daemon, implementation, artifact, upload, or venue states with the same (F 6 ) have the same accepted current-package certificate set; no current-package reading that asserts gate-implementation soundness, fresh full-source or artifact rerun success, artifact-semantic validity, semantic theorem-inventory compl
3443	3468	theorem	thm:current-package-semantic-non-escalation	Current-package semantic non-escalation	[Current-package semantic non-escalation] Let P^ + 6 be the six-row current-package state of Theorem~thm:current-package-certificate-exactness, and assume the same support-surface availability condition. For each accepted row a i with certificate ( C(a i)=(K i, i,E i,H i,R i,D i,B i) ), the following are equivalent for any proposed stronger reading a i^ + of the same manuscript row. a i^ + is accepted by the finite-record safety interface for the current package. The package supplies a positive extension record ( (a i,a i^ + ) ) of the normal form in Theorem~thm:finite-extension-budget-normal-form, and every nonempty coordinate of that record lies on the submitted support surface and passes its assigned gates. Consequently no row of P^ + 6 entails, by itself, semantic correctness of BEDC source theory, Lean, Rule110/GroundCompiler, the certificate-verifier implementation, upload surfaces
3509	3540	corollary	cor:current-package-path-verified-instantiation	Current package path-verified instantiation	[Current package path-verified instantiation] For the current presentation package, let P be the finite package consisting of the primary source submission abstract.tex, this supplement main.tex, and the exact-or-archive-equivalent review-bundle support surface of Proposition~audit:review-bundle-availability-condition, together with the executable certificate records named in Proposition~prop:machine-readable-certificate-records. Root-level workflow diagnostic files are local historical/path-verified context only unless their records are represented on that submitted surface. The path catalogue in P , through the exact six-row certificate map of Theorem~thm:current-package-certificate-exactness, instantiates the finite-record interface theorem, Theorem~thm:publication-safety-interface, at the path-verified evidence level as follows. The imported discovery-gate interface is fixed by the p
3612	3623	lemma	lem:gate-witness-criterion	Gate-witness criterion	[Gate-witness criterion] A case record is a historical path-verified witness for the safety interface when it names the source or artifact snapshot surface, the invariant that failed, the gate decision recorded for that snapshot, and the safe manuscript lesson. Under the finite-record interface theorem, Theorem~thm:publication-safety-interface, such a witness can support a case-study claim about the recorded historical gate surface, but not a stronger command-run, benchmark, live-daemon, rebuild, dynamic-artifact, or semantic validation claim, unless the corresponding command, source state, environment, exit code, and log path are also recorded.
3637	3661	proposition	prop:path-complete-case-witnesses	Path-complete case witnesses	[Path-complete case witnesses] Suppose a case-study row is used as load-bearing evidence for the finite-record interface theorem, Theorem~thm:publication-safety-interface. If the row is path-complete in the sense above, then the row supplies exactly the evidence surface required for a path-verified historical snapshot case claim and no evidence surface for a fresh daemon, full-source, theorem-content, artifact-suite, benchmark, or semantic-substrate rerun. In fact every accepted path-complete case row factors through one of four finite witness skeletons---promotion, route/submission blocking, theorem-content non-growth, or artifact-limitation disclosure---and its admissible manuscript lesson is the unique bounded lesson attached to that skeleton. Replacing that lesson by a fresh experiment, dynamic validation, live benchmark, or semantic artifact claim changes the skeleton by adding a co
3765	3783	proposition	prop:review-bundle-case-snapshot-coverage	Review-bundle case-snapshot coverage	[Review-bundle case-snapshot coverage] For the four case-study rows in Table~tab:case-witnesses, the review bundle contains a finite external-review surface for every local case path used by the paper. The Newmath block has two local paths, the upper-fibers block has five local paths, the fake-extension block has two local paths, and the Rule110 block has four local paths, for thirteen local-path strings after resolving this paper's relative ARTIFACT INVENTORY.md to its absolute path in the paper directory. The manifest file review bundle/REVIEW BUNDLE MANIFEST.json has one case evidence entry for each case row and, inside each entry, a reviewable snapshots list matching those local paths. File-valued local surfaces are copied into review bundle/case snapshots/; directory-valued local surfaces are represented there by directory file-manifests. Consequently the case-study claim made by th
3824	3854	theorem	thm:case-witness-skeleton-rigidity	Case-witness skeleton rigidity	[Case-witness skeleton rigidity] Let (r ) be one of the four case-study rows in Table~tab:case-witnesses, and assume the path-completeness and review-bundle coverage conclusions of Propositions~prop:path-complete-case-witnesses and prop:review-bundle-case-snapshot-coverage. Then the accepted information carried by (r ) is exactly one of the following four skeleton lessons: a promotion skeleton: an intake packet is not daemon-visible publication work before human promotion; a route/submission skeleton: an overlap or submission-state gate blocks advancement until one of the recorded next actions occurs; a theorem-content skeleton: file churn or compilation does not by itself show substantive theorem growth or accepted discovery; or an artifact-limitation skeleton: a bounded artifact limitation must be disclosed or must block the corresponding artifact claim. Moreover this skeleton classifi
3962	3981	proposition	audit:fresh-venue-record-criterion	Fresh venue-record criterion	[Fresh venue-record criterion] Assume that the final submitted support surface contains either the venue-check record VENUE CHECK.md and log VENUE CHECK RUN 2026-06-04.log, the later local-date rerun log review bundle/VENUE BIBLIOGRAPHY LIVE CHECK 2026-06-06.log, or an archive-equivalent replacement naming the same checked URLs, observation time, route rules, command result, source state, environment, exit code, and log path. Then the venue row of Proposition~audit:venue-submission-pack-gate is accepted for the current package only when the upload is made on that checked rule state or after a later record with the same fields has replaced it. If that support surface is not submitted, or if an upload occurs after a venue-page change without a replacement record, the package retains only a dated local readiness observation and cannot certify upload-time venue compliance. If the local venue
4003	4017	theorem	thm:venue-rule-freshness-non-escalation	Venue-rule freshness non-escalation	[Venue-rule freshness non-escalation] Let U be the finite dated venue record consisting of the official call URL, the submission-form URL, the style-guideline URL, the observation date and time, the HTTP-status run witness VENUE CHECK RUN 2026-06-04.log or the later rerun witness review bundle/VENUE BIBLIOGRAPHY LIVE CHECK 2026-06-06.log, the observed route class, page limit, proceedings boundary, deadline, supplement access rule, and the local witness rows in Table~tab:venue-submission-pack-gate. The venue component of the current finite-record package is accepted exactly for uploads whose venue-rule state is represented by U or by a later replacement record with the same fields. If an upload is made after a venue-page change, or if no upload-time replacement record is supplied, then the package retains only a historical venue observation and cannot certify submission-pack readiness, Ea
4045	4058	corollary	cor:historical-venue-record-non-escalation	Historical venue record non-escalation	[Historical venue record non-escalation] The venue check recorded at VENUE CHECK RUN 2026-06-04.log, with local observation time 2026-06-04 10:15 Asia/Singapore, is a historical venue record. For the present post-2026-06-04 source state it is superseded, for local readiness only, by the rerun log review bundle/VENUE BIBLIOGRAPHY LIVE CHECK 2026-06-06.log, whose local observation time is 2026-06-06 13:48:33 Asia/Singapore and whose exit code is 0. Neither dated record certifies actual upload-time EasyChair compliance, acceptance, or proceedings status unless the final submitted support surface also contains either an upload-time record with the same fields or an explicit statement that the upload used the unchanged venue-rule state represented by the latest dated record.
4074	4094	corollary	cor:upload-time-venue-compliance-record-requirement	Upload-time venue-compliance record requirement	[Upload-time venue-compliance record requirement] The logs VENUE CHECK RUN 2026-06-04.log and review bundle/VENUE BIBLIOGRAPHY LIVE CHECK 2026-06-06.log are dated local-readiness records. For the current package they certify only the venue rule state observed at their recorded observation times. They do not certify upload-time EasyChair compliance unless the final submitted support surface also contains either a later upload-time venue/bibliography record with the same URL, observation-time, command-result, source-state, environment, exit-code, and log-path fields; or a finite statement that the completed upload used the unchanged venue-rule state represented by the latest included dated record. If neither record is present, all venue-dependent conclusions in Proposition~audit:venue-submission-pack-gate and Table~tab:venue-submission-pack-gate remain historical local-readiness claims and
4117	4132	proposition	prop:round-five-venue-record-instantiation	Round-five venue-record instantiation	[Round-five venue-record instantiation] The file review bundle/VENUE BIBLIOGRAPHY LIVE CHECK 2026-06-06.log instantiates the dated local-readiness branch required by Corollary~cor:upload-time-venue-compliance-record-requirement. Its finite fields are the command PowerShell Invoke-WebRequest against CICM route pages and bibliography authority pages, environment Windows PowerShell 5.1 from paper directory; network enabled, source state current working tree for main.tex, submission abstract.tex, references.bib, theorem inventory.json, theorem inventory.md, review bundle/REVIEW BUNDLE MANIFEST.json, and review bundle/FINAL DIGESTS SHA256.md at the recorded 2026-06-06 local-readiness packaging, exit code 0, and log path review bundle/VENUE BIBLIOGRAPHY LIVE CHECK 2026-06-06.log. This is not an EasyChair upload receipt, venue acceptance record, or proceedings-status certificate.
4166	4182	proposition	audit:venue-submission-pack-gate	Venue-submission pack gate	[Venue-submission pack gate] Assume that, at final upload time, the CICM presentation-only call still has the venue rules listed in Table~tab:venue-submission-pack-gate, as certified by the fresh finite record required in Theorem~thm:venue-rule-freshness-non-escalation. Then the current package is submission-pack ready for this route exactly when the finite gate in that table passes: the primary artifact is the two-page-plus-bibliography source submission abstract.tex, the LNCS-style source and bibliography files are present, the selected exact support surface review bundle/ is supplied with review bundle/FINAL DIGESTS SHA256.md and the root theorem inventory.json coordinate named there, and the title/author metadata remains in the primary source. This gate is a local readiness certificate only; it does not assert EasyChair upload, reviewer approval, acceptance, camera-ready approval, or
4228	4238	proposition	audit:submission-artifact-role-separation	Submission artifact role separation	[Submission artifact role separation] For the current presentation-only route, the primary artifact, long technical supplement, and review bundle have distinct review roles. The primary source submission abstract.tex states the presentation claim, main.tex proves the long-form interface theorems and records the case tables, and review bundle/ supplies the supplemental source snapshots, case snapshots, and machine-readable manifest rows. None of these roles converts the support bundle into a second primary submission or converts a primary-artifact claim into an uncited supplement claim.
4320	4343	proposition	prop:formal-source-gate-instantiation	Formal-source gate instantiation	[Formal-source gate instantiation] For the current presentation package, the Lean-facing assertions in rows pc3 and pc4 of Table~tab:primary-claim-inventory are accepted only as bounded contextual interfaces, not as accepted formal-source claims. The accepted certificate surface is the traceability row a 1 , the fake-extension boundary row a 5 , Table~tab:source-interface-record, source interface record.json, review bundle/primary claim inventory.json, and review bundle/certificate schema.json. These records certify that the short note may mention the mathlib-free design, marker-audit, and axiom-purity audit vocabulary only as source-interface context and only with the evidence boundary stated in rows pc3 and pc4. They do not certify a fresh Lean build, a current full-source marker audit, an absence-of-axioms theorem, or an accepted axiom-purity pass for the whole newmath tree. Conversel
4387	4398	theorem	thm:formal-source-promotion-obstruction	Formal-source promotion obstruction	[Formal-source promotion obstruction] In the current presentation package, no manuscript sentence about the Lean/BEDC source interface can be promoted from bounded contextual interface evidence to an accepted formal-source claim unless the certificate is enlarged by an accepted formal-source row containing build-gate and axiom-purity-gate pass records. If a fresh execution reading is also asserted, the certificate must additionally contain the command, source commit or final package digest manifest, environment, exit code, and log path required for command-run evidence. With the present six-row package ledger, every such promotion attempt has a finite bad subrecord and is rejected by the schema verifier.
4428	4453	theorem	thm:evidence-level-overclaim-obstruction	Evidence-level overclaim obstruction	[Evidence-level overclaim obstruction] Fix the certificate schema, dispatch function, and evidence-level vocabulary of this paper. Let c be a load-bearing claim whose accepted certificate has level path-verified and whose boundary field B records that no command-run assertion is made. Then every stronger reading of c that asserts any of the following additional conclusions is rejected by the finite schema verifier: external gate soundness for an arbitrary implementation of the workflow; Lean correctness, full-source rebuild success, or axiom-purity beyond the recorded formal-source gate fields; end-to-end external semantic validity of artifact data beyond the finite manifest and evaluator surfaces named in E and R ; a fresh daemon run, full-source rerun, Rule110 or GroundCompiler rerun, or journal or workshop acceptance; or bundle-backed reviewability when neither review bundle/ nor an a
4503	4560	theorem	thm:finite-witness-manifest-record-interface	Finite-witness manifest-bounded record interface	[Finite-witness manifest-bounded record interface] This theorem is a manifest-bounded finite-record interface instance of Theorem~thm:evidence-level-overclaim-obstruction: it records only the bounded manifest/evaluator coordinates that may be checked, and it rejects stronger artifact readings unless the package supplies the additional finite records required for them, such as semantic-validation pass records or fresh rerun logs. The interface domain is the finite set [ M a 6 = , , , , , . ] No Rule110 or GroundCompiler property outside M a 6 is asserted or certified; semantic validation outside this finite set requires a new artifact or evaluator-command certificate. For the current presentation package, assuming the named review-bundle records are supplied as supplemental material or by an accepted archive-equivalent surface, the finite-witness assertions in rows pc5, pc6, and pc11 of T
4623	4648	corollary	cor:artifact-semantic-validity-boundary	Artifact semantic-validity boundary for finite witnesses	[Artifact semantic-validity boundary for finite witnesses] Let c be a finite-witness artifact claim in the current package whose accepted certificate uses the artifact row a 6 , and let M a 6 be the manifest-bounded coordinate set of Theorem~thm:finite-witness-manifest-record-interface. If a proposed stronger reading c^ asserts semantic validity of the unbounded Rule110/GroundCompiler artifact, semantic correctness of a dynamic evaluator, or artifact validity beyond the exact evaluator contract recorded in M a 6 , then c^ is not certified by the present manuscript package. It becomes a certifiable reading only after the package adds one of the following finite coordinates: an artifact pass record whose input surface is the exact evaluator contract and whose boundary field states the semantic property being checked; or a command-run tuple for the evaluator, including source state, environ
4686	4702	proposition	prop:primary-claim-row-classification	Primary-claim conditional inventory-audit classification	[Primary-claim conditional inventory-audit classification] Assume the current primary source submission abstract.tex is the submitted primary artifact, the twelve-row inventory review bundle/primary claim inventory.json is supplied with the review bundle or an accepted archive-equivalent support surface, and the finite manual inventory audit has identified pc1, ,pc12 as the load-bearing primary assertions. Then the current primary-claim inventory is complete for the short presentation note in the following conditional inventory-audit sense. Rows pc1, pc8, pc9, pc10, pc11, and pc12 are accepted certificate rows at the evidence level named in Table~tab:primary-claim-inventory. Rows pc2, pc3, pc4, pc5, and pc7 are bounded contextual interface rows. Row pc6 is accepted only through the bounded artifact certificate a 6 . Relative to that finite audit, there is no remaining non-classified or h
4751	4784	proposition	prop:primary-inventory-freshness-criterion	Primary-inventory freshness criterion	[Primary-inventory freshness criterion] Let S be a later edited version of submission abstract.tex, and let I be a primary-claim inventory with rows of the same form as review bundle/primary claim inventory.json: each row gives a location in S , a claim text or bounded paraphrase, a row status, a certificate surface, and an evidence level. Suppose a manual claim audit of S produces a finite list of load-bearing assertions and verifies the following three conditions: every load-bearing assertion in S appears in exactly one row of I ; each row of I points to a supplement theorem, table row, manifest row, or bounded-context status that exists in the submitted package; and for every row, the status and evidence level do not exceed what its cited certificate surface proves under the finite record semantics of the schema-relative finite-record exactness theorem, Theorem~thm:record-acceptance-e
4818	4830	proposition	prop:primary-supplement-interface-map	Primary--supplement interface map	[Primary--supplement interface map] Every load-bearing claim made in the current primary artifact submission abstract.tex is certified by an explicit supplement theorem, table row, or manifest row at a declared evidence level. The certification map is Table~tab:submission-interface-map, refined by Table~tab:primary-claim-inventory, and mirrored in the submission interface map field of review bundle/REVIEW BUNDLE MANIFEST.json and the file review bundle/submission interface map.json. Therefore a reviewer can check the short-paper publication-safety invariant against this supplement without inferring hidden claims from prose.
5062	5070	theorem	thm:exact-inclusion-support-surface-realization	Exact-inclusion support-surface realization	[Exact-inclusion support-surface realization] For the current package the selected support branch is exact supplemental inclusion of review bundle/, but this branch remains conditional until an external upload-or-archive instantiation record exists. If the completed submission contains that directory with the certificate-file digests listed in review bundle/FINAL DIGESTS SHA256.md, then every bundle-backed claim in this supplement has a submitted finite support surface at its stated path-verified evidence level. If the exact directory is not submitted, then the same support conclusion holds only after replacing it by an archive satisfying the five tests of Table~tab:review-bundle-archive-equivalence; no venue upload receipt, public DOI, or archive locator is claimed for the present package.
5099	5118	theorem	thm:final-support-surface-closure	Final support-surface closure	[Final support-surface closure] For the current package, using Proposition~prop:final-package-shape-convention, Audit record~prop:exact-review-bundle-upload-witness, and Theorem~thm:exact-inclusion-support-surface-realization, the bundle-backed claims in this supplement are admissible at the stated path-verified evidence level exactly when the submitted supplemental material contains the exact directory review bundle/ whose final packaging record is review bundle/FINAL DIGESTS SHA256.md. The exact directory branch also requires that any post-generation change to a named bundle file be followed by refreshed SHA-256 rows in that final digest record and by rerunning the finite verifiers whose records cite the changed coordinate. A replacement archive is not a current package branch; it would have to satisfy Table~tab:review-bundle-archive-equivalence and provide a locator before a future pa
5221	5247	theorem	thm:workspace-final-package-reconciliation	Workspace-to-final-package reconciliation	[Workspace-to-final-package reconciliation] Let D 0 be the digest manifest review bundle/FINAL DIGESTS SHA256.md, and let H i denote the source state printed in verifier log i . The source-state claim made in Audit record~prop:final-immutable-package-state-certificate is the finite package claim consisting of these recorded pairs (H i,D 0) , not a claim that every later reviewer checkout, editor workspace, or post-packaging working tree has Git HEAD equal to a single historical commit. If a current workspace reports a different Git HEAD from one of the historical rows, then the verifier-log and bundle-backed claims of this supplement remain admissible exactly in the following two reconciled cases: the submitted support surface is exact inclusion of review bundle/, or an archive equivalent to it, whose finite certificate files match the SHA-256 rows of D 0 ; or the package is deliberately
5314	5340	theorem	thm:support-surface-normal-form	Support-surface normal form for bundle-backed claims	[Support-surface normal form for bundle-backed claims] For the current presentation package, every accepted use of a bundle-backed certificate coordinate is in exactly one of the following normal forms. Exact inclusion: an external upload or submission receipt records that the submitted support surface contains the exact review bundle/ directory whose certificate-file bytes match review bundle/FINAL DIGESTS SHA256.md. Archive-equivalent inclusion: a replacement archive satisfies every row of Table~tab:review-bundle-archive-equivalence, including manifest identity, bundle-version identity, finite file-list identity, SHA-256 content identity, and relative path semantics. Promoted rerun: the package is advanced to a new source state by rerunning the verifier commands and replacing the displayed source-state record, verifier logs, and digest manifest by one common finite commit--manifest cer
5381	5396	theorem	thm:upload-or-archive-instantiation-boundary	Upload instantiation boundary	[Upload instantiation boundary] Before the bundle-backed claims of this supplement are treated as part of a completed venue submission, the external submission record must instantiate the support-surface branch selected by Proposition~prop:final-package-shape-convention and Theorems~thm:final-support-surface-closure and thm:support-surface-normal-form: it must record that review bundle/ was uploaded exactly with digest manifest D 0 and with the root theorem inventory.json coordinate named by the manifest and ledger. The TeX source and the local digest manifest select that exact-inclusion branch but do not constitute a venue upload receipt. In the present source package no such external receipt is recorded; consequently all bundle-backed claims are proved only as conditional source-level support claims until the missing external exact-inclusion record is supplied.
5417	5425	corollary	cor:upload-or-archive-instantiation-record	Upload-or-archive instantiation record	[Upload-or-archive instantiation record] The bundle-backed support claims of the current package may be used only under the external-record condition of Theorem~thm:upload-or-archive-instantiation-boundary. In particular, review bundle/FINAL DIGESTS SHA256.md is a local byte-level packaging manifest and not, by itself, an upload receipt or an archive locator; no archive replacement branch is selected for this source package.
5432	5446	proposition	prop:no-external-instantiation-from-local-bundle-records	No external instantiation from local bundle records	[No external instantiation from local bundle records] In the current source package, the rows of review bundle/FINAL DIGESTS SHA256.md, the manifest fields of review bundle/REVIEW BUNDLE MANIFEST.json, the bibliography entries automath-publication-pipeline,auditable-pipeline-review-bundle, and the support notes in this supplement instantiate only a local exact-inclusion support mode. They do not instantiate either admissible external-support branch of Corollary~cor:upload-or-archive-instantiation-record. Consequently any claim depending on a file under review bundle/ or on the root theorem ledger theorem inventory.json remains a conditional local package-support claim unless a later finite update supplies an exact venue-upload receipt or an archive-equivalent locator and records it in the manuscript, manifest, bibliography, and digest surfaces.
5473	5518	proposition	prop:upload-or-archive-instantiation-update-protocol	Upload-or-archive instantiation update protocol	[Upload-or-archive instantiation update protocol] Suppose a later venue upload receipt or archive-equivalent locator is to be used to replace the current no-receipt boundary of Corollary~cor:upload-or-archive-instantiation-record by an externally instantiated submitted-support claim. Then the replacement is accepted by the finite-record interface if and only if one of the two following finite update protocols is performed. The manuscript surfaces in the statement are precisely submission abstract.tex and main.tex; the manifest surface is review bundle/REVIEW BUNDLE MANIFEST.json; the bibliography surface is references.bib; and the digest surface is review bundle/FINAL DIGESTS SHA256.md or a replacing digest manifest named by both manuscript sources and by the manifest. Exact-upload update. submission abstract.tex and main.tex record the receipt or venue submission identifier for the exac
5564	5587	corollary	cor:current-no-receipt-support-surface-non-escalation	Current no-receipt support-surface non-escalation	[Current no-receipt support-surface non-escalation] In the current source package the records review bundle/FINAL DIGESTS SHA256.md, review bundle/REVIEW BUNDLE MANIFEST.json, review bundle/current package pass records.json, and theorem inventory.json do not contain a venue upload receipt, public DOI, institutional archive identifier, or archive-equivalent locator for review bundle/. Hence every claim whose evidence surface is a bundle-local path is accepted only as a conditional exact-supplemental-inclusion claim. Such a claim becomes an externally instantiated submitted-support claim only after one of the two finite records below is added to the submitted support surface: an upload receipt naming the exact review bundle/ directory and the final digest manifest; or an archive-equivalent locator satisfying the file-list, digest, manifest, and path-semantics tests of Audit record~audit:re
5615	5626	corollary	cor:fresh-inventory-digest-instance-this-source-state	Fresh inventory digest instance for this source state	[Fresh inventory digest instance for this source state] In the present source state, the regenerated files theorem inventory.json and theorem inventory.md are closed as local exact-inclusion coordinates only after their SHA-256 rows in review bundle/FINAL DIGESTS SHA256.md are recomputed from the bytes of those two files and the finite command-boundary table names that refreshed manifest state. This corollary supplies no upload receipt, archive locator, extractor-completeness certificate, or semantic proof check; it supplies only the local byte-coordinate instance required by Corollary~cor:current-theorem-inventory-digest-instance.
5647	5676	theorem	thm:digest-closure-refresh-criterion	Digest-closure refresh criterion for final package claims	[Digest-closure refresh criterion for final package claims] For the current presentation package, any claim that a submitted support surface has exact final digests is accepted only for a closed finite state D satisfying all of the following conditions. The digest manifest review bundle/FINAL DIGESTS SHA256.md contains SHA-256 rows for main.tex, submission abstract.tex, references.bib, source interface record.json, theorem inventory.json, theorem inventory.md, and every file in the selected review bundle/ support directory. The digest rows are computed after the accepted versions of theorem inventory.json, theorem inventory.md, review bundle/primary claim inventory.json, and every verifier log named by a command-run claim have been written. If submission abstract.tex is edited after the primary-claim inventory was checked, then review bundle/verify primary claim inventory.py is rerun and
5716	5731	proposition	prop:primary-architectural-fallback-without-external-support	Primary architectural fallback without external support	[Primary architectural fallback without external support] Assume the current source package is used without an upload receipt for the exact review bundle/ directory and without an archive-equivalent replacement satisfying Audit record~audit:review-bundle-archive-equivalence. Then the primary presentation article may assert only the source-level architecture and path-verified local-package claims whose evidence surfaces are visible outside the missing bundle. In particular, the theorem-ledger claim of Theorem~thm:theorem-obligation-ledger-boundary, the case-snapshot claims, the verifier-log claims, and any claim whose certificate coordinate is theorem inventory.json or a file under review bundle/ cannot be read as externally submitted evidence. If either accepted external instantiation record is later supplied, the same claims re-enter exactly at the finite evidence level stated in their 
5782	5799	theorem	thm:deterministic-theorem-environment-extractor-boundary	Deterministic theorem-environment extractor boundary	[Deterministic theorem-environment extractor boundary] Let the theorem-like environment domain E for this package consist of the five environment names definition, lemma, proposition, theorem, and corollary. The command python review bundle/extract theorem environments.py run on main.tex and theorem inventory.json is a deterministic syntactic extractor for the following finite claim only: every labelled environment in main.tex whose environment name belongs to E is listed by label in theorem inventory.json; every such environment is labelled; and no such label is duplicated. When the refreshed run log review bundle/theorem environment extraction run.log records exit code 0, the package has a deterministic theorem-environment coverage certificate at this syntactic label level. The certificate does not assert that the inventory is a semantic proof checker, that the printed proofs are corre
5829	5850	theorem	prop:manual-theorem-inventory-boundary	Theorem-inventory boundary	[Theorem-inventory boundary] This theorem retains the legacy cross-reference label prop:manual-theorem-inventory-boundary for compatibility with earlier acceptance-ledger entries; its environment category is theorem, not proposition. The file theorem inventory.json is a theorem-obligation inventory record whose current support has two finite parts. First, it is an obligation ledger selected by finite-record review and connected to the manifest and acceptance ledger. Second, Theorem~thm:deterministic-theorem-environment-extractor-boundary supplies a deterministic syntactic comparison between the labelled theorem-like environments in the five-environment domain E and the labels appearing in the inventory. The inventory indexes obligations; the evidence for those obligations is supplied by the corresponding TeX statements and proofs in this source, together with external records only where 
5881	5899	proposition	prop:regenerated-theorem-inventory-digest-closure	Regenerated theorem-inventory digest closure	[Regenerated theorem-inventory digest closure] Suppose a theorem-inventory pass regenerates either theorem inventory.json or theorem inventory.md after the package has selected the exact-inclusion support branch. Then the final support-surface claims of Theorem~thm:final-support-surface-closure, the submitted theorem-ledger claim of Theorem~thm:theorem-obligation-ledger-boundary, and the command boundary of Proposition~audit:command-run-boundary-inventory remain closed only under the fixed-point conditions of Theorem~thm:digest-closure-refresh-criterion: the package refreshes the corresponding SHA-256 rows in review bundle/FINAL DIGESTS SHA256.md, reruns the finite record verifiers and the theorem-environment extractor whose records name that digest manifest or inventory coordinate, and does not promote primary-claim or venue-compliance rows beyond the fresh records actually included. On
5930	5942	corollary	cor:current-theorem-inventory-digest-instance	Current theorem-inventory digest instance	[Current theorem-inventory digest instance] For the present local support package, after theorem inventory.json and theorem inventory.md have been regenerated, the submitted theorem-obligation ledger may be cited in Theorem~thm:theorem-obligation-ledger-boundary only through the refreshed digest rows for those two files in review bundle/FINAL DIGESTS SHA256.md and through fresh finite-record verifier logs produced after the regenerated inventory files are present. If either the two digest rows or the post-regeneration verifier logs are absent, the inventory remains a local index but is not closed as an exact-inclusion support coordinate for the bundle-backed theorem-ledger claim.
5966	5986	proposition	prop:post-inventory-fixed-point-support-certificate	Post-inventory fixed-point support certificate	[Post-inventory fixed-point support certificate] In the present package state, the two regenerated theorem-inventory files are accepted by the exact-inclusion theorem-ledger chain only at the following finite fixed point: the rows of review bundle/FINAL DIGESTS SHA256.md name theorem inventory.json and theorem inventory.md; the same digest manifest names the refreshed logs review bundle/certificate verification run.log, review bundle/source interface verification run.log, review bundle/primary claim inventory freshness 2026-06-06.log, and review bundle/theorem environment extraction run.log; and Table~tab:command-boundary-inventory records those four invocations as finite checks with exit code 0. Under these hypotheses, Corollary~cor:current-theorem-inventory-digest-instance applies to the theorem-ledger coordinate used by Theorem~thm:theorem-obligation-ledger-boundary. If any one of the
6023	6048	theorem	thm:post-inventory-finite-record-realization	Post-inventory finite-record realization	[Post-inventory finite-record realization] Suppose the following finite records are present in the current source package: theorem inventory.json and theorem inventory.md; a zero-exit log for python review bundle/extract theorem environments.py computed after those two files were written; zero-exit logs for python review bundle/verify certificate records.py, python review bundle/verify source interface record.py, and python review bundle/verify primary claim inventory.py computed against the same post-inventory package state; and a regenerated review bundle/FINAL DIGESTS SHA256.md whose rows name the two inventory files and the four log files just listed. Then the first coordinate in Theorem~thm:submission-support-fixed-point-normal-form is instantiated as a local exact-inclusion theorem-ledger support coordinate. The instantiated coordinate is exactly syntactic inventory coverage plus f
6088	6115	theorem	thm:theorem-obligation-ledger-boundary	Seven-row submitted theorem-obligation ledger integration	[Seven-row submitted theorem-obligation ledger integration] Let P^ + 7 be the seven-row support state obtained from P^ + 6 by the conservative finite-record extension of Theorem~thm:nested-package-states, namely by adding exactly the submitted theorem-ledger coordinate a7. In P^ + 7 , the theorem-obligation ledger is no longer a detached review-only artifact: the submitted finite support surface contains theorem inventory.json through the manifest field theorem inventory and through acceptance-ledger entry a7. The earlier six-row state P^ + 6 of Theorems~thm:nested-package-states and~thm:current-package-certificate-exactness remains the row-frozen certificate state for a1--a6; the present theorem adds exactly the theorem-ledger coordinate a7. Consequently the package may make the following bounded theorem-ledger claim: every theorem-obligation assertion made by the submission is supporte
6160	6170	proposition	prop:submitted-theorem-inventory-availability	Submitted theorem-inventory availability	[Submitted theorem-inventory availability] If the external support-surface condition of Corollary~cor:upload-or-archive-instantiation-record is satisfied, then theorem inventory.json is an available submitted certificate coordinate for the bounded theorem-obligation ledger claim of Theorem~thm:theorem-obligation-ledger-boundary. If the exact bundle is not uploaded with matching final digests, the theorem inventory has only local diagnostic force and cannot support a submitted theorem-ledger claim in the current package.
6186	6211	proposition	prop:submission-support-instantiation-field-normal-form	Submission-support instantiation field normal form	[Submission-support instantiation field normal form] For the current source package, the upload-or-archive support coordinate has the following complete finite field normal form: p 0.29 X field current value support branch conditional exact supplemental inclusion of review bundle/ upload receipt absent archive-equivalent locator absent accepted external support status not externally instantiated Consequently the support-surface fields required by Corollary~cor:upload-or-archive-instantiation-record are instantiated in this package only as a no-receipt, no-archive boundary record. This normal form does not satisfy the external submitted-support branch; it proves instead that bundle-backed claims may be read only as conditional local package-support claims until a later upload receipt or archive-equivalent locator is added by the finite update protocol of Proposition~prop:upload-or-archive
6238	6254	corollary	cor:current-local-support-normal-form	Current local-support normal form	[Current local-support normal form] For the current presentation package, the finite support state has exactly the following normal form. The theorem-inventory coordinate is accepted only through the post-regeneration digest-and-verifier fixed point of Proposition~prop:post-inventory-fixed-point-support-certificate; the review-bundle coordinate is not externally instantiated, because Proposition~prop:submission-support-instantiation-field-normal-form records no upload receipt and no archive-equivalent locator; and the venue and bibliography coordinate is only the dated local-readiness record of Proposition~prop:round-five-venue-record-instantiation, not an upload-time venue-compliance certificate. Consequently every bundle-backed theorem-ledger, case-evidence, verifier-log, source-interface, and primary-claim-inventory claim in this package is a local/path-verified exact-inclusion claim 
6291	6312	proposition	audit:review-bundle-availability-condition	Review-bundle availability condition	[Review-bundle availability condition] The final support mode selected for the current presentation package is exact supplemental inclusion of review bundle/, conditional on the external instantiation record of Corollary~cor:upload-or-archive-instantiation-record, as recorded in review bundle/FINAL DIGESTS SHA256.md and in Audit record~prop:final-immutable-package-state-certificate. This is a conditional support-mode selection, not a completed venue-upload record or public archive locator. The source-interface, case-snapshot, primary-claim inventory, submission-interface map, theorem-inventory, and verifier-record claims are therefore reviewable at the path-verified evidence level stated in this supplement only under the exact included bundle once the external instantiation record exists. A future archival equivalent would have to satisfy Audit record~audit:review-bundle-archive-equivale
6345	6356	proposition	audit:case-snapshot-non-rerun-boundary	Case-snapshot non-rerun boundary	[Case-snapshot non-rerun boundary] Under the hypotheses of Propositions~prop:path-complete-case-witnesses and prop:review-bundle-case-snapshot-coverage, the four case-study rows cannot be read as fresh dynamic-behavior claims. Any stronger reading asserting a fresh publication-daemon execution, full-source rebuild, theorem-content rerun, Rule110 dynamic rerun, or GroundCompiler semantic rerun requires command, source state, environment, exit-code, and log-path fields in addition to the bundled snapshots. Without those fields the stronger reading is rejected by the finite record verifier at its evidence-strength boundary.
6418	6437	proposition	audit:command-run-boundary-inventory	Command-run boundary inventory	[Command-run boundary inventory] For the current presentation package, Table~tab:command-boundary-inventory is complete for the command-boundary claims used by Proposition~prop:machine-readable-certificate-records, Proposition~audit:review-bundle-availability-condition, and the finite-record interface theorem, Theorem~thm:publication-safety-interface. The accepted command-boundary claims in the package are exactly the three refreshed finite record-verifier invocations recorded in review bundle/certificate verification run.log, review bundle/source interface verification run.log, and review bundle/primary claim inventory freshness 2026-06-06.log, the refreshed theorem-environment extractor invocation recorded in review bundle/theorem environment extraction run.log, together with the historical live venue and bibliography freshness check recorded in review bundle/VENUE BIBLIOGRAPHY LIVE CH
6500	6515	proposition	prop:final-local-support-state-reconciliation	Final local support-state reconciliation	[Final local support-state reconciliation] For the current source package, the finite support state used by the publication-safety theorem chain is the following reconciled local state and no stronger one. First, the regenerated files theorem inventory.json and theorem inventory.md are accepted only through the refreshed SHA-256 rows in review bundle/FINAL DIGESTS SHA256.md and through the finite verifier logs named in Proposition~prop:post-inventory-fixed-point-support-certificate. Second, each command-run source state is the state recorded in the corresponding log row of Table~tab:command-boundary-inventory; historical rows are not claims that every later editor checkout has the same Git HEAD. Third, because the current source package records neither an upload receipt nor an archive-equivalent locator, bundle-backed support remains conditional on the external instantiation record of Co
6545	6568	theorem	thm:submission-support-fixed-point-normal-form	Submission-support fixed-point normal form	[Submission-support fixed-point normal form] For the current source package, the support state for the three externalized claims in the publication-safety theorem chain is exactly the following finite normal form. The theorem-inventory coordinate is accepted only after theorem inventory.json and theorem inventory.md have been written, the theorem-environment extractor and finite-record verifiers have been rerun on that post-inventory state, and review bundle/FINAL DIGESTS SHA256.md has been regenerated over those bytes and logs. Bundle-backed support is local/path-verified only unless the exact review bundle/ directory is uploaded with matching final digests or an archive-equivalent locator satisfying Audit record~audit:review-bundle-archive-equivalence is supplied. Venue/page-limit compliance is only a dated local-readiness observation unless a near-submission upload-time venue record, 
6605	6618	proposition	prop:final-refreshed-coordinate-instantiation	Final refreshed-coordinate instantiation	[Final refreshed-coordinate instantiation] For the current dated local-readiness package, the first coordinate of Theorem~thm:submission-support-fixed-point-normal-form is instantiated by the finite tuple consisting of theorem inventory.json, theorem inventory.md, review bundle/theorem environment extraction run.log, review bundle/certificate verification run.log, review bundle/source interface verification run.log, review bundle/VENUE BIBLIOGRAPHY LIVE CHECK 2026-06-06.log, and review bundle/FINAL DIGESTS SHA256.md, provided these files are submitted with the exact SHA-256 rows printed in the digest manifest. This instantiation does not add an upload receipt, public archive locator, venue acceptance record, fresh Lean rebuild, daemon run, or artifact rerun.
6647	6677	theorem	thm:post-inventory-package-fixed-point	Post-inventory package fixed point	[Post-inventory package fixed point] Let P be the current local package state consisting of the manuscript source, submission abstract.tex, theorem inventory.json, theorem inventory.md, and review bundle/. Suppose that the following finite sequence is executed in the displayed order: write the theorem-inventory files for the manuscript source state; rerun python review bundle/extract theorem environments.py; rerun the finite-record verifiers named in Table~tab:command-boundary-inventory; rerun the dated venue/bibliography locator check, if a dated route-readiness claim is retained; and regenerate review bundle/FINAL DIGESTS SHA256.md from the resulting bytes of the inventory files, verifier logs, dated venue log, and review-bundle files. Then the support coordinate selected by Proposition~prop:final-refreshed-coordinate-instantiation is a fixed point of the finite post-inventory verifier