line	end	env	label	title	section	hasproof	summary
144	156	proposition	prop:final-package-shape-convention	Final package-shape convention	section: Problem and contribution	True	For the current presentation package there is a single source-level package shape. The primary article is submission_abstract.tex; the selected technical supplement is main.tex; the selected bounded theorem-obligation ledger is theorem_inventory.json; and the selected supplemental support surface is exact inclusion of review_bundle/ with the final digest record review_bundle/FINAL_DIGESTS_SHA256.md. No archive locato
183	200	theorem	thm:nested-package-states	Nested six-row and seven-row package states	section: Problem and contribution	True	Let P^{+}_{6} denote the current row-frozen certificate state whose accepted rows are exactly a_1,,a_6 in Table~tab:current-acceptance-ledger. Let P^{+}_{7} denote the enlarged submitted support state obtained by adjoining the single theorem-ledger row a_7 whose submitted coordinate is theorem_inventory.json. Then P^{+}_{6} P^{+}_{7} as finite record surfaces, and the inclusion is conservative for the first six certi
248	285	definition	def:architecture-axis-map	Architecture-axis map	section: Architecture	False	The compiler architecture uses five disjoint evidence axes. An accepted claim may read evidence from an axis only at the admissible evidence level shown in the displayed axis map; the negative boundary in the last column is part of the claim certificate and cannot be discharged by prose from another axis. {}{p{.16}p{.27}p{.27}X} Axis & Role in this paper & Admissible evidence & Negative boundary \\ BEDC source theory
287	301	proposition	prop:architecture-axis-non-escalation	Axis non-escalation	section: Architecture	True	In any record-gate-sound package using Definition~def:architecture-axis-map, passage or evidence on one architecture axis cannot certify a load-bearing claim whose claim kind requires another axis. More precisely, if a claim certificate uses an axis A but its stronger reading needs an evidence item or negative-boundary discharge listed only on a different axis A', then the stronger reading is not accepted unless the 
447	464	lemma	lem:source-interface-extraction-correctness	Manual bounded source-interface extraction correctness	section: Architecture	True	For the pinned newmath repository path papers/bedc/parts/visions/audit_map_methodology/automated_theory_discovery_pipeline_calculus.tex at commit 3fb3d6a0641767388a401883062aa522ea0b397b, Table~tab:source-interface-record is the complete imported interface used by this paper at the manual path-verified level and only at that level. Its extraction certificate is: manual line-range audit against the pinned file, mirror
486	502	proposition	prop:manual-source-interface-non-escalation	Manual source-interface non-escalation	section: Architecture	True	Let I be the imported discovery-gate interface certified by Lemma~lem:source-interface-extraction-correctness. Any later use of an imported source label in this paper is a consequence of I only if it is a function of the finite fields recorded in Table~tab:source-interface-record: the source path, pinned commit, label, line range, extraction date, bounded summary, and evidence-level qualifier. A proposed stronger use
529	542	proposition	prop:reviewable-source-snapshot-interface	Reviewable source-snapshot interface	section: Architecture	True	The imported discovery-gate spine used in the finite-record interface theorem, Theorem~thm:publication-safety-interface, has a reviewer-facing source interface. Namely, the tuple consisting of the pinned local source path, commit 3fb3d6a0641767388a401883062aa522ea0b397b, Table~tab:source-interface-record, source_interface_record.json, and the supplemental copy review_bundle/source_snapshots/automated_theory_discovery
559	589	proposition	prop:source-interface-record-file-consistency	Executable source-interface record comparison	section: Architecture	True	The source-interface table, its JSON mirror, and the bundled source snapshot give one record-level imported discovery-gate interface for the finite-record interface theorem, Theorem~thm:publication-safety-interface. The record fields are as follows: the source commit is 3fb3d6a0641767388a401883062aa522ea0b397b; the bundled snapshot is review_bundle/source_snapshots/automated_theory_discovery_pipeline_calculus_3fb3d6a
628	644	proposition	prop:source-interface-evidence-level-separation	Source-interface evidence-level separation	section: Architecture	True	Let r be any accepted manuscript claim whose discovery component cites one of the imported labels in Table~tab:source-interface-record. If r uses only Lemma~lem:source-interface-extraction-correctness, then the imported-label premise of r is accepted only at the manual path-verified bounded-paraphrase level. If r additionally cites Proposition~prop:source-interface-record-file-consistency, then the same premise is up
715	894	definition	def:operational-acceptance-interface	Operational acceptance interface	subsection: Abstract finite-record interface	False	A claim is a manuscript assertion that can affect a mathematical, artifact, route, or submission decision. A load-bearing claim is a claim whose removal would change a theorem statement, a case-study conclusion, or the submission-readiness status. An advisory output is any AI-agent draft, score, suggested theorem, review packet, or repair proposal before a gate records it. A deterministic gate is a repeatable predica
896	926	definition	def:record-gate-soundness-external-interface	Record-gate soundness external interface	subsection: Abstract finite-record interface	False	The external record-gate interface for a package is the finite predicate \[ RGS_{S}(P,L,) \] with the following inputs and outputs. Its inputs are exactly a package P, a submitted support surface S, a finite acceptance ledger L, and the deterministic claim-kind dispatch table of Definition~def:operational-acceptance-interface. Its positive output is the finite family of certificates \[ \{ C(c)=(K,,E,H,R,D,B): c L is 
928	940	proposition	prop:record-gate-soundness-external-interface-exactness	Record-gate interface equivalence and non-claim boundary	subsection: Abstract finite-record interface	True	For the operational acceptance interface of Definition~def:operational-acceptance-interface, the standalone interface in Definition~def:record-gate-soundness-external-interface is equivalent to the predicate RGS_{S}(P,L,) used in the publication-safety theorem. Moreover, under this interface every consequence used by Theorem~thm:publication-safety-interface is determined by the finite coordinates (P,S,L,) and by the 
972	994	definition	def:stronger-reading-preorder	Stronger-reading preorder	subsection: Abstract finite-record interface	False	Fix the dispatch table and certificate tuple C(c)=(K,,E,H,R,D,B) of Definition~def:operational-acceptance-interface. A proposed reading c^{+} of the same prose claim is record-stronger than c, written c_{} c^{+}, if at least one of the following finite coordinates is strictly enlarged while the others are unchanged or enlarged: the claim-kind set K; the evidence level, from path to command; the evidence surface E; th
996	1034	definition	def:certificate-schema-acceptance-table	Certificate-schema acceptance table	subsection: Abstract finite-record interface	False	Fix the seven-kind dispatch table of Definition~def:operational-acceptance-interface. The verifier input for a load-bearing claim c is the following finite record type: \[ C(c)= \{K,,E,H,R,D,B\}. \] Its typed fields are these and only these: K is a finite set of claim kinds; \{path,command\} is the declared evidence level; E is a finite evidence-surface list; H is the route-boundary field; R is a finite family of gat
1036	1056	proposition	prop:finite-certificate-schema-verifier	Finite certificate schema verifier as a record check	subsection: Abstract finite-record interface	True	For every load-bearing manuscript claim c whose component kinds lie in the seven-kind domain, V(c, C) is a finite, prose-insensitive record-schema verifier for the declared publication certificate. The submitted package instantiates V by the script review_bundle/verify_certificate_records.py. On the positive package input it reads the schema file, pass-record ledger, submission-interface map, primary-claim inventory,
1102	1136	theorem	thm:verifier-input-output-contract	Verifier input--predicate--output contract	subsection: Abstract finite-record interface	True	The verifier interface used by the publication-safety theorem is exactly the following finite mathematical-software contract. Its input is a pair (c, C(c)), where c is a load-bearing manuscript claim and \( C(c)=(K,,E,H,R,D,B)\) is the certificate record of Definition~def:certificate-schema-acceptance-table, together with the fixed dispatch table and the submitted support surface S. Its checked predicates and outputs
1169	1194	theorem	thm:record-acceptance-exactness	Schema-relative finite-record acceptance exactness	subsection: Abstract finite-record interface	True	Fix the seven-kind dispatch table , the two evidence levels, and the typed certificate tuple C(c)=(K,,E,H,R,D,B) of Definition~def:certificate-schema-acceptance-table. For every load-bearing claim c and every finite candidate certificate C(c), the finite verifier V of Definition~def:operational-acceptance-interface and Theorem~thm:verifier-input-output-contract accepts C(c) if and only if the six-clause table predica
1229	1246	corollary	cor:executable-schema-exactness-negative-fixture	Executable schema exactness and negative fixture	subsection: Abstract finite-record interface	True	Under the hypotheses and fixed schema of Theorem~thm:record-acceptance-exactness, the executable verifier instance review_bundle/verify_certificate_records.py is a finite witness of the same schema-relative relation, not an additional semantic oracle. On the positive submitted package it can witness exactly the records satisfying \(Acc_{}\) at their declared evidence levels. On the negative fixture review_bundle/nega
1268	1289	theorem	thm:finite-coordinate-determination-boundary	Finite-coordinate determination and trust-boundary classifier	subsection: Abstract finite-record interface	True	Fix the dispatch table and the verifier V. Let F_{} be the finite schema projection read by V from a certificate record, namely the claim-kind set, declared evidence level, evidence surface, promotion field, gate-pass rows, discovery-source rows, command-boundary tuple, and the assigned gate set determined by . If two ambient pipeline or artifact states induce the same values of all coordinates in F_{} for a claim c,
1330	1360	proposition	prop:machine-readable-certificate-records	Machine-readable certificate records	subsection: Abstract finite-record interface	True	For the current presentation package, the finite record checker V of Proposition~prop:finite-certificate-schema-verifier, with the record-acceptance semantics of Theorem~thm:record-acceptance-exactness, has an executable record-level instance over the review bundle, conditional on exact supplemental inclusion of review_bundle/ in the completed submission with matching final digests, as stated in Proposition~audit:rev
1432	1455	theorem	thm:executable-record-non-escalation	Executable record non-escalation	subsection: Abstract finite-record interface	True	Let F be the finite field projection read by review_bundle/verify_certificate_records.py: manifest-field presence, entries a_1--a_6, claim-kind membership, evidence-level membership, assigned-gate coverage, pass-record fields, evidence-level agreement, discovery-field discipline, path-verified boundary status, row locks for sim1--sim4, and row-class locks for pc1--pc12. Assuming the exact-or-archive-equivalent review
1490	1514	theorem	thm:executable-certificate-construction-invariant	Executable certificate-construction invariant	subsection: Abstract finite-record interface	True	For the submitted review bundle, let G be the union of the finite fields read by the two executable verifiers review_bundle/verify_source_interface_record.py and review_bundle/verify_certificate_records.py. Thus G contains the ten source-interface table triples, the JSON source-interface records, the pinned source snapshot path, digest, line count, declared source commit and line ranges, the six current-package pass-
1558	1565	proposition	prop:claim-kind-dispatch	Deterministic claim-kind dispatch	subsection: Abstract finite-record interface	True	For every load-bearing manuscript claim whose kind lies in the seven-kind domain above, assigns a unique finite set of deterministic gates. In a pipeline that is record-gate-sound for acceptance, a mixed load-bearing claim may be used as accepted work only if its acceptance entry records passage through every gate in the union assigned to its component kinds.
1579	1609	theorem	thm:mixed-claim-projection-obstruction	Mixed-claim projection obstruction	subsection: Abstract finite-record interface	True	Let c be a load-bearing mixed claim with nonempty component-kind set KDom() and submitted candidate certificate C(c)=(K,,E,H,R,D,B). For a nonempty subset J K, write \[ G_J=_{k J}(k) \] and let c_J denote the projected reading of c that keeps exactly the claim-kind components in J and keeps the same declared evidence level, evidence surface, promotion boundary, and command boundary, except that the discovery field is
1642	1673	theorem	thm:concrete-finite-script-implementation-soundness	Concrete finite-script implementation soundness	subsection: Abstract finite-record interface	True	Let S be the submitted support surface containing review_bundle/certificate_schema.json, review_bundle/current_package_pass_records.json, review_bundle/submission_interface_map.json, review_bundle/primary_claim_inventory.json, source_interface_record.json, review_bundle/REVIEW_BUNDLE_MANIFEST.json, the bundled pinned source snapshot, and theorem_inventory.json. Let V be the four-script family consisting of review_bun
1716	1719	corollary	cor:finite-script-rgs-instantiation-boundary	Finite-script record-gate instantiation boundary	subsection: Abstract finite-record interface	True	Assume the hypotheses of Theorem~thm:concrete-finite-script-implementation-soundness and suppose the submitted command-run records for the four named scripts have exit code 0. Then the implementation-soundness extension coordinate required by Theorem~thm:assigned-gate-soundness-audit-boundary is instantiated for exactly the finite predicates printed by those scripts. Consequently Theorem~thm:publication-safety-interf
1726	1755	theorem	thm:assigned-gate-soundness-audit-boundary	Assigned-gate soundness audit boundary	subsection: Abstract finite-record interface	True	Let P be a finite submitted package with pass-record ledger L, dispatch table , and submitted support surface S. For a load-bearing claim c, write G(c)=_{k K(c)}(k) for the finite set of gates assigned to its claim-kind set. The package may use a ledger row for c as a sound record-gate witness only through the finite predicate RGS_{S}(P,L,) of Definition~def:operational-acceptance-interface. Equivalently, the availab
1795	1819	theorem	thm:finite-certificate-obstruction-skeleton	Finite certificate obstruction skeleton	subsection: Abstract finite-record interface	True	Let c be a load-bearing manuscript claim whose component kinds lie in the seven-kind domain. The verifier of Proposition~prop:finite-certificate-schema-verifier gives the following complete audit classification at the declared evidence level. A certificate for c passes the publication-safety interface if and only if it has no bad subrecord of the following five types: missing evidence surface for the declared evidenc
1896	1934	theorem	thm:finite-extension-budget-normal-form	Finite extension-budget normal form	subsection: Abstract finite-record interface	True	Fix the dispatch table , the finite certificate schema, and an accepted finite certificate \( C(c)=(K,,E,H,R,D,B)\) for a load-bearing package claim c. Let c^{+} be a proposed stronger reading of the same row which is not record-equivalent to c in the sense of Theorem~thm:finite-coordinate-determination-boundary. Then c^{+} is accepted by the publication-safety interface if and only if the submitted finite record sur
1983	1988	proposition	prop:gate-interface-separation	Gate-interface separation	subsection: Abstract finite-record interface	True	The promotion, overlap, submission-state, and theorem-content delta gates are separate deterministic interfaces. None can be replaced by passage of another one when a load-bearing claim has the corresponding component.
2007	2025	corollary	cor:human-promotion-daemon-active-track-separation	Human promotion is not daemon-visible active-track equivalence	subsection: Abstract finite-record interface	True	In the operational interface of Definition~def:operational-acceptance-interface, a human-promotion record and daemon-visible active-paper markers are not interchangeable certificate fields. More precisely, let c be any route-boundary claim whose accepted certificate is C(c)=(K,,E,H,R,D,B). The certificate may be read as saying that a candidate is admitted to the publication-facing package only when the promotion fiel
2055	2068	proposition	prop:scheduler-selection-advisory	Scheduler selection is advisory before discovery gating	subsection: Abstract finite-record interface	True	Let s be a scheduler or critical-path score attached to a candidate claim c. If s recommends selecting c, then the recommendation is a work-selection claim and by itself can only pass the scheduler gate. If c is also asserted to be a discovery or classifier-shifting contribution in a record-gate-sound pipeline, then the accepted mixed claim must pass both the scheduler gate and the discovery gate. Consequently, criti
2130	2146	proposition	prop:publication-safety-minimal-bad-record-witness	Minimal bad-record witness for command-run escalation	subsection: Abstract finite-record interface	True	In the operational interface of Definition~def:operational-acceptance-interface, let r be a submitted claim record whose claim-kind set is \{route\}, whose evidence level is declared to be command-run, and whose boundary field contains no command-run tuple (command,source state,environment,exit code, log path). Suppose all other route coordinates of r are filled: there is an evidence pointer, a human-promotion marker
2174	2257	theorem	thm:publication-safety-interface	Conditional finite-record safety interface under record-gate soundness	subsection: Abstract finite-record interface	True	Consider a theory-to-paper pipeline with the operational interface above and a finite submitted record surface consisting only of the manuscript source, printed tables, submitted manifests, uploaded review-bundle records, recorded logs, and explicitly declared historical boundaries. Assume the following four distinct finite-record hypotheses. Acceptance entries: every load-bearing claim in an active manuscript is eit
2358	2387	theorem	thm:finite-record-certificate-rigidity	Finite-record certificate rigidity	subsection: Abstract finite-record interface	True	Fix the finite submitted record surface S, acceptance ledger L, dispatch table , and schema verifier V used in Theorem~thm:publication-safety-interface. Assume the same record-gate soundness and source-interface hypotheses as that theorem. For every accepted load-bearing claim c with certificate \( C(c)=(K,,E,H,R,D,B)\), the following are equivalent for a properly stronger reading c^{+} in the preorder of Definition~
2440	2490	theorem	thm:boundary-axis-non-escalation-exactness	Boundary-axis exact non-escalation	subsection: Abstract finite-record interface	True	Assume the hypotheses of Theorem~thm:publication-safety-interface, and let \(c\) be any load-bearing claim accepted by the finite certificate constructed there. The following five stronger readings of \(c\), when they are not already record-equivalent to \(c\), are accepted by the same publication-safety interface if and only if the submitted finite support surface contains the indicated positive extension coordinate
2561	2606	theorem	thm:presentation-scoped-boundary-normal-form	Scoped boundary normal form for the presentation package	subsection: Abstract finite-record interface	True	Assume the submitted package is evaluated only through the finite-record interface of Theorem~thm:publication-safety-interface. Then every accepted load-bearing claim using one of the five interface components below has the stated maximal bounded reading, and every strictly stronger reading has the indicated unpaid obstruction unless the submitted surface is enlarged by a fresh finite coordinate and its assigned pass
2688	2716	proposition	prop:certificate-constructor-bad-subrecord-extractor	Certificate constructor and bad-subrecord extractor	subsection: Abstract finite-record interface	True	Assume the four finite-record hypotheses of Theorem~thm:publication-safety-interface. For every ledger row \(c\) there is a deterministic partial constructor \[ Cert_{}(c)=(K,,E,H,R,D,B) \] and a deterministic extractor \(Bad_{}(c)\) with the following properties. \(Cert_{}(c)\) is defined and accepted if and only if the six-clause predicate \(Acc_{}(c,Cert_{}(c))\) holds. If \(Cert_{}(c)\) is rejected, then \(Bad_{}
2752	2769	proposition	prop:publication-safety-maximality	Finite-record maximality	subsection: Abstract finite-record interface	True	Under the hypotheses of Theorem~thm:publication-safety-interface, the constructed certificate is maximal with respect to the finite submitted record surface. More precisely, let c be an accepted load-bearing claim and let Cert_{}(c)=(K,,E,H,R,D,B) be the certificate constructed in that theorem. If a stronger reading c^{+} asserts any external end-to-end compiler correctness, current execution of unrecorded gates, pro
2794	2814	corollary	cor:publication-safety-current-package-instance	Current-package source-level instance of the safety interface	subsection: Abstract finite-record interface	True	For the current package, assume the support-surface condition later closed by Theorem~thm:final-support-surface-closure: the exact supplemental review_bundle/ directory is uploaded with the submission, or an archive-equivalent replacement with matching final digest records is supplied. Under that explicit availability condition, the finite pass-row components of the hypotheses of Theorem~thm:publication-safety-interf
2836	2850	corollary	cor:finite-record-gate-soundness-boundary	Finite-record boundary for external gate soundness	subsection: Abstract finite-record interface	True	Under the hypotheses of the finite-record interface theorem, Theorem~thm:publication-safety-interface, the publication-safety conclusion is invariant under replacement of the surrounding implementation by any other implementation with the same submitted acceptance entries, evidence surfaces, promotion fields, discovery-interface rows, and evidence-level boundaries. Therefore the theorem cannot be used, without an add
2883	2919	theorem	thm:implementation-soundness-extension-criterion	Boundary extension criterion for implementation-soundness readings	subsection: Abstract finite-record interface	True	Fix the dispatch table and the finite certificate schema of Proposition~prop:finite-certificate-schema-verifier. A reading of a load-bearing package claim as an implementation-soundness claim is accepted by the same publication-safety interface if and only if the submitted finite record surface is enlarged by an implementation-soundness extension record \[ Impl(c)=(K^{impl},E^{impl},R^{impl},B^{impl}) \] with the fol
3007	3046	proposition	prop:current-package-acceptance-certificate-ledger	Current-package acceptance and certificate ledger	subsection: Primary-claim inventory audit	True	Let P^{+} be the finite current package consisting of the primary source submission_abstract.tex, this supplement main.tex, and, under the exact-or-archive-equivalent support-surface condition of Proposition~audit:review-bundle-availability-condition, review_bundle/REVIEW_BUNDLE_MANIFEST.json, together with review_bundle/certificate_schema.json, review_bundle/current_package_pass_records.json, review_bundle/submissio
3117	3162	theorem	thm:current-package-certificate-exactness	Current-package schema-relative finite-record certificate exactness	subsection: Current-package instantiation	True	For the six-row finite current-package state P^{+}_{6} of Proposition~prop:current-package-acceptance-certificate-ledger, assume the support-surface availability condition of Theorem~thm:final-support-surface-closure: the submitted supplemental material contains the exact review_bundle/ directory with review_bundle/FINAL_DIGESTS_SHA256.md, with refreshed digest rows and rerun finite-verifier logs for every named bund
3230	3252	theorem	thm:manual-ledger-dependence-boundary	Ledger dependence and semantic extractor-completeness boundary	subsection: Current-package instantiation	True	For the current package, the exactness assertions in Proposition~prop:current-package-acceptance-certificate-ledger, Theorem~thm:current-package-certificate-exactness, and Theorem~thm:theorem-obligation-ledger-boundary are exactly finite-record claims over the displayed ledger rows, the submitted theorem-obligation inventory, and the syntactic theorem-environment extractor certificate of Theorem~thm:deterministic-the
3309	3325	corollary	cor:row-frozen-current-package-invariance	Row-frozen current-package invariance	subsection: Current-package instantiation	True	Under the support-surface hypotheses of Theorem~thm:current-package-certificate-exactness, the current-package acceptance decision factors through the six displayed rows \(a_1,,a_6\) and their certificate fields only. Any two ambient repository, daemon, artifact, or venue states that induce the same six tuples \( C(a_i)=(K_i,_i,E_i,H_i,R_i,D_i,B_i)\), the same submitted support surface, and the same verifier log path
3351	3386	theorem	thm:current-package-extension-coordinate-rigidity	Current-package extension-coordinate rigidity	subsection: Current-package instantiation	True	Assume the support-surface hypotheses of Theorem~thm:current-package-certificate-exactness. Let \(P^{+}_{6}\) be the accepted six-row current-package state and let \(F_{6}\) be its finite schema projection: the row identifiers \(a_1,,a_6\), their tuples \( C(a_i)=(K_i,_i,E_i,H_i,R_i,D_i,B_i)\), the submitted support surface, the fixed dispatch table, and the recorded verifier log. Then \(F_{6}\) is the largest curren
3443	3468	theorem	thm:current-package-semantic-non-escalation	Current-package semantic non-escalation	subsection: Current-package instantiation	True	Let P^{+}_{6} be the six-row current-package state of Theorem~thm:current-package-certificate-exactness, and assume the same support-surface availability condition. For each accepted row a_i with certificate \( C(a_i)=(K_i,_i,E_i,H_i,R_i,D_i,B_i)\), the following are equivalent for any proposed stronger reading a_i^{+} of the same manuscript row. a_i^{+} is accepted by the finite-record safety interface for the curre
3509	3540	corollary	cor:current-package-path-verified-instantiation	Current package path-verified instantiation	subsection: Current-package instantiation	True	For the current presentation package, let P be the finite package consisting of the primary source submission_abstract.tex, this supplement main.tex, and the exact-or-archive-equivalent review-bundle support surface of Proposition~audit:review-bundle-availability-condition, together with the executable certificate records named in Proposition~prop:machine-readable-certificate-records. Root-level workflow diagnostic f
3612	3623	lemma	lem:gate-witness-criterion	Gate-witness criterion	subsection: Case-study witness protocol	True	A case record is a historical path-verified witness for the safety interface when it names the source or artifact snapshot surface, the invariant that failed, the gate decision recorded for that snapshot, and the safe manuscript lesson. Under the finite-record interface theorem, Theorem~thm:publication-safety-interface, such a witness can support a case-study claim about the recorded historical gate surface, but not 
3637	3661	proposition	prop:path-complete-case-witnesses	Path-complete case witnesses	subsection: Case-study witness protocol	True	Suppose a case-study row is used as load-bearing evidence for the finite-record interface theorem, Theorem~thm:publication-safety-interface. If the row is path-complete in the sense above, then the row supplies exactly the evidence surface required for a path-verified historical snapshot case claim and no evidence surface for a fresh daemon, full-source, theorem-content, artifact-suite, benchmark, or semantic-substra
3765	3783	proposition	prop:review-bundle-case-snapshot-coverage	Review-bundle case-snapshot coverage	section: Case studies	True	For the four case-study rows in Table~tab:case-witnesses, the review bundle contains a finite external-review surface for every local case path used by the paper. The Newmath block has two local paths, the upper-fibers block has five local paths, the fake-extension block has two local paths, and the Rule110 block has four local paths, for thirteen local-path strings after resolving this paper's relative ARTIFACT_INVE
3824	3854	theorem	thm:case-witness-skeleton-rigidity	Case-witness skeleton rigidity	section: Case studies	True	Let \(r\) be one of the four case-study rows in Table~tab:case-witnesses, and assume the path-completeness and review-bundle coverage conclusions of Propositions~prop:path-complete-case-witnesses and prop:review-bundle-case-snapshot-coverage. Then the accepted information carried by \(r\) is exactly one of the following four skeleton lessons: a promotion skeleton: an intake packet is not daemon-visible publication wo
3962	3981	proposition	audit:fresh-venue-record-criterion	Fresh venue-record criterion	subsection: Primary--supplement interface	True	Assume that the final submitted support surface contains either the venue-check record VENUE_CHECK.md and log VENUE_CHECK_RUN_2026-06-04.log, the later local-date rerun log review_bundle/VENUE_BIBLIOGRAPHY_LIVE_CHECK_2026-06-06.log, or an archive-equivalent replacement naming the same checked URLs, observation time, route rules, command result, source state, environment, exit code, and log path. Then the venue row of
4003	4017	theorem	thm:venue-rule-freshness-non-escalation	Venue-rule freshness non-escalation	subsection: Primary--supplement interface	True	Let U be the finite dated venue record consisting of the official call URL, the submission-form URL, the style-guideline URL, the observation date and time, the HTTP-status run witness VENUE_CHECK_RUN_2026-06-04.log or the later rerun witness review_bundle/VENUE_BIBLIOGRAPHY_LIVE_CHECK_2026-06-06.log, the observed route class, page limit, proceedings boundary, deadline, supplement access rule, and the local witness r
4045	4058	corollary	cor:historical-venue-record-non-escalation	Historical venue record non-escalation	subsection: Primary--supplement interface	True	The venue check recorded at VENUE_CHECK_RUN_2026-06-04.log, with local observation time 2026-06-04 10:15 Asia/Singapore, is a historical venue record. For the present post-2026-06-04 source state it is superseded, for local readiness only, by the rerun log review_bundle/VENUE_BIBLIOGRAPHY_LIVE_CHECK_2026-06-06.log, whose local observation time is 2026-06-06 13:48:33 Asia/Singapore and whose exit code is 0. Neither da
4074	4094	corollary	cor:upload-time-venue-compliance-record-requirement	Upload-time venue-compliance record requirement	subsection: Primary--supplement interface	True	The logs VENUE_CHECK_RUN_2026-06-04.log and review_bundle/VENUE_BIBLIOGRAPHY_LIVE_CHECK_2026-06-06.log are dated local-readiness records. For the current package they certify only the venue rule state observed at their recorded observation times. They do not certify upload-time EasyChair compliance unless the final submitted support surface also contains either a later upload-time venue/bibliography record with the s
4117	4132	proposition	prop:round-five-venue-record-instantiation	Round-five venue-record instantiation	subsection: Primary--supplement interface	True	The file review_bundle/VENUE_BIBLIOGRAPHY_LIVE_CHECK_2026-06-06.log instantiates the dated local-readiness branch required by Corollary~cor:upload-time-venue-compliance-record-requirement. Its finite fields are the command PowerShell Invoke-WebRequest against CICM route pages and bibliography authority pages, environment Windows PowerShell 5.1 from paper directory; network enabled, source state current working tree f
4166	4182	proposition	audit:venue-submission-pack-gate	Venue-submission pack gate	subsection: Primary--supplement interface	True	Assume that, at final upload time, the CICM presentation-only call still has the venue rules listed in Table~tab:venue-submission-pack-gate, as certified by the fresh finite record required in Theorem~thm:venue-rule-freshness-non-escalation. Then the current package is submission-pack ready for this route exactly when the finite gate in that table passes: the primary artifact is the two-page-plus-bibliography source 
4228	4238	proposition	audit:submission-artifact-role-separation	Submission artifact role separation	subsection: Primary--supplement interface	True	For the current presentation-only route, the primary artifact, long technical supplement, and review bundle have distinct review roles. The primary source submission_abstract.tex states the presentation claim, main.tex proves the long-form interface theorems and records the case tables, and review_bundle/ supplies the supplemental source snapshots, case snapshots, and machine-readable manifest rows. None of these rol
4320	4343	proposition	prop:formal-source-gate-instantiation	Formal-source gate instantiation	subsection: Primary--supplement interface	True	For the current presentation package, the Lean-facing assertions in rows pc3 and pc4 of Table~tab:primary-claim-inventory are accepted only as bounded contextual interfaces, not as accepted formal-source claims. The accepted certificate surface is the traceability row a_1, the fake-extension boundary row a_5, Table~tab:source-interface-record, source_interface_record.json, review_bundle/primary_claim_inventory.json, 
4387	4398	theorem	thm:formal-source-promotion-obstruction	Formal-source promotion obstruction	subsection: Primary--supplement interface	True	In the current presentation package, no manuscript sentence about the Lean/BEDC source interface can be promoted from bounded contextual interface evidence to an accepted formal-source claim unless the certificate is enlarged by an accepted formal-source row containing build-gate and axiom-purity-gate pass records. If a fresh execution reading is also asserted, the certificate must additionally contain the command, s
4428	4453	theorem	thm:evidence-level-overclaim-obstruction	Evidence-level overclaim obstruction	subsection: Primary--supplement interface	True	Fix the certificate schema, dispatch function, and evidence-level vocabulary of this paper. Let c be a load-bearing claim whose accepted certificate has level path-verified and whose boundary field B records that no command-run assertion is made. Then every stronger reading of c that asserts any of the following additional conclusions is rejected by the finite schema verifier: external gate soundness for an arbitrary
4503	4560	theorem	thm:finite-witness-manifest-record-interface	Finite-witness manifest-bounded record interface	subsection: Primary--supplement interface	True	This theorem is a manifest-bounded finite-record interface instance of Theorem~thm:evidence-level-overclaim-obstruction: it records only the bounded manifest/evaluator coordinates that may be checked, and it rejects stronger artifact readings unless the package supplies the additional finite records required for them, such as semantic-validation pass records or fresh rerun logs. The interface domain is the finite set
4623	4648	corollary	cor:artifact-semantic-validity-boundary	Artifact semantic-validity boundary for finite witnesses	subsection: Primary--supplement interface	True	Let c be a finite-witness artifact claim in the current package whose accepted certificate uses the artifact row a_6, and let M_{a_6} be the manifest-bounded coordinate set of Theorem~thm:finite-witness-manifest-record-interface. If a proposed stronger reading c^{sem} asserts semantic validity of the unbounded Rule110/GroundCompiler artifact, semantic correctness of a dynamic evaluator, or artifact validity beyond th
4686	4702	proposition	prop:primary-claim-row-classification	Primary-claim conditional inventory-audit classification	subsection: Primary--supplement interface	True	Assume the current primary source submission_abstract.tex is the submitted primary artifact, the twelve-row inventory review_bundle/primary_claim_inventory.json is supplied with the review bundle or an accepted archive-equivalent support surface, and the finite manual inventory audit has identified pc1,,pc12 as the load-bearing primary assertions. Then the current primary-claim inventory is complete for the short pre
4751	4784	proposition	prop:primary-inventory-freshness-criterion	Primary-inventory freshness criterion	subsection: Primary--supplement interface	True	Let S be a later edited version of submission_abstract.tex, and let I be a primary-claim inventory with rows of the same form as review_bundle/primary_claim_inventory.json: each row gives a location in S, a claim text or bounded paraphrase, a row status, a certificate surface, and an evidence level. Suppose a manual claim audit of S produces a finite list of load-bearing assertions and verifies the following three co
4818	4830	proposition	prop:primary-supplement-interface-map	Primary--supplement interface map	subsection: Primary--supplement interface	True	Every load-bearing claim made in the current primary artifact submission_abstract.tex is certified by an explicit supplement theorem, table row, or manifest row at a declared evidence level. The certification map is Table~tab:submission-interface-map, refined by Table~tab:primary-claim-inventory, and mirrored in the submission_interface_map field of review_bundle/REVIEW_BUNDLE_MANIFEST.json and the file review_bundle
5062	5070	theorem	thm:exact-inclusion-support-surface-realization	Exact-inclusion support-surface realization	subsection: Review-bundle and archive-equivalence condition	True	For the current package the selected support branch is exact supplemental inclusion of review_bundle/, but this branch remains conditional until an external upload-or-archive instantiation record exists. If the completed submission contains that directory with the certificate-file digests listed in review_bundle/FINAL_DIGESTS_SHA256.md, then every bundle-backed claim in this supplement has a submitted finite support 
5099	5118	theorem	thm:final-support-surface-closure	Final support-surface closure	subsection: Review-bundle and archive-equivalence condition	True	For the current package, using Proposition~prop:final-package-shape-convention, Audit record~prop:exact-review-bundle-upload-witness, and Theorem~thm:exact-inclusion-support-surface-realization, the bundle-backed claims in this supplement are admissible at the stated path-verified evidence level exactly when the submitted supplemental material contains the exact directory review_bundle/ whose final packaging record i
5221	5247	theorem	thm:workspace-final-package-reconciliation	Workspace-to-final-package reconciliation	subsection: Review-bundle and archive-equivalence condition	True	Let D_0 be the digest manifest review_bundle/FINAL_DIGESTS_SHA256.md, and let H_i denote the source state printed in verifier log i. The source-state claim made in Audit record~prop:final-immutable-package-state-certificate is the finite package claim consisting of these recorded pairs (H_i,D_0), not a claim that every later reviewer checkout, editor workspace, or post-packaging working tree has Git HEAD equal to a s
5314	5340	theorem	thm:support-surface-normal-form	Support-surface normal form for bundle-backed claims	subsection: Review-bundle and archive-equivalence condition	True	For the current presentation package, every accepted use of a bundle-backed certificate coordinate is in exactly one of the following normal forms. Exact inclusion: an external upload or submission receipt records that the submitted support surface contains the exact review_bundle/ directory whose certificate-file bytes match review_bundle/FINAL_DIGESTS_SHA256.md. Archive-equivalent inclusion: a replacement archive s
5381	5396	theorem	thm:upload-or-archive-instantiation-boundary	Upload instantiation boundary	subsection: Review-bundle and archive-equivalence condition	True	Before the bundle-backed claims of this supplement are treated as part of a completed venue submission, the external submission record must instantiate the support-surface branch selected by Proposition~prop:final-package-shape-convention and Theorems~thm:final-support-surface-closure and thm:support-surface-normal-form: it must record that review_bundle/ was uploaded exactly with digest manifest D_0 and with the roo
5417	5425	corollary	cor:upload-or-archive-instantiation-record	Upload-or-archive instantiation record	subsection: Review-bundle and archive-equivalence condition	True	The bundle-backed support claims of the current package may be used only under the external-record condition of Theorem~thm:upload-or-archive-instantiation-boundary. In particular, review_bundle/FINAL_DIGESTS_SHA256.md is a local byte-level packaging manifest and not, by itself, an upload receipt or an archive locator; no archive replacement branch is selected for this source package.
5432	5446	proposition	prop:no-external-instantiation-from-local-bundle-records	No external instantiation from local bundle records	subsection: Review-bundle and archive-equivalence condition	True	In the current source package, the rows of review_bundle/FINAL_DIGESTS_SHA256.md, the manifest fields of review_bundle/REVIEW_BUNDLE_MANIFEST.json, the bibliography entries automath-publication-pipeline,auditable-pipeline-review-bundle, and the support notes in this supplement instantiate only a local exact-inclusion support mode. They do not instantiate either admissible external-support branch of Corollary~cor:uplo
5473	5518	proposition	prop:upload-or-archive-instantiation-update-protocol	Upload-or-archive instantiation update protocol	subsection: Review-bundle and archive-equivalence condition	True	Suppose a later venue upload receipt or archive-equivalent locator is to be used to replace the current no-receipt boundary of Corollary~cor:upload-or-archive-instantiation-record by an externally instantiated submitted-support claim. Then the replacement is accepted by the finite-record interface if and only if one of the two following finite update protocols is performed. The manuscript surfaces in the statement ar
5564	5587	corollary	cor:current-no-receipt-support-surface-non-escalation	Current no-receipt support-surface non-escalation	subsection: Review-bundle and archive-equivalence condition	True	In the current source package the records review_bundle/FINAL_DIGESTS_SHA256.md, review_bundle/REVIEW_BUNDLE_MANIFEST.json, review_bundle/current_package_pass_records.json, and theorem_inventory.json do not contain a venue upload receipt, public DOI, institutional archive identifier, or archive-equivalent locator for review_bundle/. Hence every claim whose evidence surface is a bundle-local path is accepted only as a
5615	5626	corollary	cor:fresh-inventory-digest-instance-this-source-state	Fresh inventory digest instance for this source state	subsection: Review-bundle and archive-equivalence condition	True	In the present source state, the regenerated files theorem_inventory.json and theorem_inventory.md are closed as local exact-inclusion coordinates only after their SHA-256 rows in review_bundle/FINAL_DIGESTS_SHA256.md are recomputed from the bytes of those two files and the finite command-boundary table names that refreshed manifest state. This corollary supplies no upload receipt, archive locator, extractor-complete
5647	5676	theorem	thm:digest-closure-refresh-criterion	Digest-closure refresh criterion for final package claims	subsection: Review-bundle and archive-equivalence condition	True	For the current presentation package, any claim that a submitted support surface has exact final digests is accepted only for a closed finite state D satisfying all of the following conditions. The digest manifest review_bundle/FINAL_DIGESTS_SHA256.md contains SHA-256 rows for main.tex, submission_abstract.tex, references.bib, source_interface_record.json, theorem_inventory.json, theorem_inventory.md, and every file 
5716	5731	proposition	prop:primary-architectural-fallback-without-external-support	Primary architectural fallback without external support	subsection: Review-bundle and archive-equivalence condition	True	Assume the current source package is used without an upload receipt for the exact review_bundle/ directory and without an archive-equivalent replacement satisfying Audit record~audit:review-bundle-archive-equivalence. Then the primary presentation article may assert only the source-level architecture and path-verified local-package claims whose evidence surfaces are visible outside the missing bundle. In particular, 
5782	5799	theorem	thm:deterministic-theorem-environment-extractor-boundary	Deterministic theorem-environment extractor boundary	subsection: Review-bundle and archive-equivalence condition	True	Let the theorem-like environment domain E for this package consist of the five environment names definition, lemma, proposition, theorem, and corollary. The command python review_bundle/extract_theorem_environments.py run on main.tex and theorem_inventory.json is a deterministic syntactic extractor for the following finite claim only: every labelled environment in main.tex whose environment name belongs to E is liste
5829	5850	theorem	prop:manual-theorem-inventory-boundary	Theorem-inventory boundary	subsection: Review-bundle and archive-equivalence condition	True	This theorem retains the legacy cross-reference label prop:manual-theorem-inventory-boundary for compatibility with earlier acceptance-ledger entries; its environment category is theorem, not proposition. The file theorem_inventory.json is a theorem-obligation inventory record whose current support has two finite parts. First, it is an obligation ledger selected by finite-record review and connected to the manifest a
5881	5899	proposition	prop:regenerated-theorem-inventory-digest-closure	Regenerated theorem-inventory digest closure	subsection: Review-bundle and archive-equivalence condition	True	Suppose a theorem-inventory pass regenerates either theorem_inventory.json or theorem_inventory.md after the package has selected the exact-inclusion support branch. Then the final support-surface claims of Theorem~thm:final-support-surface-closure, the submitted theorem-ledger claim of Theorem~thm:theorem-obligation-ledger-boundary, and the command boundary of Proposition~audit:command-run-boundary-inventory remain 
5930	5942	corollary	cor:current-theorem-inventory-digest-instance	Current theorem-inventory digest instance	subsection: Review-bundle and archive-equivalence condition	True	For the present local support package, after theorem_inventory.json and theorem_inventory.md have been regenerated, the submitted theorem-obligation ledger may be cited in Theorem~thm:theorem-obligation-ledger-boundary only through the refreshed digest rows for those two files in review_bundle/FINAL_DIGESTS_SHA256.md and through fresh finite-record verifier logs produced after the regenerated inventory files are pres
5966	5986	proposition	prop:post-inventory-fixed-point-support-certificate	Post-inventory fixed-point support certificate	subsection: Review-bundle and archive-equivalence condition	True	In the present package state, the two regenerated theorem-inventory files are accepted by the exact-inclusion theorem-ledger chain only at the following finite fixed point: the rows of review_bundle/FINAL_DIGESTS_SHA256.md name theorem_inventory.json and theorem_inventory.md; the same digest manifest names the refreshed logs review_bundle/certificate_verification_run.log, review_bundle/source_interface_verification_r
6023	6048	theorem	thm:post-inventory-finite-record-realization	Post-inventory finite-record realization	subsection: Review-bundle and archive-equivalence condition	True	Suppose the following finite records are present in the current source package: theorem_inventory.json and theorem_inventory.md; a zero-exit log for python review_bundle/extract_theorem_environments.py computed after those two files were written; zero-exit logs for python review_bundle/verify_certificate_records.py, python review_bundle/verify_source_interface_record.py, and python review_bundle/verify_primary_claim_
6088	6115	theorem	thm:theorem-obligation-ledger-boundary	Seven-row submitted theorem-obligation ledger integration	subsection: Review-bundle and archive-equivalence condition	True	Let P^{+}_{7} be the seven-row support state obtained from P^{+}_{6} by the conservative finite-record extension of Theorem~thm:nested-package-states, namely by adding exactly the submitted theorem-ledger coordinate a7. In P^{+}_{7}, the theorem-obligation ledger is no longer a detached review-only artifact: the submitted finite support surface contains theorem_inventory.json through the manifest field theorem_invent
6160	6170	proposition	prop:submitted-theorem-inventory-availability	Submitted theorem-inventory availability	subsection: Review-bundle and archive-equivalence condition	True	If the external support-surface condition of Corollary~cor:upload-or-archive-instantiation-record is satisfied, then theorem_inventory.json is an available submitted certificate coordinate for the bounded theorem-obligation ledger claim of Theorem~thm:theorem-obligation-ledger-boundary. If the exact bundle is not uploaded with matching final digests, the theorem inventory has only local diagnostic force and cannot su
6186	6211	proposition	prop:submission-support-instantiation-field-normal-form	Submission-support instantiation field normal form	subsection: Review-bundle and archive-equivalence condition	True	For the current source package, the upload-or-archive support coordinate has the following complete finite field normal form: {}{p{0.29}X} field & current value\\ support branch & conditional exact supplemental inclusion of review_bundle/\\ upload receipt & absent\\ archive-equivalent locator & absent\\ accepted external support status & not externally instantiated\\ Consequently the support-surface fields required b
6238	6254	corollary	cor:current-local-support-normal-form	Current local-support normal form	subsection: Review-bundle and archive-equivalence condition	True	For the current presentation package, the finite support state has exactly the following normal form. The theorem-inventory coordinate is accepted only through the post-regeneration digest-and-verifier fixed point of Proposition~prop:post-inventory-fixed-point-support-certificate; the review-bundle coordinate is not externally instantiated, because Proposition~prop:submission-support-instantiation-field-normal-form r
6291	6312	proposition	audit:review-bundle-availability-condition	Review-bundle availability condition	subsection: Review-bundle and archive-equivalence condition	True	The final support mode selected for the current presentation package is exact supplemental inclusion of review_bundle/, conditional on the external instantiation record of Corollary~cor:upload-or-archive-instantiation-record, as recorded in review_bundle/FINAL_DIGESTS_SHA256.md and in Audit record~prop:final-immutable-package-state-certificate. This is a conditional support-mode selection, not a completed venue-uploa
6345	6356	proposition	audit:case-snapshot-non-rerun-boundary	Case-snapshot non-rerun boundary	subsection: Review-bundle and archive-equivalence condition	True	Under the hypotheses of Propositions~prop:path-complete-case-witnesses and prop:review-bundle-case-snapshot-coverage, the four case-study rows cannot be read as fresh dynamic-behavior claims. Any stronger reading asserting a fresh publication-daemon execution, full-source rebuild, theorem-content rerun, Rule110 dynamic rerun, or GroundCompiler semantic rerun requires command, source state, environment, exit-code, and
6418	6437	proposition	audit:command-run-boundary-inventory	Command-run boundary inventory	subsection: Command-run boundary	True	For the current presentation package, Table~tab:command-boundary-inventory is complete for the command-boundary claims used by Proposition~prop:machine-readable-certificate-records, Proposition~audit:review-bundle-availability-condition, and the finite-record interface theorem, Theorem~thm:publication-safety-interface. The accepted command-boundary claims in the package are exactly the three refreshed finite record-v
6500	6515	proposition	prop:final-local-support-state-reconciliation	Final local support-state reconciliation	subsection: Command-run boundary	True	For the current source package, the finite support state used by the publication-safety theorem chain is the following reconciled local state and no stronger one. First, the regenerated files theorem_inventory.json and theorem_inventory.md are accepted only through the refreshed SHA-256 rows in review_bundle/FINAL_DIGESTS_SHA256.md and through the finite verifier logs named in Proposition~prop:post-inventory-fixed-po
6545	6568	theorem	thm:submission-support-fixed-point-normal-form	Submission-support fixed-point normal form	subsection: Command-run boundary	True	For the current source package, the support state for the three externalized claims in the publication-safety theorem chain is exactly the following finite normal form. The theorem-inventory coordinate is accepted only after theorem_inventory.json and theorem_inventory.md have been written, the theorem-environment extractor and finite-record verifiers have been rerun on that post-inventory state, and review_bundle/FI
6605	6618	proposition	prop:final-refreshed-coordinate-instantiation	Final refreshed-coordinate instantiation	subsection: Command-run boundary	True	For the current dated local-readiness package, the first coordinate of Theorem~thm:submission-support-fixed-point-normal-form is instantiated by the finite tuple consisting of theorem_inventory.json, theorem_inventory.md, review_bundle/theorem_environment_extraction_run.log, review_bundle/certificate_verification_run.log, review_bundle/source_interface_verification_run.log, review_bundle/VENUE_BIBLIOGRAPHY_LIVE_CHECK
6647	6677	theorem	thm:post-inventory-package-fixed-point	Post-inventory package fixed point	subsection: Command-run boundary	True	Let P be the current local package state consisting of the manuscript source, submission_abstract.tex, theorem_inventory.json, theorem_inventory.md, and review_bundle/. Suppose that the following finite sequence is executed in the displayed order: write the theorem-inventory files for the manuscript source state; rerun python review_bundle/extract_theorem_environments.py; rerun the finite-record verifiers named in Ta
6730	6745	corollary	cor:round-two-post-inventory-realization	Round-two post-inventory realization	subsection: Command-run boundary	True	Assume that the present round-two source state contains the two submitted inventory files theorem_inventory.json and theorem_inventory.md. If, after those two files exist, the theorem-environment extractor, the retained finite-record verifiers, the retained dated venue/bibliography check, and the final SHA--256 manifest are run in the order displayed in Theorem~thm:post-inventory-package-fixed-point, then the theorem
