file	line	env	title	label	has_following_proof	flag	snippet
sec_fredholm_cyclic_construction.tex	47	definition	Cyclic data, trace budget, and support size	def:cyclic-data-trace-budget	no	no	\label{def:cyclic-data-trace-budget} A countable cyclic datum is a family \[ \mathcal D=\{(n_j,\beta_j,m_j)\}_{j\in J}, \qquad n_j,m_j\in\NN,\quad \beta_j\in\CC\setminus\{0\}, \] indexed by a finit
sec_fredholm_cyclic_construction.tex	99	lemma	Single cyclic-block spectrum	lem:single-cyclic-block-spectrum	yes	no	\label{lem:single-cyclic-block-spectrum} Let \(n,m\in\NN\), \(\beta\in\CC\setminus\{0\}\), and \(\alpha^n=\beta\). Then the non-zero eigenvalues of \(C(n,\alpha)\otimes I_m\) are \[ \alpha\omega,\qquad \om
sec_fredholm_cyclic_construction.tex	136	lemma	Finite cyclic truncation determinant with positive exponents	lem:finite-cyclic-truncation-determinant	yes	no	\label{lem:finite-cyclic-truncation-determinant} Let \(F\) be a finite set of indices and put \[ L_F:=\bigoplus_{j\in F}\bigl(C(n_j,\alpha_j)\otimes I_{m_j}\bigr), \qquad \alpha_j^{n_j}=\beta_j. \] The
sec_fredholm_cyclic_construction.tex	182	lemma	Direct normal convergence of the cyclic product	lem:direct-cyclic-weierstrass-product	yes	no	\label{lem:direct-cyclic-weierstrass-product} Assume \[ \sum_{j\in J}m_j n_j\abs{\beta_j}^{1/n_j}<\infty, \qquad a_j:=\abs{\beta_j}^{1/n_j}. \] Then for every \(R>0\), \[ \sum_{j\in J} m_j \s
sec_fredholm_cyclic_construction.tex	268	lemma	Trace-norm limit convention for cyclic products	lem:cyclic-product-trace-norm-limit	yes	no	\label{lem:cyclic-product-trace-norm-limit} Assume \[ \sum_{j\in J}m_j n_j\abs{\beta_j}^{1/n_j}<\infty \] and choose \(\alpha_j^{n_j}=\beta_j\). Let \[ H_{\mathcal D} :=\bigoplus_{j\in J}\bigl(\C
sec_fredholm_cyclic_construction.tex	364	lemma	Choice of roots and unitary relabelling	lem:choice-of-roots	yes	no	\label{lem:choice-of-roots} Let \(n,m\in\NN\), let \(\beta\in\CC\setminus\{0\}\), and let \(\alpha^n=(\alpha')^n=\beta\). Then \(C(n,\alpha)\otimes I_m\) and \(C(n,\alpha')\otimes I_m\) are unitarily equivalent.
sec_fredholm_cyclic_construction.tex	411	proposition	Acyclic construction interface for cyclic data	prop:cyclic-data-construction-interface	yes	no	\label{prop:cyclic-data-construction-interface} Let \(\mathcal D\) be a countable cyclic datum in the sense of \Cref{def:cyclic-data-trace-budget} with \(\tau_{\mathcal D}<\infty\), and choose roots \(\alpha_j
sec_fredholm_cyclic_construction.tex	544	definition	Closed non-zero spectral support	def:closed-nonzero-support	no	no	\label{def:closed-nonzero-support} For a normal trace-class operator \(L\), write \[ \mathsf S(L):= \overline{\mathrm{span}} \{\,\ker(L-\lambda I):\lambda\in\spec(L)\setminus\{0\}\,\}. \] This notation is the su
sec_fredholm_cyclic_construction.tex	557	lemma	Closed support is \(\overline{\Ran L}\)	lem:normal-support-range-closure	yes	no	\label{lem:normal-support-range-closure} If \(L\) is normal and trace-class, then \[ \mathsf S(L)=(\ker L)^\perp=\overline{\Ran(L)}. \] This identifies the closed support with \(\overline{\Ran L}\). It doe
sec_fredholm_cyclic_construction.tex	589	proposition	Sharp trace-norm budget for cyclic zero divisors	prop:sharp-trace-budget-support-obstruction	yes	no	\label{prop:sharp-trace-budget-support-obstruction} Let \(\mathcal D=\{(n_j,\beta_j,m_j)\}_{j\in J}\) be a countable family with \(n_j,m_j\in\NN\) and \(\beta_j\in\CC\setminus\{0\}\). Choose roots \(\alpha_j^{
sec_fredholm_cyclic_construction.tex	698	proposition	Collapsed spectral multiplicities of Euler data	prop:collapsed-spectral-multiplicities	yes	no	\label{prop:collapsed-spectral-multiplicities} Let \(\mathcal D=\{(n_j,\beta_j,m_j)\}_{j\in J}\) satisfy \[ n_j,m_j\in\NN,\qquad \beta_j\in\CC\setminus\{0\},\qquad \sum_{j\in J}m_j n_j\abs{\beta_j}^{1/
sec_fredholm_cyclic_construction.tex	806	definition	Regularized determinant normalization	def:regularized-determinant-normalization	no	no	\label{def:regularized-determinant-normalization} For an integer \(r\ge1\) and a finite-dimensional operator \(A\), this paper uses \[ \det_r(I-zA) := \det(I-zA) \exp\!\left(\sum_{q=1}^{r-1}\frac
sec_fredholm_cyclic_construction.tex	826	lemma	Regularized determinant extension and cyclic-block factor	lem:regularized-determinant-extension-cyclic-factor	yes	no	\label{lem:regularized-determinant-extension-cyclic-factor} The normalization of \Cref{def:regularized-determinant-normalization} extends to \(A\in\mathcal S_r\) as the standard regularized Fredholm determinant
sec_fredholm_cyclic_construction.tex	867	proposition	Regularized zero-divisor chain for cyclic blocks	prop:regularized-zero-divisor-chain	yes	no	\label{prop:regularized-zero-divisor-chain} Let \(r\ge1\), let \(\mathcal D=\{(n_j,\beta_j,m_j)\}_{j\in J}\) satisfy \[ \sum_{j\in J}m_jn_j\abs{\beta_j}^{p/n_j}<\infty \] for some \(1<p\le r\), and let \(P
sec_fredholm_cyclic_construction.tex	952	lemma	Finite-subset convention for regularized cyclic products	lem:regularized-cyclic-finite-subset-products	yes	no	\label{lem:regularized-cyclic-finite-subset-products} Let \(1<p\le r\) with \(r\in\NN\), and let \(\mathcal D=\{(n_j,\beta_j,m_j)\}_{j\in J}\) satisfy \[ \sum_{j\in J}m_jn_j\abs{\beta_j}^{p/n_j}<\infty. \]
sec_fredholm_cyclic_construction.tex	1019	theorem	Exact Schatten membership threshold for the cyclic model	thm:schatten-cyclic-model-membership	yes	no	\label{thm:schatten-cyclic-model-membership} Let \(1<p<\infty\), let \(r=\lceil p\rceil\), and let \(\mathcal D=\{(n_j,\beta_j,m_j)\}_{j\in J}\) be countable cyclic data. The integer \(r\) is recorded only for t
sec_fredholm_cyclic_construction.tex	1054	theorem	Regularized cyclic determinant on a prescribed \(\mathcal S_p\) budget	thm:schatten-cyclic-regularized-determinant	yes	no	\label{thm:schatten-cyclic-regularized-determinant} Let \(1<p<\infty\), let \(r=\lceil p\rceil\), and let \(\mathcal D=\{(n_j,\beta_j,m_j)\}_{j\in J}\) be countable cyclic data satisfying \[ \tau_{\mathcal
sec_fredholm_cyclic_construction.tex	1206	corollary	Controlled scope of the regularized cyclic package	cor:regularized-controlled-extension-scope	yes	no	\label{cor:regularized-controlled-extension-scope} Let \(1<p<\infty\), put \(r=\lceil p\rceil\), and let \(\mathcal D\) be countable cyclic data satisfying \[ \sum_{j\in J}m_jn_j\abs{\beta_j}^{p/n_j}<\infty
sec_fredholm_cyclic_construction.tex	1249	proposition	Regularized determinant domain boundary	prop:regularized-domain-boundary	yes	no	\label{prop:regularized-domain-boundary} Let \(1<p<\infty\), put \(r=\lceil p\rceil\), and let \(\mathcal D\) be cyclic data satisfying \[ \sum_{j\in J}m_jn_j\abs{\beta_j}^{p/n_j}<\infty . \] The conclus
sec_fredholm_spectral_rigidity.tex	20	lemma	Classical ordered Weyl--Ky Fan--Lidskii inequality	lem:weyl-ky-fan-trace-class	yes	no	\label{lem:weyl-ky-fan-trace-class} Let \(T\in\sone(H)\). Let \((\lambda_k(T))_{k\ge1}\) be the eigenvalues of \(T\), repeated according to algebraic multiplicity and ordered so that \[ \abs{\lambda_1(T)}\ge \abs{\l
sec_fredholm_spectral_rigidity.tex	62	lemma	Schatten \texorpdfstring{\(p\)}{p}-sum Weyl--Fan inequality	lem:weyl-fan-schatten-p-sum	yes	no	\label{lem:weyl-fan-schatten-p-sum} Let \(0<p<\infty\) and let \(T\in\mathcal S_p(H)\). Let \((\lambda_k(T))_{k\ge1}\) be the eigenvalues of \(T\), repeated according to algebraic multiplicity, ordered by non-increasi
sec_fredholm_spectral_rigidity.tex	111	lemma	Ordered non-zero root-space flag	lem:ordered-nonzero-root-flag	yes	no	\label{lem:ordered-nonzero-root-flag} Let \(K\) be a compact operator on a separable Hilbert space, and let \((\mu_q)_{q\in Q}\), where \(Q=\{1,\ldots,m\}\) or \(Q=\NN\), be any ordering of the non-zero eigenval
sec_fredholm_spectral_rigidity.tex	167	lemma	Classical Ringrose triangularisation in Schatten ideals	lem:ringrose-prescribed-diagonal	yes	no	\label{lem:ringrose-prescribed-diagonal} Let \(1\le p<\infty\) and let \(T\in\mathcal S_p(H)\). After replacing \(H\) by the reducing subspace \[ H_T:=\overline{\mathrm{span}}\{u_r,v_r:r\ge1\} \] coming
sec_fredholm_spectral_rigidity.tex	241	lemma	Two-by-two trace-norm pinching identity	lem:two-by-two-trace-norm-pinching	yes	no	\label{lem:two-by-two-trace-norm-pinching} For \(a,b,c\in\CC\), let \[ B=\begin{pmatrix}a&c\\0&b\end{pmatrix}. \] Then \[ \|B\|_1^2=(\abs{a}+\abs{b})^2+\abs{c}^2. \] In particular, \[ \|B\|
sec_fredholm_spectral_rigidity.tex	285	lemma	Two-by-two Schatten pinching rigidity	lem:two-by-two-schatten-pinching	yes	no	\label{lem:two-by-two-schatten-pinching} Let \(1<p<\infty\). For \(a,b,c\in\CC\), put \[ B=\begin{pmatrix}a&c\\0&b\end{pmatrix} \] and define \[ \Phi_p(a,b,c):=\|B\|_p^p-\abs a^p-\abs b^p . \] Th
sec_fredholm_spectral_rigidity.tex	336	lemma	Uniform two-by-two Schatten pinching modulus	lem:uniform-two-by-two-schatten-modulus	yes	no	\label{lem:uniform-two-by-two-schatten-modulus} Let \(1<p<\infty\), let \(E\subset\CC\) be finite, and let \(R>0\). For \(a,b,c\in\CC\), set \[ B(a,b,c):=\begin{pmatrix}a&c\\0&b\end{pmatrix}, \qquad
sec_fredholm_spectral_rigidity.tex	390	lemma	Standard trace-norm convergence of Schur compressions	lem:trace-norm-schur-compressions	yes	no	\label{lem:trace-norm-schur-compressions} Let \(T\in\sone(H)\), and let \((P_N)_{N\ge1}\) be finite-rank orthogonal projections with \(P_N\to I\) strongly. Then \[ P_NTP_N\longrightarrow T \qquad\text{in
sec_fredholm_spectral_rigidity.tex	422	lemma	Standard Schatten-norm convergence of Schur compressions	lem:schatten-schur-compressions	yes	no	\label{lem:schatten-schur-compressions} Let \(1\le p<\infty\), let \(T\in\mathcal S_p(H)\), and let \((P_N)_{N\ge1}\) be finite-rank orthogonal projections with \(P_N\to I\) strongly. Then \[ P_NTP_N\longr
sec_fredholm_spectral_rigidity.tex	450	lemma	Spectral rigidity for regularized determinants	lem:regularized-determinant-spectral-rigidity	yes	no	\label{lem:regularized-determinant-spectral-rigidity} Let \(1\le r<\infty\), and let \(T_1,T_2\in\mathcal S_r\). If \[ \det_r(I-zT_1)=\det_r(I-zT_2) \] as entire functions, then the non-zero spectra of \(T
sec_fredholm_spectral_rigidity.tex	474	lemma	Trace-class triangular equality and entry pinching	lem:trace-triangular-equality-pinching	yes	no	\label{lem:trace-triangular-equality-pinching} Let \(T\in\sone(H)\), and choose a Ringrose basis from \Cref{lem:ringrose-prescribed-diagonal}. Write \(A=[a_{ij}]\) and let \(d_k=a_{kk}\). Suppose that \[ \
sec_fredholm_spectral_rigidity.tex	546	lemma	Zero-sector Schur elimination in an equality fiber	lem:zero-sector-schur-elimination-equality-fiber	yes	no	\label{lem:zero-sector-schur-elimination-equality-fiber} Let \(T\in\sone(H)\), and suppose that \[ \|T\|_1= \sum_{\lambda\in\sigma(T)\setminus\{0\}} \abs{\lambda}\,m_a(\lambda), \] where \(m_a(\l
sec_fredholm_spectral_rigidity.tex	613	lemma	Schatten triangular equality and entry pinching	lem:schatten-triangular-equality-pinching	yes	no	\label{lem:schatten-triangular-equality-pinching} Let \(1<p<\infty\), let \(T\in\mathcal S_p(H)\), and choose a Ringrose basis from \Cref{lem:ringrose-prescribed-diagonal}. Write \(A=[a_{ij}]\) and \(d_k=a_{kk}\
sec_fredholm_spectral_rigidity.tex	726	theorem	Global trace-norm minimum and minimizer classification in a Fredholm-determinant fiber	thm:determinant-fiber-trace-minimality	yes	no	\label{thm:determinant-fiber-trace-minimality} Let \(\mathcal D=\{(n_j,\beta_j,m_j)\}_{j\in J}\) satisfy the summability hypothesis of \Cref{thm:cyclic-fredholm-realisation}, and write \[ D_{\mathcal D}(z)
sec_fredholm_spectral_rigidity.tex	916	corollary	Schur-entry stability for trace-norm near-minimizers	cor:schur-entry-stability	yes	no	\label{cor:schur-entry-stability} Under the hypotheses of \Cref{thm:determinant-fiber-trace-minimality}, let \(T\in\sone(H)\) satisfy \[ \det(I-zT)=D_{\mathcal D}(z) \] near \(0\), and put \[ \ta
sec_fredholm_spectral_rigidity.tex	991	proposition	Finite chosen-Schur-window distance bound	prop:finite-chosen-schur-window-distance-bound	yes	no	\label{prop:finite-chosen-schur-window-distance-bound} Under the hypotheses of \Cref{thm:determinant-fiber-trace-minimality}, let \(T\in\sone(H)\) satisfy \[ \det(I-zT)=D_{\mathcal D}(z) \] near \(0\).
sec_fredholm_spectral_rigidity.tex	1069	theorem	Chosen-Schur-basis tail-controlled trace-norm estimate	thm:tail-controlled-trace-distance	yes	yes	\label{thm:tail-controlled-trace-distance} Under the hypotheses of \Cref{thm:determinant-fiber-trace-minimality}, let \(T\in\sone(H)\) satisfy \[ \det(I-zT)=D_{\mathcal D}(z) \] near \(0\), and let \
sec_fredholm_spectral_rigidity.tex	1190	corollary	Chosen-tail stability criterion	cor:chosen-tail-stability-criterion	yes	yes	\label{cor:chosen-tail-stability-criterion} Under the hypotheses of \Cref{thm:determinant-fiber-trace-minimality}, let \((T_\nu)_\nu\subset\sone(H_\nu)\) be a family in the same determinant fiber, \[ \de
sec_fredholm_spectral_rigidity.tex	1241	theorem	Uniform chosen-Schur-tail stability modulus	thm:uniform-chosen-schur-tail-modulus	yes	yes	\label{thm:uniform-chosen-schur-tail-modulus} Under the hypotheses of \Cref{thm:determinant-fiber-trace-minimality}, let \(\mathfrak C\) be a class of trace-class determinant-fiber elements \(T\) for which one
sec_fredholm_spectral_rigidity.tex	1325	theorem	Finite-dimensional trace stability near the minimizer class	thm:finite-dimensional-trace-stability	yes	no	\label{thm:finite-dimensional-trace-stability} Let \(\mathcal D=\{(n_j,\beta_j,m_j)\}_{j\in J}\) satisfy the trace-class summability hypothesis, and let \(M_{\mathcal D}\) and \(\Sigma_{\mathcal D}\) be the coll
sec_fredholm_spectral_rigidity.tex	1460	definition	Finite Weyl--Horn body of the determinant fiber	def:finite-weyl-horn-body	no	no	\label{def:finite-weyl-horn-body} Assume that \(\Sigma_{\mathcal D}\) is finite. The body \(\operatorname{HWH}(\Lambda_{\mathcal D,N})\) is the fixed-dimensional set defined in the notation block above. No tra
sec_fredholm_spectral_rigidity.tex	1478	lemma	Zero-inclusive finite Horn theorem	lem:zero-inclusive-finite-horn-theorem	yes	no	\label{lem:zero-inclusive-finite-horn-theorem} Let \(\mu=(\mu_1,\ldots,\mu_N)\in\CC^N\), let \(b_1\ge\cdots\ge b_N\ge0\) be the decreasing rearrangement of \((\abs{\mu_i})_{i=1}^N\), and let \(s_1\ge\cdots\ge
sec_fredholm_spectral_rigidity.tex	1548	lemma	Zero-inclusive log-majorization implies Fan dominance	lem:zero-inclusive-log-majorization-fan-dominance	yes	no	\label{lem:zero-inclusive-log-majorization-fan-dominance} Let \(x_1\ge\cdots\ge x_N\ge0\) and \(y_1\ge\cdots\ge y_N\ge0\). Suppose that \[ \prod_{i=1}^k x_i\le \prod_{i=1}^k y_i \qquad (1\le k\le N),
sec_fredholm_spectral_rigidity.tex	1596	theorem	Finite-dimensional Weyl--Horn consequence of a determinant fiber	thm:finite-dimensional-weyl-horn-cyclic-determinant-fiber	yes	no	\label{thm:finite-dimensional-weyl-horn-cyclic-determinant-fiber} Let \(\mathcal D=\{(n_j,\beta_j,m_j)\}_{j\in J}\) satisfy the trace-class summability hypothesis, and assume that \(\Sigma_{\mathcal D}\) is finite
sec_fredholm_spectral_rigidity.tex	1681	proposition	Finite Horn package subordinate to trace-class rigidity	prop:finite-horn-subordinate-trace-chain	yes	no	\label{prop:finite-horn-subordinate-trace-chain} Let \(\mathcal D\) and \(N\) satisfy the hypotheses of \Cref{thm:finite-dimensional-weyl-horn-cyclic-determinant-fiber}. Then the finite-dimensional Horn body an
sec_fredholm_spectral_rigidity.tex	1742	corollary	Universal finite-dimensional symmetric-gauge minimization	cor:universal-finite-dimensional-symmetric-gauge-minimization	yes	no	\label{cor:universal-finite-dimensional-symmetric-gauge-minimization} Under the hypotheses of \Cref{thm:finite-dimensional-weyl-horn-cyclic-determinant-fiber}, let \(\Phi\) be a symmetric gauge norm on \(\RR^N\)
sec_fredholm_spectral_rigidity.tex	1800	corollary	Finite-dimensional gauge minimizer taxonomy	cor:finite-dimensional-gauge-minimizer-taxonomy	yes	no	\label{cor:finite-dimensional-gauge-minimizer-taxonomy} In the setting of \Cref{cor:universal-finite-dimensional-symmetric-gauge-minimization}, the following equality statements are exactly the ones used in this
sec_fredholm_spectral_rigidity.tex	1846	corollary	Exact fixed-dimensional Schatten budget range	cor:exact-fixed-dimensional-schatten-budget-range	yes	no	\label{cor:exact-fixed-dimensional-schatten-budget-range} Under the hypotheses of \Cref{thm:finite-dimensional-weyl-horn-cyclic-determinant-fiber}, fix \(1\le p<\infty\). The set of all attainable \(p\)-Schatte
sec_fredholm_spectral_rigidity.tex	1915	proposition	Two-by-two square-root sharpness	prop:two-by-two-square-root-sharpness	yes	no	\label{prop:two-by-two-square-root-sharpness} Fix \(\lambda\in\CC\setminus\{0\}\). For \(c\in\CC\), set \[ A_c=\begin{pmatrix}\lambda&c\\0&\lambda\end{pmatrix}. \] Then each \(A_c\) lies in the determinant
sec_fredholm_spectral_rigidity.tex	1980	lemma	Collapsed multiplicities under a Schatten budget	lem:schatten-collapsed-multiplicities	yes	no	\label{lem:schatten-collapsed-multiplicities} Let \(1<p<\infty\), and let \(\mathcal D=\{(n_j,\beta_j,m_j)\}_{j\in J}\) satisfy \[ n_j,m_j\in\NN,\qquad \beta_j\in\CC\setminus\{0\},\qquad \sum_{j\in J
sec_fredholm_spectral_rigidity.tex	2040	theorem	Prescribed cyclic-product \(\mathcal S_p\)-budget rigidity	thm:schatten-determinant-fiber-minimality	yes	no	\label{thm:schatten-determinant-fiber-minimality} Let \(1<p<\infty\), put \(r=\lceil p\rceil\), and let \(\mathcal D=\{(n_j,\beta_j,m_j)\}_{j\in J}\) satisfy \[ \tau_{\mathcal D,p} :=\sum_{j\in J}m_jn_j\
sec_fredholm_spectral_rigidity.tex	2189	proposition	Exact scope of the prescribed Schatten theorem chain	prop:prescribed-schatten-chain-scope	yes	no	\label{prop:prescribed-schatten-chain-scope} Let \(1<p<\infty\), put \(r=\lceil p\rceil\), and let \(\mathcal D\) satisfy the hypotheses of \Cref{thm:schatten-determinant-fiber-minimality}. Define the prescribe
sec_fredholm_spectral_rigidity.tex	2255	corollary	Prescribed-budget boundary for Schatten minimizer rigidity	cor:schatten-prescribed-budget-boundary	yes	no	\label{cor:schatten-prescribed-budget-boundary} \Cref{thm:schatten-determinant-fiber-minimality} is a sharp lower-bound and equality-rigidity theorem only in the prescribed cyclic-product \(\mathcal S_p\)-budget
sec_fredholm_spectral_rigidity.tex	2303	proposition	Natural \texorpdfstring{\(\det_r\)}{det-r} domain boundary for Schatten budgets	prop:schatten-natural-domain-budget-boundary	yes	no	\label{prop:schatten-natural-domain-budget-boundary} Let \(1<p<\infty\), put \(r=\lceil p\rceil\), and let \(\mathcal E=\{(n_j,\beta_j,m_j)\}_{j\in J}\) be cyclic data such that \[ \sum_{j\in J}m_jn_j\abs{\b
sec_fredholm_spectral_rigidity.tex	2367	theorem	Finite-dimensional prescribed-budget Schatten stability with inverse pinching modulus	thm:finite-dimensional-schatten-stability	yes	no	\label{thm:finite-dimensional-schatten-stability} Let \(1<p<\infty\), put \(r=\lceil p\rceil\), and let \(\mathcal D=\{(n_j,\beta_j,m_j)\}_{j\in J}\) satisfy \[ \tau_{\mathcal D,p} :=\sum_{j\in J}m_jn_j\
sec_fredholm_spectral_rigidity.tex	2528	theorem	Jordan profiles away from zero	thm:nonnormal-jordan-classification	yes	no	\label{thm:nonnormal-jordan-classification} Let \(\mathcal D=\{(n_j,\beta_j,m_j)\}_{j\in J}\) satisfy the summability hypothesis of \Cref{thm:cyclic-fredholm-realisation}, and let \(L_{\mathcal D}\) be the assoc
sec_fredholm_spectral_rigidity.tex	2723	proposition	Zero-part freedom in determinant fibers	prop:zero-part-freedom-interface	yes	no	\label{prop:zero-part-freedom-interface} Let \(T\in\sone(H)\), and let \(Q\in\sone(K)\) be quasinilpotent. Then \[ \det(I-z(T\oplus Q))=\det(I-zT) \] as entire functions, and the non-zero Riesz root-space
sec_fredholm_spectral_rigidity.tex	2783	remark	Algebraic partitions are not unitary classes	rem:algebraic-partitions-not-unitary-classes	no	no	\label{rem:algebraic-partitions-not-unitary-classes} Jordan partitions classify finite-dimensional nilpotent root-space restrictions only up to algebraic similarity. They do not classify them up to unitary equiv
sec_fredholm_spectral_rigidity.tex	2800	definition	Stable unitary and algebraic root-space quotients	def:root-space-equivalence-relations	no	no	\label{def:root-space-equivalence-relations} Let \(\mathcal D\) satisfy the hypotheses of \Cref{thm:determinant-fiber-trace-minimality}. For a determinant-fiber element \(T\), put \[ \mathcal R_\lambda(T)
sec_fredholm_spectral_rigidity.tex	2839	lemma	Riesz decomposition with quasinilpotent complement	lem:compact-riesz-root-space-quasinilpotent-complement	yes	no	\label{lem:compact-riesz-root-space-quasinilpotent-complement} Let \(T\in\sone(H)\), and let \(F\subset\sigma(T)\setminus\{0\}\) be a finite set containing all non-zero spectral points of \(T\). For \(\lambda\in
sec_fredholm_spectral_rigidity.tex	2901	theorem	Quasinilpotent stabilization preserves non-zero root-space invariants	thm:quasinilpotent-stabilization-nonzero-invariants	yes	no	\label{thm:quasinilpotent-stabilization-nonzero-invariants} Let \(T\in\sone(H)\), \(T'\in\sone(H')\), and let \(Q\in\sone(K)\), \(Q'\in\sone(K')\) be quasinilpotent. Suppose that there is a unitary \[ U:H\
sec_fredholm_spectral_rigidity.tex	2978	theorem	Stable unitary finite non-zero skeleton under quasinilpotent stabilization	thm:stable-nonzero-skeleton-classification	yes	no	\label{thm:stable-nonzero-skeleton-classification} Let \(T\in\sone(H)\), \(T'\in\sone(H')\), and suppose that \[ \det(I-zT)=\det(I-zT') \] as germs at \(0\). For \(\lambda\neq0\), write \[ \mathcal R
sec_fredholm_spectral_rigidity.tex	3046	definition	Finite-support non-zero-skeleton quotient	def:finite-support-skeleton-quotient	no	no	\label{def:finite-support-skeleton-quotient} Assume that \(\mathcal D\) satisfies the hypotheses of \Cref{thm:determinant-fiber-trace-minimality} and that \(\Sigma_{\mathcal D}\) is finite. Write \[ \mathc
sec_fredholm_spectral_rigidity.tex	3092	theorem	Finite-support finite non-zero-skeleton quotient after ignoring trace-class quasinilpotents	thm:finite-support-quasinilpotent-quotient	yes	no	\label{thm:finite-support-quasinilpotent-quotient} Let \(\mathcal D\) satisfy the hypotheses of \Cref{thm:determinant-fiber-trace-minimality}, and assume that \(\Sigma_{\mathcal D}\) is finite. Let \(T\in\sone(H
sec_fredholm_spectral_rigidity.tex	3202	proposition	Finite zero-sector invisibility obstruction	prop:zero-sector-invisibility-obstruction	yes	no	\label{prop:zero-sector-invisibility-obstruction} Assume the finite-support hypotheses of \Cref{thm:finite-support-quasinilpotent-quotient}. Let \[ S_{\mathcal D}:=\bigoplus_{\lambda\in\Sigma_{\mathcal D}}
sec_fredholm_spectral_rigidity.tex	3255	lemma	Classical closure order inside the finite non-zero skeleton	lem:finite-support-quotient-closure-order	yes	no	\label{lem:finite-support-quotient-closure-order} Assume the finite-support hypotheses of \Cref{thm:finite-support-quasinilpotent-quotient}. For \(\lambda\in\Sigma_{\mathcal D}\), let \(\pi_\lambda\) and \(\rh
sec_fredholm_spectral_rigidity.tex	3327	theorem	Degeneration of finite non-zero-skeleton quotient classes at the sharp budget	thm:nonnormal-quotient-degeneration	yes	no	\label{thm:nonnormal-quotient-degeneration} Assume the finite-support hypotheses of \Cref{thm:finite-support-quasinilpotent-quotient}. For each \(\lambda\in\Sigma_{\mathcal D}\), fix a nilpotent matrix \(N_\la
sec_fredholm_spectral_rigidity.tex	3442	corollary	Nonnormal determinant fibers are trace-norm unbounded	cor:nonnormal-fiber-unbounded	yes	no	\label{cor:nonnormal-fiber-unbounded} Under the hypotheses of \Cref{thm:determinant-fiber-trace-minimality}, let \[ \tau_{\mathcal D} :=\sum_{j\in J}m_j n_j\abs{\beta_j}^{1/n_j}. \] Then for every \(
sec_fredholm_spectral_rigidity.tex	3539	theorem	Determinant rigidity by collapsed spectral data	thm:cyclic-data-classification	yes	no	\label{thm:cyclic-data-classification} Let \(\mathcal D=\{(n_j,\beta_j,m_j)\}_{j\in J}\) and \(\mathcal D'=\{(n_k',\beta_k',m_k')\}_{k\in K}\) satisfy the summability hypothesis of \Cref{thm:cyclic-fredholm-real
sec_fredholm_spectral_rigidity.tex	3651	theorem	Main trace-class rigidity	thm:main-trace-class-rigidity	yes	no	\label{thm:main-trace-class-rigidity} Let \(\mathcal D=\{(n_j,\beta_j,m_j)\}_{j\in J}\) be cyclic data with \(n_j,m_j\in\NN\) and \(\beta_j\in\CC^\times\). Interpret \[ \det(I-zT)=\prod_{j\in J}(1-\beta_jz^
sec_fredholm_spectral_rigidity.tex	3738	theorem	Consequences of trace-class determinant rigidity	thm:trace-class-rigidity-consequences	yes	no	\label{thm:trace-class-rigidity-consequences} Let \(\mathcal D=\{(n_j,\beta_j,m_j)\}_{j\in J}\) be cyclic data satisfying the summability threshold of \Cref{thm:main-trace-class-rigidity}, and put \(D_{\mathcal
sec_fredholm_spectral_rigidity.tex	3818	corollary	Determinant-intrinsic trace budget and minimizer class	cor:determinant-intrinsic-trace-budget	yes	no	\label{cor:determinant-intrinsic-trace-budget} Let \(\mathcal D\) and \(\mathcal D'\) be summable cyclic data as in \Cref{thm:cyclic-data-classification}. If \[ \det(I-zL_{\mathcal D})=\det(I-zL_{\mathcal D'
sec_fredholm_threshold_classification.tex	4	proposition	Fredholm and regularized zero-divisor correspondence	prop:fredholm-regularized-zero-divisor-correspondence	yes	no	\label{prop:fredholm-regularized-zero-divisor-correspondence} Let \(r\in\NN\). If \(T\in\mathcal S_r(H)\), then \(z\mapsto\det_r(I-zT)\) is an entire function with value \(1\) at \(z=0\), and its zero divisor is
sec_fredholm_threshold_classification.tex	71	lemma	Classical Fredholm determinant rigidity	lem:fredholm-spectral-rigidity	yes	no	\label{lem:fredholm-spectral-rigidity} Let \(T_1,T_2\in \sone\). If \[ \det(I-zT_1)=\det(I-zT_2) \] in a neighbourhood of \(z=0\), then the non-zero spectra of \(T_1\) and \(T_2\) coincide with algebraic
sec_fredholm_threshold_classification.tex	102	lemma	Product-side divisor multiplicity	lem:product-side-cyclic-divisor-multiplicity	yes	no	\label{lem:product-side-cyclic-divisor-multiplicity} Let \[ \mathcal D=\{(n_j,\beta_j,m_j)\}_{j\in J} \] be countable cyclic data and define \[ P_F(z):=\prod_{j\in F}(1-\beta_jz^{n_j})^{m_j}, \qq
sec_fredholm_threshold_classification.tex	163	theorem	Exact trace-class threshold and forced root budget	thm:normal-realizability-threshold	yes	no	\label{thm:normal-realizability-threshold} Let \(\mathcal D=\{(n_j,\beta_j,m_j)\}_{j\in J}\) be a countable family with \[ n_j,m_j\in\NN,\qquad \beta_j\in\CC\setminus\{0\}. \] For a trace-class opera
sec_fredholm_threshold_classification.tex	282	theorem	Collapsed-multiset normal realisation and determinant classification	thm:collapsed-multiset-normal-realisation	yes	no	\label{thm:collapsed-multiset-normal-realisation} Let \(M:\CC^\times\to\NN\cup\{0\}\) have countable support \[ \Sigma_M:=\{\lambda\in\CC^\times:M(\lambda)\neq0\} \] and satisfy \[ \tau_M:=\sum_{\lam
sec_fredholm_threshold_classification.tex	360	corollary	Intrinsic normal trace-class realisability criterion	cor:arbitrary-collapsed-multiset-normal-realisation	yes	no	\label{cor:arbitrary-collapsed-multiset-normal-realisation} Let \(M:\CC^\times\to\NN\cup\{0\}\) have countable support. Then the following are equivalent: \begin{enumerate}[label=\textup{(\roman*)}] \item Th
sec_fredholm_threshold_classification.tex	423	theorem	Cyclic-block realisation of prescribed cyclic zero divisors and normal classification	thm:cyclic-fredholm-realisation	yes	no	\label{thm:cyclic-fredholm-realisation} Let \(\mathcal D=\{(n_j,\beta_j,m_j)\}_{j\in J}\) be a countable family with \[ n_j,m_j\in\NN,\qquad \beta_j\in\CC\setminus\{0\}, \] and assume that \[ \
sec_fredholm_threshold_classification.tex	580	remark	A nonnormal obstruction at fixed determinant	rem:nonnormal-obstruction-after-realisation	no	no	\label{rem:nonnormal-obstruction-after-realisation} The normality hypothesis in \Cref{thm:cyclic-fredholm-realisation} cannot be removed. Let \((e_n)_{n\ge1}\) be the standard orthonormal basis of \(\ell^2(\NN)\
sec_fredholm_threshold_classification.tex	628	definition	Block-cyclic normal realisation	def:block-cyclic-normal-realisation	no	no	\label{def:block-cyclic-normal-realisation} A normal operator \(L\in \sone(H)\) satisfying \Cref{thm:cyclic-fredholm-realisation}\textup{(ii)} is called a block-cyclic normal realisation of the Euler data \(\m
sec_fredholm_threshold_classification.tex	640	lemma	Algebraic range and closed support of a cyclic direct sum	lem:cyclic-sum-range-closure	yes	no	\label{lem:cyclic-sum-range-closure} This lemma uses the support convention of \Cref{def:closed-nonzero-support}: closed support means \(\mathsf S(L)=\overline{\Ran L}\) for normal trace-class \(L\), while the
sec_fredholm_threshold_classification.tex	714	corollary	Support, range, and trace budget of a block-cyclic realisation	cor:block-cyclic-rigidity	yes	no	\label{cor:block-cyclic-rigidity} Let \(L\) be a block-cyclic normal realisation of \(\mathcal D\) in the sense of \Cref{def:block-cyclic-normal-realisation}. Let \(U:H\to H_0\oplus H_{\mathcal D}\) be any unita
sec_fredholm_threshold_classification.tex	774	remark	Sharpness of the summability condition	rem:summability-sharpness	no	no	\label{rem:summability-sharpness} \Cref{thm:normal-realizability-threshold} packages the exact ``if and only if'' statement: \[ \sum_{j\in J}m_j n_j\abs{\beta_j}^{1/n_j}<\infty \] is exactly the criterio
sec_fredholm_threshold_classification.tex	788	corollary	Finite Euler products give finite-rank determinant models	cor:finite-rank-realisation	yes	no	\label{cor:finite-rank-realisation} If \(J\) is finite in \Cref{thm:cyclic-fredholm-realisation}, then \(L_{\mathcal D}\) is finite-rank. As an immediate specialization, every finite reciprocal Euler product \
sec_fredholm_witt_cyclic.tex	15	proposition	Connecting Fredholm--Witt identity	prop:fredholm-witt-bridge	yes	no	\label{prop:fredholm-witt-bridge} The following is a direct consequence of the classical Fredholm determinant identity; we record it here to fix notation and to make the Euler-product structure explicit. For eve
sec_fredholm_witt_cyclic.tex	100	remark	Arithmetic flexibility	rem:witt-arithmetic-flexibility	no	no	\label{rem:witt-arithmetic-flexibility} In the finite-state setting of \Cref{thm:primitive-symbolic-exclusion}, the corresponding coordinates count primitive periodic orbits and are non-negative integers. For a
sec_fredholm_witt_cyclic.tex	110	remark	Witt coordinates are not cyclic divisor multiplicities	rem:witt-versus-cyclic-data	no	no	\label{rem:witt-versus-cyclic-data} For a trace-class operator \(T\), \Cref{prop:fredholm-witt-bridge} associates the Witt coordinates \[ p_n(T)=\frac{1}{n}\sum_{d\mid n}\mu(d)\,\Tr(T^{n/d}) \qquad (n\ge
sec_fredholm_witt_cyclic.tex	136	proposition	Compatibility of cyclic zero divisors with Witt coordinates	prop:cyclic-witt-compatibility	yes	no	\label{prop:cyclic-witt-compatibility} Let \(\mathcal D=\{(n_j,\beta_j,m_j)\}_{j\in J}\) satisfy \[ n_j,m_j\in\NN,\qquad \beta_j\in\CC\setminus\{0\},\qquad \sum_{j\in J}m_j n_j\abs{\beta_j}^{1/n_j}<\in
sec_preliminaries.tex	4	proposition	Classical finite-state zeta determinant and Euler product	thm:primitive-symbolic-exclusion	yes	no	\label{thm:primitive-symbolic-exclusion} Let \(A\) be a finite square matrix with entries in \(\NN\), regarded as the adjacency matrix of a finite directed graph with possible multiple edges. Put \(a_n(A)=\Tr(A^
sec_preliminaries.tex	63	corollary	Primitive symbolic Euler data are not trace-class summable	cor:primitive-symbolic-summability-exclusion	yes	no	\label{cor:primitive-symbolic-summability-exclusion} Let \(A\) be a primitive \(0\)-\(1\) adjacency matrix for a finite one-sided subshift of finite type. Thus multiple edges are not encoded in this corollary. W
sec_preliminaries.tex	93	remark	Role of the symbolic product	rem:symbolic-product-role	no	no	\label{rem:symbolic-product-role} For primitive finite matrices, the numbers \(p_n(A)\) are non-negative integers because they count primitive periodic orbits. This arithmetic feature belongs to the finite-state
