m,alpha,empirical_rate
18,0.000000000000,0.439315932895
18,0.003117108590,0.426847498535
18,0.006234217180,0.414379064174
18,0.009351325770,0.401910629814
18,0.012468434360,0.389442195453
18,0.015585542950,0.377376469271
18,0.018702651541,0.365687312058
18,0.021819760131,0.354712901642
18,0.024936868721,0.343803021577
18,0.028053977311,0.333400690819
18,0.031171085901,0.323270087901
18,0.034288194491,0.313139484984
18,0.037405303081,0.303380037281
18,0.040522411671,0.294028711511
18,0.043639520261,0.284677385741
18,0.046756628851,0.275326059970
18,0.049873737441,0.266105022634
18,0.052990846032,0.257532974011
18,0.056107954622,0.248960925388
18,0.059225063212,0.240388876766
18,0.062342171802,0.231816828143
18,0.065459280392,0.223244779520
18,0.068576388982,0.215182189648
18,0.071693497572,0.207389418173
18,0.074810606162,0.199596646697
18,0.077927714752,0.191803875222
18,0.081044823342,0.184011103747
18,0.084161931932,0.176218332272
18,0.087279040523,0.168570547943
18,0.090396149113,0.161557053615
18,0.093513257703,0.154543559287
18,0.096630366293,0.147530064959
18,0.099747474883,0.140516570632
18,0.102864583473,0.133503076304
18,0.105981692063,0.126489581976
18,0.109098800653,0.119762263601
18,0.112215909243,0.113528046421
18,0.115333017833,0.107293829241
18,0.118450126423,0.101059612061
18,0.121567235014,0.094825394880
18,0.124684343604,0.088591177700
18,0.127801452194,0.082356960520
18,0.130918560784,0.076845753875
18,0.134035669374,0.071390813842
18,0.137152777964,0.065935873810
18,0.140269886554,0.060480933777
18,0.143386995144,0.055025993744
18,0.146504103734,0.049877100327
18,0.149621212324,0.045201437442
18,0.152738320914,0.040525774557
18,0.155855429505,0.035850111672
18,0.158972538095,0.031174448787
18,0.162089646685,0.027224464457
18,0.165206755275,0.023328078719
18,0.168323863865,0.019431692982
18,0.171440972455,0.015882131804
18,0.174558081045,0.012765023214
18,0.177675189635,0.009647914624
18,0.180792298225,0.007100467811
18,0.183909406815,0.004762636369
18,0.187026515406,0.002883848060
18,0.190143623996,0.001325293765
18,0.193260732586,0.000438470647
18,0.196377841176,0.000000000000
18,0.196985659761,0.000000000000
18,0.199494949766,0.000184912463
18,0.202612058356,0.001126328342
18,0.205729166946,0.002927938191
18,0.208846275536,0.005672291676
18,0.211963384126,0.009569835536
18,0.215080492716,0.014788529219
18,0.218197601306,0.021622753881
18,0.221314709897,0.030306177687
18,0.224431818487,0.041322723900
18,0.227548927077,0.055121927155
18,0.230666035667,0.072438394836
18,0.233783144257,0.094310700086
18,0.236900252847,0.122468908702
18,0.240017361437,0.158507559471
18,0.243134470027,0.195912862552
18,0.246251578617,0.233318165633
18,0.249368687207,0.270723468715
22,0.000000000000,0.446857132228
22,0.003097180940,0.434468408470
22,0.006194361879,0.422079684712
22,0.009291542819,0.409690960953
22,0.012388723758,0.397454817990
22,0.015485904698,0.385840389467
22,0.018583085637,0.374806943723
22,0.021680266577,0.363966810435
22,0.024777447516,0.353599155079
22,0.027874628456,0.343533317025
22,0.030971809395,0.333467478972
22,0.034068990335,0.323746242623
22,0.037166171274,0.314454699804
22,0.040263352214,0.305163156986
22,0.043360533153,0.295871614167
22,0.046457714093,0.286580071349
22,0.049554895032,0.277977659955
22,0.052652075972,0.269460412371
22,0.055749256911,0.260943164788
22,0.058846437851,0.252425917204
22,0.061943618791,0.243908669620
22,0.065040799730,0.235391422037
22,0.068137980670,0.227460587021
22,0.071235161609,0.219717634672
22,0.074332342549,0.211974682323
22,0.077429523488,0.204231729975
22,0.080526704428,0.196488777626
22,0.083623885367,0.188745825277
22,0.086721066307,0.181002872928
22,0.089818247246,0.173541459286
22,0.092915428186,0.166572802172
22,0.096012609125,0.159604145058
22,0.099109790065,0.152635487944
22,0.102206971004,0.145666830830
22,0.105304151944,0.138698173716
22,0.108401332883,0.131729516602
22,0.111498513823,0.124760859488
22,0.114595694762,0.118277884328
22,0.117692875702,0.112083522449
22,0.120790056642,0.105889160570
22,0.123887237581,0.099694798691
22,0.126984418521,0.093500436812
22,0.130081599460,0.087306074933
22,0.133178780400,0.081111713054
22,0.136275961339,0.075393519306
22,0.139373142279,0.069973452662
22,0.142470323218,0.064553386018
22,0.145567504158,0.059133319374
22,0.148664685097,0.053713252729
22,0.151761866037,0.048293186085
22,0.154859046976,0.043597765754
22,0.157956227916,0.038951994345
22,0.161053408855,0.034306222936
22,0.164150589795,0.029660451526
22,0.167247770734,0.025493474890
22,0.170344951674,0.021621998715
22,0.173442132613,0.017750522541
22,0.176539313553,0.014180631882
22,0.179636494493,0.011083450942
22,0.182733675432,0.007986270003
22,0.185830856372,0.005616774654
22,0.188928037311,0.003316119200
22,0.192025218251,0.001767528731
22,0.195122399190,0.000600376371
22,0.198219580130,-0.000000000000
22,0.199269284929,-0.000000000000
22,0.201316761069,0.000119534962
22,0.204413942009,0.001075406803
22,0.207511122948,0.002958493656
22,0.210608303888,0.005911514482
22,0.213705484827,0.010190024570
22,0.216802665767,0.016100176913
22,0.219899846706,0.023867182972
22,0.222997027646,0.034009846453
22,0.226094208585,0.047038819083
22,0.229191389525,0.063751435049
22,0.232288570464,0.085375876175
22,0.235385751404,0.113858923348
22,0.238482932343,0.150227606470
22,0.241580113283,0.187393777745
22,0.244677294223,0.224559949019
22,0.247774475162,0.261726120293
26,0.000000000000,0.452112630269
26,0.003083393729,0.439779055351
26,0.006166787459,0.427445480434
26,0.009250181188,0.415111905516
26,0.012333574918,0.403331324862
26,0.015416968647,0.392090176995
26,0.018500362376,0.381298298942
26,0.021583756106,0.370836193700
26,0.024667149835,0.360815164079
26,0.027750543565,0.350794134459
26,0.030833937294,0.341038673110
26,0.033917331023,0.331788491922
26,0.037000724753,0.322538310733
26,0.040084118482,0.313288129545
26,0.043167512212,0.304037948357
26,0.046250905941,0.295290212759
26,0.049334299671,0.286810880004
26,0.052417693400,0.278331547248
26,0.055501087129,0.269852214492
26,0.058584480859,0.261372881736
26,0.061667874588,0.252893548980
26,0.064751268318,0.244414216224
26,0.067834662047,0.236701589003
26,0.070918055776,0.228993104680
26,0.074001449506,0.221284620356
26,0.077084843235,0.213576136033
26,0.080168236965,0.205867651709
26,0.083251630694,0.198159167385
26,0.086335024423,0.190450683062
26,0.089418418153,0.182742198738
26,0.092501811882,0.175596891426
26,0.095585205612,0.168659255535
26,0.098668599341,0.161721619644
26,0.101751993070,0.154783983753
26,0.104835386800,0.147846347862
26,0.107918780529,0.140908711971
26,0.111002174259,0.133971076079
26,0.114085567988,0.127033440188
26,0.117168961717,0.120216023435
26,0.120252355447,0.114049235976
26,0.123335749176,0.107882448518
26,0.126419142906,0.101715661059
26,0.129502536635,0.095548873600
26,0.132585930365,0.089382086141
26,0.135669324094,0.083215298682
26,0.138752717823,0.077048511223
26,0.141836111553,0.071429578310
26,0.144919505282,0.066033639284
26,0.148002899012,0.060637700257
26,0.151086292741,0.055241761231
26,0.154169686470,0.049845822204
26,0.157253080200,0.044463148420
26,0.160336473929,0.039838057825
26,0.163419867659,0.035212967231
26,0.166503261388,0.030587876637
26,0.169586655117,0.025962786043
26,0.172670048847,0.022029264631
26,0.175753442576,0.018175022469
26,0.178836836306,0.014320780307
26,0.181920230035,0.011166917543
26,0.185003623764,0.008083523814
26,0.188087017494,0.005517886987
26,0.191170411223,0.003205341690
26,0.194253804953,0.001611648014
26,0.197337198682,0.000481114737
26,0.200420592411,0.000000000000
26,0.200850401552,0.000000000000
26,0.203503986141,0.000305758408
26,0.206587379870,0.001503140995
26,0.209670773600,0.003800983249
26,0.212754167329,0.007377333772
26,0.215837561059,0.012562450181
26,0.218920954788,0.019621184072
26,0.222004348517,0.029084719105
26,0.225087742247,0.041497252433
26,0.228171135976,0.057775521258
26,0.231254529706,0.079192537781
26,0.234337923435,0.107965216570
26,0.237421317164,0.144486902754
26,0.240504710894,0.181487627507
26,0.243588104623,0.218488352260
26,0.246671498353,0.255489077013
28,0.000000000000,0.454183011855
28,0.003077977696,0.441871101070
28,0.006155955392,0.429559190285
28,0.009233933089,0.417247279500
28,0.012311910785,0.405652240921
28,0.015389888481,0.394647547843
28,0.018467866177,0.383874625907
28,0.021545843873,0.373706907876
28,0.024623821569,0.363703480363
28,0.027701799266,0.353700052850
28,0.030779776962,0.344281902124
28,0.033857754658,0.335047969036
28,0.036935732354,0.325814035947
28,0.040013710050,0.316580102859
28,0.043091687746,0.307369877586
28,0.046169665443,0.298905438921
28,0.049247643139,0.290441000257
28,0.052325620835,0.281976561592
28,0.055403598531,0.273512122928
28,0.058481576227,0.265047684263
28,0.061559553924,0.256583245599
28,0.064637531620,0.248228075088
28,0.067715509316,0.240533130848
28,0.070793487012,0.232838186607
28,0.073871464708,0.225143242367
28,0.076949442404,0.217448298126
28,0.080027420101,0.209753353886
28,0.083105397797,0.202058409646
28,0.086183375493,0.194363465405
28,0.089261353189,0.186668521165
28,0.092339330885,0.179327710101
28,0.095417308581,0.172402260285
28,0.098495286278,0.165476810468
28,0.101573263974,0.158551360652
28,0.104651241670,0.151625910836
28,0.107729219366,0.144700461019
28,0.110807197062,0.137775011203
28,0.113885174758,0.130849561387
28,0.116963152455,0.123924111570
28,0.120041130151,0.117378090115
28,0.123119107847,0.111222134723
28,0.126197085543,0.105066179330
28,0.129275063239,0.098910223938
28,0.132353040936,0.092754268546
28,0.135431018632,0.086598313153
28,0.138508996328,0.080442357761
28,0.141586974024,0.074286402369
28,0.144664951720,0.068805095510
28,0.147742929416,0.063418634542
28,0.150820907113,0.058032173574
28,0.153898884809,0.052645712605
28,0.156976862505,0.047259251637
28,0.160054840201,0.042034687039
28,0.163132817897,0.037417720495
28,0.166210795593,0.032800753951
28,0.169288773290,0.028183787407
28,0.172366750986,0.023717613419
28,0.175444728682,0.019870141299
28,0.178522706378,0.016022669179
28,0.181600684074,0.012418421905
28,0.184678661771,0.009340444209
28,0.187756639467,0.006392027661
28,0.190834617163,0.004083544389
28,0.193912594859,0.002158851758
28,0.196990572555,0.000738452985
28,0.200068550251,-0.000000000000
28,0.201471562578,-0.000000000000
28,0.203146527948,0.000074735969
28,0.206224505644,0.001062816936
28,0.209302483340,0.003042742052
28,0.212380461036,0.006370727326
28,0.215458438732,0.011208860719
28,0.218536416428,0.018016547513
28,0.221614394125,0.027175141418
28,0.224692371821,0.039353506175
28,0.227770349517,0.055427971484
28,0.230848327213,0.076763439002
28,0.233926304909,0.105670328210
28,0.237004282606,0.142230605627
28,0.240082260302,0.179166337981
28,0.243160237998,0.216102070335
28,0.246238215694,0.253037802689
