m,alpha,I_m
12,0.000000000000000,0.435882489875414
12,0.002537102031436,0.418167077077085
12,0.005074204062872,0.404095000484416
12,0.007611306094309,0.391485765633118
12,0.010148408125745,0.379783873756302
12,0.012685510157181,0.368719257514233
12,0.015222612188617,0.358181547847212
12,0.017759714220053,0.348050234094933
12,0.020296816251489,0.338270641178297
12,0.022833918282926,0.328787260883136
12,0.025371020314362,0.319575898888412
12,0.027908122345798,0.310610035330299
12,0.030445224377234,0.301860815628039
12,0.032982326408670,0.293297122766762
12,0.035519428440107,0.284924686063022
12,0.038056530471543,0.276767027422710
12,0.040593632502979,0.268726707912531
12,0.043130734534415,0.260861691615079
12,0.045667836565851,0.253156105231318
12,0.048204938597288,0.245544799137010
12,0.050742040628724,0.238136909405040
12,0.053279142660160,0.230779313513875
12,0.055816244691596,0.223632137449728
12,0.058353346723032,0.216528251761707
12,0.060890448754468,0.209605783470457
12,0.063427550785905,0.202755607985579
12,0.065964652817341,0.196023860493605
12,0.068501754848777,0.189427395211871
12,0.071038856880213,0.182855508772225
12,0.073575958911649,0.176512753693635
12,0.076113060943086,0.170169998615044
12,0.078650162974522,0.163985055537933
12,0.081187265005958,0.157896010662486
12,0.083724367037394,0.151822922749801
12,0.086261469068830,0.145987588077498
12,0.088798571100267,0.140152253405195
12,0.091335673131703,0.134429447917355
12,0.093872775163139,0.128847823448196
12,0.096409877194575,0.123266198979036
12,0.098946979226011,0.117885082403929
12,0.101484081257447,0.112557168137913
12,0.104021183288884,0.107262412374028
12,0.106558285320320,0.102188208311156
12,0.109095387351756,0.097114004248283
12,0.111632489383192,0.092164627808931
12,0.114169591414628,0.087344133949203
12,0.116706693446065,0.082523640089474
12,0.119243795477501,0.077931499837543
12,0.121780897508937,0.073364716180958
12,0.124317999540373,0.068893842120927
12,0.126855101571809,0.064580768667485
12,0.129392203603245,0.060267695214044
12,0.131929305634682,0.056194535320107
12,0.134466407666118,0.052135172069809
12,0.137003509697554,0.048232727403851
12,0.139540611728990,0.044427074356697
12,0.142077713760426,0.040724952673098
12,0.144614815791863,0.037173009829087
12,0.147151917823299,0.033702662938505
12,0.149689019854735,0.030404430297638
12,0.152226121886171,0.027198188111139
12,0.154763223917607,0.024153665673416
12,0.157300325949044,0.021243899178178
12,0.159837427980480,0.018453086943599
12,0.162374530011916,0.015871522896718
12,0.164911632043352,0.013395005630601
12,0.167448734074788,0.011111613802309
12,0.169985836106224,0.009022857553608
12,0.172522938137661,0.007095360697042
12,0.175060040169097,0.005354403629066
12,0.177597142200533,0.003832142410204
12,0.180134244231969,0.002554744505956
12,0.182671346263405,0.001508558483329
12,0.185208448294842,0.000713074650784
12,0.187745550326278,0.000197176981591
12,0.190282652357714,0.000000000000000
12,0.190713918222160,0.000000000000000
12,0.192819754389150,0.000115110011323
12,0.195356856420586,0.000567808082817
12,0.197893958452023,0.001433524384515
12,0.200431060483459,0.002712647145647
12,0.202968162514895,0.004454562207300
12,0.205505264546331,0.006711849607053
12,0.208042366577767,0.009529017203493
12,0.210579468609203,0.012983485972416
12,0.213116570640640,0.017128345549158
12,0.215653672672076,0.022051309836697
12,0.218190774703512,0.027835652917408
12,0.220727876734948,0.034597305836276
12,0.223264978766384,0.042452229970921
12,0.225802080797821,0.051543749277457
12,0.228339182829257,0.062053137374516
12,0.230876284860693,0.074189270259447
12,0.233413386892129,0.088214368111212
12,0.235950488923565,0.104478256973152
12,0.238487590955001,0.123438865863545
12,0.241024692986438,0.145758723561921
12,0.243561795017874,0.172445319895672
12,0.246098897049310,0.202792507371754
12,0.248635999080746,0.233237731748988
12,0.251173101112182,0.263682956126222
12,0.253710203143619,0.294128180503456
16,0.000000000000000,0.447214852905313
16,0.002504583240770,0.430415298145638
16,0.005009166481541,0.417252662648692
16,0.007513749722311,0.405455907813103
16,0.010018332963081,0.394475244811885
16,0.012522916203851,0.384084797733149
16,0.015027499444622,0.374166149763176
16,0.017532082685392,0.364578006240391
16,0.020036665926162,0.355310200620743
16,0.022541249166933,0.346305716050241
16,0.025045832407703,0.337539674707545
16,0.027550415648473,0.328999475593332
16,0.030054998889244,0.320634365960534
16,0.032559582130014,0.312401548672266
16,0.035064165370784,0.304386882301801
16,0.037568748611554,0.296490199381597
16,0.040073331852325,0.288725991335209
16,0.042577915093095,0.281115556306875
16,0.045082498333865,0.273601806584564
16,0.047587081574636,0.266225390440260
16,0.050091664815406,0.258962099042026
16,0.052596248056176,0.251766484108123
16,0.055100831296946,0.244753651033966
16,0.057605414537717,0.237740817959810
16,0.060109997778487,0.230924040395282
16,0.062614581019257,0.224161665645203
16,0.065119164260028,0.217423794303044
16,0.067623747500798,0.210911877877041
16,0.070128330741568,0.204399961451039
16,0.072632913982339,0.197947314976874
16,0.075137497223109,0.191685856874948
16,0.077642080463879,0.185424398773023
16,0.080146663704649,0.179220566995987
16,0.082651246945420,0.173209567218138
16,0.085155830186190,0.167198567440290
16,0.087660413426960,0.161217007159508
16,0.090164996667731,0.155456465705737
16,0.092669579908501,0.149695924251965
16,0.095174163149271,0.143935382798193
16,0.097678746390041,0.138411475338745
16,0.100183329630812,0.132901392209051
16,0.102687912871582,0.127391309079356
16,0.105192496112352,0.122071818423496
16,0.107697079353123,0.116812193617878
16,0.110201662593893,0.111552568812261
16,0.112706245834663,0.106446961856395
16,0.115210829075434,0.101437795374855
16,0.117715412316204,0.096428628893314
16,0.120219995556974,0.091557690132969
16,0.122724578797744,0.086798981975506
16,0.125229162038515,0.082040273818042
16,0.127733745279285,0.077434454375448
16,0.130238328520055,0.072926204542061
16,0.132742911760826,0.068417954708675
16,0.135247495001596,0.064115240209018
16,0.137752078242366,0.059857448699708
16,0.140256661483136,0.055650567454485
16,0.142761244723907,0.051643234269253
16,0.145265827964677,0.047635901084020
16,0.147770411205447,0.043821423634677
16,0.150274994446218,0.040064548773521
16,0.152779577686988,0.036439035312193
16,0.155284160927758,0.032932618775114
16,0.157788744168529,0.029542349949088
16,0.160293327409299,0.026286391736086
16,0.162797910650069,0.023175684412479
16,0.165302493890839,0.020170184523555
16,0.167807077131610,0.017380568172763
16,0.170311660372380,0.014699851787199
16,0.172816243613150,0.012195268546429
16,0.175320826853921,0.009908718888301
16,0.177825410094691,0.007797235437080
16,0.180329993335461,0.005888872722388
16,0.182834576576231,0.004208614391886
16,0.185339159817002,0.002778649387372
16,0.187843743057772,0.001618662493632
16,0.190348326298542,0.000746119703229
16,0.192852909539313,0.000176536461680
16,0.195357492780083,0.000000000000000
16,0.195416091408723,0.000000000000000
16,0.197862076020853,0.000180980819551
16,0.200366659261624,0.000805419898200
16,0.202871242502394,0.001910316716955
16,0.205375825743164,0.003558416720785
16,0.207880408983934,0.005801594980395
16,0.210384992224705,0.008719881198499
16,0.212889575465475,0.012393095420486
16,0.215394158706245,0.016935264416232
16,0.217898741947016,0.022452635660191
16,0.220403325187786,0.029091758461902
16,0.222907908428556,0.037013794778781
16,0.225412491669327,0.046438598011626
16,0.227917074910097,0.057603039687868
16,0.230421658150867,0.070845227951433
16,0.232926241391637,0.086594555862873
16,0.235430824632408,0.105458013674474
16,0.237935407873178,0.128353462973249
16,0.240439991113948,0.156558525025598
16,0.242944574354719,0.186613523914842
16,0.245449157595489,0.216668522804085
16,0.247953740836259,0.246723521693329
16,0.250458324077029,0.276778520582572
20,0.000000000000000,0.454014242594855
20,0.002484906649788,0.437897265771833
20,0.004969813299576,0.425393257290067
20,0.007454719949364,0.414174937301999
20,0.009939626599152,0.403736210286450
20,0.012424533248940,0.393835524422200
20,0.014909439898728,0.384323245662858
20,0.017394346548516,0.375178214116076
20,0.019879253198304,0.366296050166870
20,0.022364159848092,0.357639068490453
20,0.024849066497880,0.349190385881174
20,0.027333973147668,0.340963507625760
20,0.029818879797456,0.332868381911661
20,0.032303786447244,0.324916680632339
20,0.034788693097032,0.317145530258066
20,0.037273599746820,0.309442319643723
20,0.039758506396608,0.301932813722003
20,0.042243413046396,0.294478093772639
20,0.044728319696184,0.287162839100242
20,0.047213226345972,0.279956609815856
20,0.049698132995760,0.272764989039998
20,0.052183039645548,0.265807250420592
20,0.054667946295336,0.258849511801185
20,0.057152852945124,0.251958958600446
20,0.059637759594912,0.245249710646019
20,0.062122666244700,0.238540462691591
20,0.064607572894488,0.231883171406043
20,0.067092479544276,0.225422414116594
20,0.069577386194064,0.218961656827146
20,0.072062292843852,0.212500899537697
20,0.074547199493640,0.206265145327073
20,0.077032106143428,0.200052878702603
20,0.079517012793216,0.193840612078133
20,0.082001919443004,0.187729763624368
20,0.084486826092792,0.181765987664876
20,0.086971732742580,0.175802211705385
20,0.089456639392368,0.169838435745894
20,0.091941546042156,0.164068862420476
20,0.094426452691944,0.158353577125963
20,0.096911359341732,0.152638291831451
20,0.099396265991520,0.146948089965308
20,0.101881172641308,0.141481295335774
20,0.104366079291096,0.136014500706241
20,0.106850985940884,0.130547706076707
20,0.109335892590672,0.125191560036330
20,0.111820799240460,0.119973256071775
20,0.114305705890248,0.114754952107221
20,0.116790612540036,0.109536648142666
20,0.119275519189824,0.104539290655118
20,0.121760425839612,0.099569477355542
20,0.124245332489400,0.094599664055966
20,0.126730239139188,0.089753087377111
20,0.129215145788976,0.085031764742513
20,0.131700052438764,0.080310442107916
20,0.134184959088552,0.075666946696408
20,0.136669865738340,0.071194114726789
20,0.139154772388128,0.066721282757171
20,0.141639679037916,0.062340628026122
20,0.144124585687704,0.058116286721482
20,0.146609492337492,0.053891945416842
20,0.149094398987280,0.049837219486741
20,0.151579305637068,0.045861368847080
20,0.154064212286856,0.041947049403490
20,0.156549118936644,0.038219689428808
20,0.159034025586432,0.034506070191609
20,0.161518932236220,0.031027200881906
20,0.164003838886008,0.027570246625381
20,0.166488745535796,0.024339867980657
20,0.168973652185584,0.021190336076569
20,0.171458558835372,0.018208448096823
20,0.173943465485160,0.015411603261335
20,0.176428372134948,0.012758848465088
20,0.178913278784736,0.010285075110930
20,0.181398185434524,0.008048659126121
20,0.183883092084312,0.006032741807152
20,0.186367998734100,0.004252603178993
20,0.188852905383888,0.002731212305843
20,0.191337812033676,0.001536156388319
20,0.193822718683464,0.000652861360219
20,0.196307625333252,0.000121986963627
20,0.198241602334182,0.000000000000000
20,0.198792531983040,0.000000000000000
20,0.201277438632828,0.000338991726662
20,0.203762345282616,0.001177947907330
20,0.206247251932404,0.002611228966262
20,0.208732158582192,0.004682037745078
20,0.211217065231980,0.007499671948122
20,0.213701971881768,0.011159777788686
20,0.216186878531556,0.015804194742851
20,0.218671785181344,0.021571771808938
20,0.221156691831132,0.028651216463211
20,0.223641598480920,0.037275536637632
20,0.226126505130708,0.047722038038682
20,0.228611411780496,0.060364525488123
20,0.231096318430284,0.075702238376281
20,0.233581225080072,0.094449353474407
20,0.236066131729860,0.117716097827314
20,0.238551038379648,0.146490465593827
20,0.241035945029436,0.176309345391283
20,0.243520851679224,0.206128225188739
20,0.246005758329012,0.235947104986194
20,0.248490664978800,0.265765984783650
24,0.000000000000000,0.458547171952552
24,0.002471768828103,0.442971727338306
24,0.004943537656207,0.430968559765441
24,0.007415306484310,0.420206526097773
24,0.009887075312413,0.410153938970190
24,0.012358844140517,0.400630234657798
24,0.014830612968620,0.391473661314888
24,0.017302381796723,0.382636255497916
24,0.019774150624827,0.374041094602079
24,0.022245919452930,0.365642256971348
24,0.024717688281033,0.357485419838607
24,0.027189457109137,0.349475776226802
24,0.029661225937240,0.341566115976871
24,0.032132994765343,0.333882230002395
24,0.034604763593447,0.326219746635274
24,0.037076532421550,0.318788828102729
24,0.039548301249653,0.311373521618419
24,0.042020070077757,0.304114101525010
24,0.044491838905860,0.296945971923510
24,0.046963607733963,0.289777842322011
24,0.049435376562067,0.282848953132821
24,0.051907145390170,0.275928000414132
24,0.054378914218273,0.269007047695443
24,0.056850683046377,0.262317573480093
24,0.059322451874480,0.255643797644214
24,0.061794220702583,0.248970021808335
24,0.064265989530687,0.242431406651844
24,0.066737758358790,0.236004807698775
24,0.069209527186893,0.229578208745707
24,0.071681296014997,0.223151609792638
24,0.074153064843100,0.216932055178899
24,0.076624833671203,0.210752633108641
24,0.079096602499307,0.204573211038382
24,0.081568371327410,0.198393788968124
24,0.084040140155513,0.192431464981594
24,0.086511908983617,0.186499219794146
24,0.088983677811720,0.180566974606698
24,0.091455446639823,0.174634729419250
24,0.093927215467927,0.168891603121943
24,0.096398984296030,0.163206534817306
24,0.098870753124134,0.157521466512668
24,0.101342521952237,0.151836398208030
24,0.103814290780340,0.146302403097969
24,0.106286059608444,0.140864511676141
24,0.108757828436547,0.135426620254314
24,0.111229597264650,0.129988728832487
24,0.113701366092754,0.124682365996476
24,0.116173134920857,0.119491651457459
24,0.118644903748960,0.114300936918442
24,0.121116672577064,0.109110222379425
24,0.123588441405167,0.104075461819299
24,0.126060210233270,0.099131924163093
24,0.128531979061374,0.094188386506886
24,0.131003747889477,0.089244848850679
24,0.133475516717580,0.084545210738232
24,0.135947285545684,0.079848849964836
24,0.138419054373787,0.075152489191440
24,0.140890823201890,0.070616623069477
24,0.143362592029994,0.066167439178891
24,0.145834360858097,0.061718255288305
24,0.148306129686200,0.057427240020383
24,0.150777898514304,0.053225233012608
24,0.153249667342407,0.049023226004832
24,0.155721436170510,0.045057601585040
24,0.158193204998614,0.041102771460074
24,0.160664973826717,0.037291302078869
24,0.163136742654820,0.033583648836714
24,0.165608511482924,0.029995312711046
24,0.168080280311027,0.026534836351701
24,0.170552049139130,0.023230655411478
24,0.173023817967234,0.020017355934944
24,0.175495586795337,0.017050355932190
24,0.177967355623440,0.014218921983755
24,0.180439124451544,0.011561966195899
24,0.182910893279647,0.009112651794490
24,0.185382662107750,0.006899266744762
24,0.187854430935854,0.004946012154102
24,0.190326199763957,0.003273683717043
24,0.192797968592060,0.001900245104384
24,0.195269737420164,0.000852024646247
24,0.197741506248267,0.000214160538794
24,0.200125717625625,-0.000000000000000
24,0.200213275076370,-0.000000000000000
24,0.202685043904474,0.000270442273344
24,0.205156812732577,0.001089892161315
24,0.207628581560680,0.002554543070740
24,0.210100350388784,0.004736023800466
24,0.212572119216887,0.007763928024028
24,0.215043888044990,0.011750605004326
24,0.217515656873094,0.016869628260869
24,0.219987425701197,0.023314423932570
24,0.222459194529300,0.031328298597384
24,0.224930963357404,0.041221302723997
24,0.227402732185507,0.053402472234549
24,0.229874501013610,0.068424588835000
24,0.232346269841714,0.087091596508738
24,0.234818038669817,0.110662536526268
24,0.237289807497920,0.139702102895994
24,0.239761576326024,0.169363328833233
24,0.242233345154127,0.199024554770473
24,0.244705113982230,0.228685780707714
24,0.247176882810334,0.258347006644954
28,0.000000000000000,0.461784979287446
28,0.002462382156941,0.446659439619933
28,0.004924764313881,0.435063977715347
28,0.007387146470822,0.424650313474119
28,0.009849528627762,0.414929367614906
28,0.012311910784703,0.405694857356730
28,0.014774292941643,0.396802132230525
28,0.017236675098584,0.388210451193842
28,0.019699057255524,0.379838351860244
28,0.022161439412465,0.371707247947754
28,0.024623821569405,0.363733969368798
28,0.027086203726346,0.355854346466588
28,0.029548585883286,0.348216968148787
28,0.032010968040227,0.340588328889069
28,0.034473350197167,0.333201182418248
28,0.036935732354108,0.325814035947426
28,0.039398114511048,0.318592827317720
28,0.041860496667989,0.311451919062593
28,0.044322878824930,0.304311010807465
28,0.046785260981870,0.297392267078542
28,0.049247643138811,0.290497597039109
28,0.051710025295751,0.283602926999675
28,0.054172407452692,0.276874802796521
28,0.056634789609632,0.270226370972781
28,0.059097171766573,0.263577939149042
28,0.061559553923513,0.256929507325302
28,0.064021936080454,0.250526990697548
28,0.066484318237394,0.244124797089503
28,0.068946700394335,0.237722603481457
28,0.071409082551275,0.231320409873412
28,0.073871464708216,0.225143242366922
28,0.076333846865156,0.218987286974571
28,0.078796229022097,0.212831331582219
28,0.081258611179037,0.206675376189868
28,0.083720993335978,0.200646094444792
28,0.086183375492919,0.194736377268135
28,0.088645757649859,0.188826660091477
28,0.091108139806800,0.182916942914820
28,0.093570521963740,0.177007225738163
28,0.096032904120681,0.171327879582945
28,0.098495286277621,0.165664400621982
28,0.100957668434562,0.160000921661018
28,0.103420050591502,0.154337442700055
28,0.105882432748443,0.148756964628133
28,0.108344814905383,0.143339723882864
28,0.110807197062324,0.137922483137595
28,0.113269579219264,0.132505242392326
28,0.115731961376205,0.127088001647056
28,0.118194343533145,0.121886862540188
28,0.120656725690086,0.116715860010613
28,0.123119107847026,0.111544857481038
28,0.125581490003967,0.106373854951463
28,0.128043872160908,0.101372606094858
28,0.130506254317848,0.096447841780977
28,0.132968636474789,0.091523077467096
28,0.135431018631729,0.086598313153215
28,0.137893400788670,0.081885812258656
28,0.140355782945610,0.077207286160469
28,0.142818165102551,0.072528760062282
28,0.145280547259491,0.067958299724850
28,0.147742929416432,0.063526011842357
28,0.150205311573372,0.059093723959864
28,0.152667693730313,0.054765752969347
28,0.155130075887253,0.050579703302549
28,0.157592458044194,0.046393653635750
28,0.160054840201134,0.042402707533933
28,0.162517222358075,0.038462896082828
28,0.164979604515015,0.034647540568622
28,0.167441986671956,0.030953967333211
28,0.169904368828897,0.027387854922295
28,0.172366750985837,0.023940519902578
28,0.174829133142778,0.020686310496451
28,0.177291515299718,0.017550449199204
28,0.179753897456659,0.014595590610875
28,0.182216279613599,0.011868383793840
28,0.184678661770540,0.009340444208767
28,0.187141043927480,0.007042682726211
28,0.189603426084421,0.005001164969015
28,0.192065808241361,0.003249580563898
28,0.194528190398302,0.001851053987904
28,0.196990572555242,0.000788190529073
28,0.199452954712183,0.000162101550347
28,0.201471562577608,-0.000000000000000
28,0.201915336869123,-0.000000000000000
28,0.204377719026064,0.000381185407923
28,0.206840101183004,0.001370614705563
28,0.209302483339945,0.003071360081655
28,0.211764865496886,0.005605827288739
28,0.214227247653826,0.009088795730267
28,0.216689629810767,0.013701614752894
28,0.219152011967707,0.019647463996893
28,0.221614394124648,0.027182916476060
28,0.224076776281588,0.036641502548089
28,0.226539158438529,0.048455086410403
28,0.229001540595469,0.063230962000969
28,0.231463922752410,0.081838582348090
28,0.233926304909350,0.105670328210174
28,0.236388687066291,0.134843459156016
28,0.238851069223231,0.164392045039302
28,0.241313451380172,0.193940630922588
28,0.243775833537112,0.223489216805875
28,0.246238215694053,0.253037802689161
32,0.000000000000000,0.464213334936392
32,0.002455341832782,0.449465110212631
32,0.004910683665564,0.438208864800362
32,0.007366025498346,0.428088468854641
32,0.009821367331128,0.418628158162282
32,0.012276709163910,0.409645914199122
32,0.014732050996692,0.400978841845891
32,0.017187392829474,0.392590434312131
32,0.019642734662256,0.384435042562244
32,0.022098076495038,0.376455653798341
32,0.024553418327820,0.368598559933439
32,0.027008760160602,0.360969930868112
32,0.029464101993384,0.353359778207888
32,0.031919443826166,0.345993752709542
32,0.034374785658948,0.338627727211196
32,0.036830127491730,0.331423109834468
32,0.039285469324512,0.324302618519400
32,0.041740811157294,0.317182127204332
32,0.044196152990077,0.310262565766150
32,0.046651494822859,0.303387608634360
32,0.049106836655641,0.296512651502571
32,0.051562178488423,0.289745563619062
32,0.054017520321205,0.283116140670551
32,0.056472862153987,0.276486717722039
32,0.058928203986769,0.269857294773528
32,0.061383545819551,0.263352806113086
32,0.063838887652333,0.256968917347853
32,0.066294229485115,0.250585028582620
32,0.068749571317897,0.244201139817387
32,0.071204913150679,0.237835375514595
32,0.073660254983461,0.231697020932640
32,0.076115596816243,0.225558666350685
32,0.078570938649025,0.219420311768729
32,0.081026280481807,0.213281957186774
32,0.083481622314589,0.207205437412234
32,0.085936964147371,0.201312617013558
32,0.088392305980153,0.195419796614881
32,0.090847647812935,0.189526976216204
32,0.093302989645717,0.183634155817527
32,0.095758331478499,0.177796381753859
32,0.098213673311281,0.172149095538461
32,0.100669015144063,0.166501809323062
32,0.103124356976845,0.160854523107663
32,0.105579698809627,0.155207236892264
32,0.108035040642409,0.149610686956676
32,0.110490382475191,0.144208934924556
32,0.112945724307973,0.138807182892435
32,0.115401066140755,0.133405430860315
32,0.117856407973537,0.128003678828194
32,0.120311749806319,0.122701731857224
32,0.122767091639101,0.117545514008381
32,0.125222433471883,0.112389296159539
32,0.127677775304666,0.107233078310697
32,0.130133117137448,0.102076860461855
32,0.132588458970230,0.097162173932457
32,0.135043800803012,0.092251490266893
32,0.137499142635794,0.087340806601329
32,0.139954484468576,0.082437726461289
32,0.142409826301358,0.077772576979003
32,0.144865168134140,0.073107427496717
32,0.147320509966922,0.068442278014431
32,0.149775851799704,0.063918492735525
32,0.152231193632486,0.059498877436518
32,0.154686535465268,0.055079262137510
32,0.157141877298050,0.050806178516629
32,0.159597219130832,0.046632097400899
32,0.162052560963614,0.042468998322434
32,0.164507902796396,0.038540451389983
32,0.166963244629178,0.034611904457532
32,0.169418586461960,0.030894335305071
32,0.171873928294742,0.027211322555898
32,0.174329270127524,0.023769042512256
32,0.176784611960306,0.020418618372286
32,0.179239953793088,0.017226673989669
32,0.181695295625870,0.014264590852657
32,0.184150637458652,0.011487154541409
32,0.186605979291434,0.008928893420037
32,0.189061321124216,0.006618512536603
32,0.191516662956998,0.004580081835147
32,0.193972004789780,0.002870760407905
32,0.196427346622562,0.001513485594603
32,0.198882688455344,0.000559880278526
32,0.201338030288126,0.000059044096685
32,0.202480951760879,-0.000000000000000
32,0.203793372120908,0.000078220126763
32,0.206248713953690,0.000705856031933
32,0.208704055786472,0.002027854137328
32,0.211159397619255,0.004153647110314
32,0.213614739452037,0.007242810583996
32,0.216070081284819,0.011449580375410
32,0.218525423117601,0.016992432924020
32,0.220980764950383,0.024143643219156
32,0.223436106783165,0.033245282657473
32,0.225891448615947,0.044763301361652
32,0.228346790448729,0.059335506948119
32,0.230802132281511,0.077899769044200
32,0.233257474114293,0.101959245345908
32,0.235712815947075,0.131198097582752
32,0.238168157779857,0.160662199576136
32,0.240623499612639,0.190126301569521
32,0.243078841445421,0.219590403562905
32,0.245534183278203,0.249054505556289
