file	line	env	title	labels	proof_after	body_start
sec_introduction_core.tex	237	proposition	Class-product calibration from fixed-label Euler coordinates	prop:intro-class-product-calibration;stmt:intro-class-product-calibration	yes	 \label{prop:intro-class-product-calibration} \label{stmt:intro-class-product-calibration} Under the hypotheses of Main Theorem~III the product constants satisfy \[ -\frac{|G|}{|C|}\log K_C-(\gamma+\log C(A)) = \sum_{\varrho\ne\mathbf1} \chi_\varrho^\ast(C)F_\varrho(\lambda^{-1}) \] for each conjugacy class \(C\), with \(\chi_\varrho^\ast(C)=\overline{\chi_\varrho(C)}\). Thus, after the scalar normalisation \(C(A)\) is fixed, the non-trivial fixed-label Euler vector is equivalent to the class-pr
sec_introduction_core.tex	288	proposition	Finite-state transfer split for the main theorem chain	prop:intro-finite-state-transfer-split;stmt:intro-finite-state-dependency	yes	 \label{prop:intro-finite-state-transfer-split} \label{stmt:intro-finite-state-dependency} The proofs of Main Theorems~I--III depend only on the finite adjacency matrix \(A\), the finite group \(G\), the twisted matrices \(A_\varrho\), the character table and Adams coefficients of \(G\), the Perron root \(\lambda\), and, for the Perron-point statements, the strict gap \(\eta<\lambda\). Scalar normalisation is used in the product formula through \(C(A)\) and \(\mathcal M(A)=\gamma+\FP(A)\); its i
sec_introduction_core.tex	372	theoremsummary	Main Theorem I: finite determinant recovery of primitive channels	stmt:main-theorem-i-adams-mobius-linearisation;stmt:intro-adams-mobius-linearisation;stmt:intro-finite-group;stmt:intro-adams-mobius	yes	 \phantomsection\label{stmt:main-theorem-i-adams-mobius-linearisation} \label{stmt:intro-adams-mobius-linearisation} \label{stmt:intro-finite-group} \label{stmt:intro-adams-mobius} Let \(A\) be primitive and let \(\tau:E_A\to G\) be a finite-group edge cocycle. For every class function \(\phi:G\to\CC\), the primitive label series \(\Pi_\phi(z)\) on \(|z|<\lambda^{-1}\) is determined by the finite family of twisted determinant polynomials \[ \{\det(I-zA_\varrho):\varrho\in\Irr(G)\} \] together wi
sec_introduction_core.tex	405	theoremsummary	Main Theorem II: Perron-point class Mertens constants	stmt:main-theorem-ii-class-mertens-constants;stmt:intro-class-mertens-constants;stmt:intro-class-mertens	yes	 \phantomsection\label{stmt:main-theorem-ii-class-mertens-constants} \label{stmt:intro-class-mertens-constants} \label{stmt:intro-class-mertens} Assume \(\lambda>1\) and the twisted spectral gap \(\eta=\max_{\varrho\neq\mathbf1}\rho(A_\varrho)<\lambda\). Then for every conjugacy class \(C\subset G\), \[ \sum_{n\le N}\frac{p_{n,C}}{\lambda^n} = \frac{|C|}{|G|}\log N+\mathcal M_C(A,\tau;G)+O(N^{-1}), \] where \[ \mathcal M_C(A,\tau;G)= \frac{|C|}{|G|}\biggl(\mathcal M(A)+ \sum_{\varrho\neq\mathbf1
sec_introduction_core.tex	442	theoremsummary	Main Theorem III: Adams-corrected Frobenius-class Euler-product constants	stmt:main-theorem-iii-adams-frobenius-products;stmt:intro-adams-frobenius-products	yes	 \phantomsection\label{stmt:main-theorem-iii-adams-frobenius-products} \label{stmt:intro-adams-frobenius-products} Under the hypotheses of Main Theorem~II, namely \(\lambda>1\) and the strict twisted spectral gap \(\eta<\lambda\), define the fixed-label Euler transform \[ F_\varrho(z):=\sum_{r\ge1}\frac{\Pi_\varrho(z^r)}{r}. \] This is distinct from the periodic Artin logarithm \(\mathcal L_\varrho(z)=\sum_{r\ge1}\Pi_{\psi^r\varrho}(z^r)/r\) in general. For every conjugacy class \(C\), \[ P_C(N)
sec_introduction_scalar_and_plan.tex	51	proposition	Roadmap: scalar finite-part computation	prop:intro-scalar-finite-part-computation;thm:intro-finite-part;stmt:intro-scalar-finite-part-computation;stmt:intro-finite-part	yes	 \label{prop:intro-scalar-finite-part-computation} \label{thm:intro-finite-part} \label{stmt:intro-scalar-finite-part-computation} \label{stmt:intro-finite-part} For a primitive non-negative matrix \(A\) with Perron root \(\lambda>1\), the body proves \begin{align*} \FP(A) &=\log C(A) +\sum_{k\ge 2}\frac{\mu(k)}{k} \log\det(I-\lambda^{-k}A)^{-1} \\ &=\log C(A)+\sum_{n\ge1}p_n(A) \bigl(\lambda^{-n}+\log(1-\lambda^{-n})\bigr), \end{align*} and hence \(\mathcal M(A)=\gamma+\FP(A)\). This is exactly
sec_introduction_scalar_and_plan.tex	95	corollary	Quotient shadow and scalar boundary	thm:intro-quotient-shadow;stmt:intro-quotient-shadow	yes	 \label{thm:intro-quotient-shadow} \label{stmt:intro-quotient-shadow} Assume the hypotheses of Main Theorem~II. For every finite quotient \(q:G\twoheadrightarrow Q\) and every class function \(f\) on \(Q\), the pullback \(q^\ast f\) satisfies \[ \mathcal L^G_{q^\ast f}(z)=\mathcal L^Q_f(z), \qquad \Pi^G_{q^\ast f}(z)=\Pi^Q_f(z) \quad(|z|<\lambda^{-1}). \] At the Perron point, the cyclic quotients of the fixed cocycle detect exactly the one-dimensional Peter--Weyl shadow of the normalised primiti
sec_preliminaries.tex	99	proposition	Trace, primitive orbits, and Euler product	prop:prelim-trace-primitive;eq:zeta-def	yes	 \label{prop:prelim-trace-primitive} For the adjacency matrix \(A\) of a primitive finite directed multigraph, the dynamical \(\zeta\)-function satisfies \begin{equation}\label{eq:zeta-def} \zeta_A(z) :=\exp\!\left(\sum_{n\ge 1}\frac{\Tr(A^n)}{n}z^n\right) =\frac{1}{\det(I-zA)} =\prod_{n\ge 1}(1-z^n)^{-p_n(A)}. \end{equation} 
sec_preliminaries.tex	133	lemma	Perron--Frobenius trace bound	lem:pf-trace-bound	yes	 \label{lem:pf-trace-bound} Let \(A\) be a primitive non-negative \(d\times d\) matrix with Perron root \(\lambda=\rho(A)\). Then \[ \abs{\Tr(A^n)}\le d\,\lambda^n \qquad (n\ge 1). \] In particular, there is a constant \(C_A>0\) such that \[ \abs{\Tr(A^n)}\le C_A\lambda^n \qquad (n\ge 1). \] 
sec_preliminaries.tex	186	lemma	"Primitive M\""obius asymptotic"	lem:primitive-orbit-asymptotic	yes	 \label{lem:primitive-orbit-asymptotic} Let \(A\) be a primitive non-negative matrix with Perron root \(\lambda>1\), and let \[ \Lambda(A):=\max\{|\mu|:\mu\in\spec(A),\ \mu\neq\lambda\}. \] If the set is empty, put \(\Lambda(A)=0\). Then \[ \Tr(A^n)=\lambda^n+O(\Lambda(A)^n) \] and \[ K_{\mathrm{PF}}(A) := \begin{cases} \displaystyle \sup_{n\ge 1} \frac{\abs{\Tr(A^n)-\lambda^n}}{\Lambda(A)^n}, & \Lambda(A)>0, \\[2ex] 0, & \Lambda(A)=0, \end{cases} \qquad K_{\mathrm{tr}}(A) := \sup_{\ell\ge 1}\fr
sec_preliminaries.tex	369	proposition	Finite-state determinant data	prop:finite-state-data-collection;prop:finite-state-data-package	yes	 \label{prop:finite-state-data-collection} \label{prop:finite-state-data-package} The following objects form the finite-state input data used in Main Theorems~I--III: \[ (A,X_A^+,p_n(A),\zeta_A,\Lambda(A),G,\tau, \widetilde A,A_\varrho,\psi^m,a_{\varrho, \pi}^{(m)}) . \] More precisely, once a finite directed multigraph \(\Gamma=(V,E_A)\), a primitive adjacency matrix \(A\), a finite group \(G\), and an edge cocycle \(\tau:E_A\to G\) are fixed, all the displayed objects are determined as follows
sec_preliminaries.tex	458	lemma	Reduced constant at a simple eigenvalue	lem:simple-eigenvalue-reduced-constant	yes	 \label{lem:simple-eigenvalue-reduced-constant} Let \(M\) be a complex square matrix and let \(\alpha\neq 0\) be a simple eigenvalue of \(M\). Define \[ C_\alpha(M) :=\lim_{z\to \alpha^{-1}} (1-\alpha z)\det(I-zM)^{-1}. \] Then the limit exists and \[ C_\alpha(M) = \prod_{\substack{\nu\in\spec(M)\\ \nu\neq\alpha}} \left(1-\frac{\nu}{\alpha}\right)^{-1}, \] with algebraic multiplicities in the product. In particular, if \(A\) is primitive with Perron root \(\lambda\), then \(C(A)=C_\lambda(A)\). 
sec_preliminaries.tex	507	definition	Abel finite-part constant	def:abel-finite-part	no	\label{def:abel-finite-part} For a primitive matrix \(A\) with Perron root \(\lambda>1\), we write \[ \FP(A):=\lim_{r\uparrow 1}\bigl(P_A(r)+\log(1-r)\bigr). \] The associated orbit-Mertens constant is \[ \mathcal M(A):=\gamma+\FP(A). \] 
sec_preliminaries.tex	553	definition	Fixed-matrix cyclic-lift records	def:spectral-fingerprints	no	 \label{def:spectral-fingerprints} In the fixed-matrix cyclic-lift comparison, the \emph{cyclic spectral record} of \(A\) is the sequence \[ \{\Psi_q(A)\}_{q\ge 1}. \] For each \(q\ge 1\), the \emph{\(q\)-torsion cyclic record} is the root-of-unity layer \[ \{F_A(\omega_q^j)\}_{0\le j\le q-1}. \] The associated \emph{fixed-matrix exponential record} is the growth rate \[ \limsup_{q\to\infty}\abs{\Psi_q(A)}^{1/q}. \] These are auxiliary scalar records of this one matrix \(A\). They are not invari
sec_chebotarev_main_inversion.tex	59	proposition	Finite determinant assembly for Main Theorem I	prop:main-theorem-i-assembly-map	yes	 \label{prop:main-theorem-i-assembly-map} The following implications assemble Main Theorem~I without any use of the Perron-boundary hypothesis \(\eta<\lambda\). \begin{enumerate}[label=\textup{(\alph*)},leftmargin=*] \item \Cref{lem:twisted-trace-identity,thm:class-function-linearisation} identify, for every class function \(\phi\), the periodic logarithm \(\mathcal L_\phi(z)\) on \(|z|<\lambda^{-1}\) as a finite character-table linear combination of the determinant logarithms \(\log\det(I-zA_\p
sec_chebotarev_main_inversion.tex	207	proposition	Conjugacy-class expansion	prop:class-indicator-expansion	yes	 \label{prop:class-indicator-expansion} For every conjugacy class \(C\subset G\) and every \(g\in G\), \[ \mathbf 1_C(g) =\frac{|C|}{|G|} \sum_{\varrho\in\Irr(G)} \chi_\varrho^\ast(C)\,\chi_\varrho(g) \] 
sec_chebotarev_main_inversion.tex	247	proposition	Peter--Weyl determinant factorisation	prop:kernel-peter-weyl-block-diagonalisation	yes	 \label{prop:kernel-peter-weyl-block-diagonalisation} Let \(\widetilde A\) be the adjacency matrix of the skew-product extension attached to \(\tau\). Let matrices act on row vectors. With the right regular action \(R_h\delta_g=\delta_{gh}\) on \(\CC[G]\), one has \[ \widetilde A = \sum_{e\in E_A} E_{o(e),t(e)}\otimes R_{\tau(e)}, \] and under the Fourier--Wedderburn decomposition \[ \CC[G]\cong \bigoplus_{\varrho\in\Irr(G)}M_{d_\varrho}(\CC), \qquad d_\varrho:=\dim\varrho, \] the operator \(R_h
sec_chebotarev_main_inversion.tex	341	lemma	Twisted gap as a skew-product peripheral-spectrum condition	lem:twisted-gap-skew-product-peripheral	yes	 \label{lem:twisted-gap-skew-product-peripheral} Let \(\widetilde A\) be the skew-product adjacency matrix attached to \(\tau\), and set \[ \eta:=\max_{\varrho\neq\mathbf 1}\rho(A_\varrho). \] If there is no non-trivial irreducible representation, in particular if \(G\) is trivial, this maximum is empty and by convention \(\eta=0\). Then \[ \spec(\widetilde A) = \bigsqcup_{\varrho\in\Irr(G)} \spec(A_\varrho)^{\sqcup \dim\varrho}, \] where the union is taken with algebraic multiplicity. Consequen
sec_chebotarev_main_inversion.tex	423	proposition	Twisted spectral-radius bound	prop:twisted-spectral-radius-bound	yes	 \label{prop:twisted-spectral-radius-bound} For every irreducible unitary representation \(\pi\in\Irr(G)\), \[ \rho(A_\pi)\le \lambda. \] 
sec_chebotarev_main_inversion.tex	499	lemma	Twisted trace identity	lem:twisted-trace-identity	yes	 \label{lem:twisted-trace-identity} For every irreducible representation \(\varrho\in\Irr(G)\) and every \(n\ge 1\), \[ \Tr(A_\varrho^n) = \sum_{x\in\operatorname{Fix}(\sigma^n)} \chi_\varrho(\tau_n(x)). \] 
sec_chebotarev_main_inversion.tex	560	theorem	"Main Theorem I(a): class-function determinant
  linearisation"	thm:class-function-linearisation;eq:class-logarithm-determinant-linearisation	yes	 \label{thm:class-function-linearisation} Let \(\phi:G\to\CC\) be a class function and write \[ \phi=\sum_{\varrho\in\Irr(G)}\widehat\phi(\varrho)\chi_\varrho \] as in \eqref{eq:class-function-fourier}. Then, for \(|z|<\lambda^{-1}\), \begin{equation}\label{eq:class-logarithm-determinant-linearisation} \mathcal L_\phi(z) = \sum_{\varrho\in\Irr(G)} \widehat\phi(\varrho)\, \log\det(I-zA_\varrho)^{-1}. \end{equation} Here each determinant logarithm is taken in the branch fixed by the logarithm conv
sec_chebotarev_fixed_label_and_boundary.tex	1	lemma	Primitive expansion of class-function logarithms	lem:class-logarithm-primitive-expansion;eq:class-logarithm-primitive-expansion	yes	 \label{lem:class-logarithm-primitive-expansion} For every class function \(\phi:G\to\CC\) and every \(|z|<\lambda^{-1}\), \begin{equation}\label{eq:class-logarithm-primitive-expansion} \mathcal L_\phi(z) = \sum_{\gamma\in\cP}\sum_{r\ge 1} \frac{\phi(\tau(\gamma)^r)}{r}z^{r|\gamma|}. \end{equation} 
sec_chebotarev_fixed_label_and_boundary.tex	48	remark	"Where ordinary M\""obius inversion stops"	rem:ordinary-mobius-stops	yes	" \label{rem:ordinary-mobius-stops} If \(\phi=\mathbf 1\), the factor \(\phi(\tau(\gamma)^r)\) in \eqref{eq:class-logarithm-primitive-expansion} is independent of \(r\), and \Cref{cor:class-function-adams-mobius} reduces to the usual scalar M\""obius inversion for primitive orbit counts. For a non-trivial class function this independence fails: the \(r\)-fold repetition changes the label from \(g\) to \(g^r\). The Adams operator \(\psi^r\) is exactly the correction needed for this change. Thus the"
sec_chebotarev_fixed_label_and_boundary.tex	66	corollary	"Main Theorem I(b): Adams--M\""obius primitive
  inversion"	cor:class-function-adams-mobius;eq:class-adams-mobius-inversion	yes	 \label{cor:class-function-adams-mobius} For every class function \(\phi:G\to\CC\) and every \(|z|<\lambda^{-1}\), \begin{equation}\label{eq:class-adams-mobius-inversion} \Pi_\phi(z) = \sum_{m\ge 1}\frac{\mu(m)}{m}\, \mathcal L_{\psi^m\phi}(z^m). \end{equation} 
sec_chebotarev_fixed_label_and_boundary.tex	177	theorem	Fixed-label Euler transform with Perron branch convention	thm:fixed-label-euler-transform;eq:fixed-label-euler-transform-adams-mobius;eq:fixed-label-euler-transform-vs-artin;eq:fixed-label-euler-transform-perron-branch-series	yes	 \label{thm:fixed-label-euler-transform} Let \(\phi:G\to\CC\) be a class function. For every \(|z|<\lambda^{-1}\), the fixed-label Euler transform satisfies \begin{equation}\label{eq:fixed-label-euler-transform-adams-mobius} F_\phi(z) = \sum_{r\ge1}\sum_{m\ge1} \frac{\mu(m)}{rm}\, \mathcal L_{\psi^m\phi}(z^{rm}). \end{equation} Equivalently, \begin{equation}\label{eq:fixed-label-euler-transform-vs-artin} \mathcal L_\phi(z) = \sum_{r\ge1}\frac{\Pi_{\psi^r\phi}(z^r)}{r}, \qquad F_\phi(z) = \sum_{r
sec_chebotarev_fixed_label_and_boundary.tex	294	proposition	Periodic, primitive, and fixed-label logarithms	prop:logarithmic-channel-separation;eq:channel-separation-artin;eq:channel-separation-primitive;eq:channel-separation-fixed;eq:channel-separation-obstruction	yes	 \label{prop:logarithmic-channel-separation} Let \(\phi:G\to\CC\) be a class function. On \(|z|<\lambda^{-1}\) the following three logarithmic channels are related, and only related, by the displayed Adams operations: \begin{align} \mathcal L_\phi(z) &=\sum_{r\ge1}\frac{\Pi_{\psi^r\phi}(z^r)}{r}, \label{eq:channel-separation-artin}\\ \Pi_\phi(z) &=\sum_{m\ge1}\frac{\mu(m)}{m} \mathcal L_{\psi^m\phi}(z^m), \label{eq:channel-separation-primitive}\\ F_\phi(z) &=\sum_{r,m\ge1}\frac{\mu(m)}{rm} \math
sec_chebotarev_fixed_label_and_boundary.tex	357	lemma	Trace-power majorant for Perron-boundary determinant logarithms	lem:perron-boundary-trace-power-majorant;eq:trace-power-perron-bound;eq:double-trace-power-majorant	yes	 \label{lem:perron-boundary-trace-power-majorant} Assume \(\lambda>1\) and \(\eta<\lambda\). Let \(\mathscr A:=\{A_\pi:\\pi\in\Irr(G)\}\). There is a constant \(C_{\mathscr A}\) with the following properties. \begin{enumerate} \item For every \(B\in\mathscr A\), every \(\ell\ge1\), and every \(k\ge2\), \begin{equation}\label{eq:trace-power-perron-bound} \abs{\Tr(B^\ell)}\le C_{\mathscr A}\lambda^\ell, \qquad \abs{\log\det(I-t^k\lambda^{-k}B)^{-1}} \le C_{\mathscr A}\lambda^{1-k} \end{equation} u
sec_chebotarev_fixed_label_and_boundary.tex	477	lemma	Perron-boundary majorant for the fixed-label double series	lem:fixed-label-perron-double-majorant;eq:fixed-label-perron-double-majorant-series;eq:fixed-label-perron-double-majorant-bound	yes	 \label{lem:fixed-label-perron-double-majorant} Assume \(\lambda>1\) and \(\eta<\lambda\). Let \(\phi:G\to\CC\) be a class function with \(\langle\phi,\mathbf1\rangle=0\), and write \(\psi^m\phi=\sum_{\pi\in\Irr(G)}b_{\phi,\pi}^{(m)}\chi_\pi\). Then the Abel-boundary determinant series \begin{equation}\label{eq:fixed-label-perron-double-majorant-series} \sum_{q,m\ge1}\frac{\mu(m)}{qm} \sum_{\substack{\pi\in\Irr(G)\\(q,m,\pi)\neq(1,1,\mathbf1)}} b_{\phi,\pi}^{(m)} \log\det(I-t^{qm}\lambda^{-qm}A_
sec_chebotarev_fixed_label_and_boundary.tex	526	remark	"Relation to necklace/Witt inversion and twisted-zeta
  precedents"	rem:adams-mobius-literature-position	no	" \label{rem:adams-mobius-literature-position} The cancellation in \Cref{cor:class-function-adams-mobius} is the finite-group analogue of the classical ``primitive from repetitions'' mechanism in the necklace and Witt-vector literature \cite{MetropolisRota1983Necklaces,Wehrhahn1990AperiodicRings}. What is specific here is the finite-state cocycle input: repetitions replace a primitive label \(g\) by \(g^m\), so the relevant correction is not scalar M\""obius inversion alone but the Adams operation"
sec_chebotarev_peter_weyl_bridge.tex	35	lemma	Uniform bound for Adams decomposition coefficients	lem:adams-coefficients-bounded	yes	 \label{lem:adams-coefficients-bounded} For every \(\varrho,\pi\in\Irr(G)\) and every \(m\ge 1\), \[ \abs{a_{\varrho,\pi}^{(m)}}\le \dim\varrho. \] 
sec_chebotarev_peter_weyl_bridge.tex	65	remark	Periodicity of Adams coefficients	rem:adams-coefficients-periodic	yes	 \label{rem:adams-coefficients-periodic} Let \(\exp(G)\) denote the exponent of \(G\). Since \(g^{m+\exp(G)}=g^m\) for every \(g\in G\), one has \[ \psi^{m+\exp(G)}\chi_\varrho=\psi^m\chi_\varrho. \] Consequently \(a_{\varrho,\pi}^{(m+\exp(G))}=a_{\varrho,\pi}^{(m)}\) for all \(m\), so only finitely many Adams coefficient vectors occur. In the estimates below we use this finiteness only through the uniform bound of \Cref{lem:adams-coefficients-bounded}. 
sec_chebotarev_peter_weyl_bridge.tex	79	corollary	"Main Theorem I(c): irreducible-channel determinant
  formula"	cor:primitive-peter-weyl-determinant;eq:primitive-peter-weyl-determinant	yes	 \label{cor:primitive-peter-weyl-determinant} For each \(\pi\in\Irr(G)\), write \[ P_\pi(z):=\det(I-zA_\pi),\qquad P_\pi(0)=1, \] and let \(D_\pi\) be the unique analytic germ on \(|z|<\lambda^{-1}\) with \(D_\pi(0)=0\) and \(\exp D_\pi=P_\pi^{-1}\). The finite determinant data are the polynomials \(P_\pi\), or equivalently the matrices \(A_\pi\); the logarithmic branches are these normalized germs derived from them. For every \(\varrho\in\Irr(G)\) and every \(|z|<\lambda^{-1}\), \begin{equation
sec_chebotarev_peter_weyl_bridge.tex	137	remark	Abelian toy model: the cyclic lift	rem:abelian-toy-model-cyclic	yes	" \label{rem:abelian-toy-model-cyclic} Let \(G=\ZZ/q\ZZ\), and let \(\chi_j(h)=\omega_q^{jh}\) be its irreducible characters. The canonical cyclic-lift cocycle is the special cocycle \(\tau_q:E_A\to\ZZ/q\ZZ\) with \(\tau_q(e)=1\) on every edge; its skew-product adjacency matrix is \(A\otimes P_q\). For this cocycle, and not for a general \(\ZZ/q\ZZ\)-valued edge labelling, one has \(A_{\chi_j}=\omega_q^jA\), and therefore \[ \mathcal L_{\chi_j}(z)=\log\det(I-\omega_q^j zA)^{-1}. \] The Adams--M\"""
sec_chebotarev_peter_weyl_bridge.tex	164	theorem	Main Theorem I(d): primitive Peter--Weyl trace formula	thm:primitive-peter-weyl-trace;eq:primitive-peter-weyl-trace	yes	 \label{thm:primitive-peter-weyl-trace} For every \(\varrho\in\Irr(G)\) and every \(n\ge 1\), \begin{equation}\label{eq:primitive-peter-weyl-trace} \pi_{n,\varrho}(A,\tau) = \frac{1}{n}\sum_{m\mid n}\mu(m) \sum_{\pi\in\Irr(G)} a_{\varrho,\pi}^{(m)} \Tr(A_\pi^{n/m}). \end{equation} 
sec_chebotarev_peter_weyl_bridge.tex	191	corollary	Finite trace formula for primitive coefficients	cor:primitive-peter-weyl-trace	yes	 \label{cor:primitive-peter-weyl-trace} The coefficient-level primitive data are finite-state data. More precisely, the finite character table of \(G\), the Adams coefficients \(a_{\varrho,\pi}^{(m)}\), and the twisted trace sequences \(\{\Tr(A_\pi^k):k\ge1,\ \pi\in\Irr(G)\}\) determine every primitive Peter--Weyl coefficient \(\pi_{n,\varrho}(A,\tau)\). Equivalently, for every \(\varrho\in\Irr(G)\), the series \(\Pi_\varrho(z) =\sum_{n\ge1}\pi_{n,\varrho}(A,\tau)z^n\) is determined by the finit
sec_chebotarev_peter_weyl_bridge.tex	236	proposition	Conjugacy-class primitive decomposition	prop:class-primitive-decomposition;eq:class-primitive-generating-function;eq:class-primitive-coefficients	yes	 \label{prop:class-primitive-decomposition} Let \(C\subset G\) be a conjugacy class. If \(p_{n,C}\) denotes the number of primitive orbits of length \(n\) whose \(G\)-label lies in \(C\), then for \(|z|<\lambda^{-1}\), \begin{equation}\label{eq:class-primitive-generating-function} \sum_{n\ge 1}p_{n,C}z^n = \frac{|C|}{|G|} \sum_{\varrho\in\Irr(G)} \chi_\varrho^\ast(C)\,\Pi_\varrho(z), \end{equation} and therefore \begin{equation}\label{eq:class-primitive-coefficients} p_{n,C} = \frac{|C|}{|G|} \s
sec_chebotarev_peter_weyl_bridge.tex	271	theorem	Main Theorem I(e): class-count trace recovery	thm:class-count-trace-recovery;thm:class-count-trace-readout;cor:class-artin-mobius-trace;eq:class-artin-mobius-trace	yes	 \label{thm:class-count-trace-recovery} \label{thm:class-count-trace-readout} \label{cor:class-artin-mobius-trace} For every conjugacy class \(C\subset G\) and every \(n\ge 1\), \begin{equation}\label{eq:class-artin-mobius-trace} p_{n,C} = \frac{|C|}{|G|\,n} \sum_{\varrho\in\Irr(G)} \chi_\varrho^\ast(C) \sum_{m\mid n}\mu(m) \sum_{\pi\in\Irr(G)} a_{\varrho,\pi}^{(m)} \Tr(A_\pi^{n/m}). \end{equation} Equivalently, after the finite character table, the conjugacy-class power maps, and the determinan
sec_chebotarev_peter_weyl_bridge.tex	356	lemma	Trivial and non-trivial class decomposition	lem:class-primitive-trivial-split	yes	 \label{lem:class-primitive-trivial-split} For every conjugacy class \(C\subset G\) and every \(n\ge 1\), \[ p_{n,C} = \frac{|C|}{|G|}p_n(A) +\frac{|C|}{|G|} \sum_{\varrho\neq\mathbf 1} \chi_\varrho^\ast(C)\,\pi_{n,\varrho}(A,\tau). \] 
sec_chebotarev_peter_weyl_bridge.tex	376	lemma	Non-trivial Peter--Weyl channel bound	lem:nontrivial-peter-weyl-channel-bound	yes	 \label{lem:nontrivial-peter-weyl-channel-bound} For every non-trivial \(\varrho\in\Irr(G)\) and every \(n\ge 1\), \[ \abs{\pi_{n,\varrho}(A,\tau)} \le \frac{|V|\,\dim\varrho\,\eta^n}{n} +\frac{|V|\,\dim\varrho}{n} \left(\sum_{\kappa\in\Irr(G)}\dim\kappa\right) \sum_{\substack{m\mid n\\ m>1}}\lambda^{n/m}, \] and therefore \[ \abs{\pi_{n,\varrho}(A,\tau)} \le \frac{|V|\,\dim\varrho\,\eta^n}{n} +\frac{|V|\,\dim\varrho}{n} \left(\sum_{\kappa\in\Irr(G)}\dim\kappa\right) \frac{\lambda^{n/2+1}}{\lamb
sec_chebotarev_peter_weyl_bridge.tex	471	lemma	Absolute convergence at the Perron point	lem:nontrivial-perron-point-convergence	yes	 \label{lem:nontrivial-perron-point-convergence} Assume \(\lambda>1\) and \(\eta<\lambda\). Then, for every non-trivial \(\varrho\in\Irr(G)\), the series \[ \Pi_\varrho(\lambda^{-1}) =\sum_{n\ge 1}\pi_{n,\varrho}(A,\tau)\lambda^{-n} \] converges absolutely. 
sec_chebotarev_peter_weyl_bridge.tex	495	lemma	Abel limit equals the ordinary correction sum	lem:abel-correction-sum	yes	 \label{lem:abel-correction-sum} Let \(A\) be a primitive non-negative matrix with Perron root \(\lambda>1\). If \[ \sum_{n\ge 1}\left|\frac{p_n(A)}{\lambda^n}-\frac{1}{n}\right| <\infty, \] then \[ \FP(A) = \sum_{n\ge 1}\left(\frac{p_n(A)}{\lambda^n}-\frac{1}{n}\right). \] Equivalently, for every \(0\le r<1\), \[ P_A(r)+\log(1-r) = \sum_{n\ge 1}\left(\frac{p_n(A)}{\lambda^n}-\frac{1}{n}\right)r^n, \] and the limit \(r\uparrow 1\) may be passed termwise. 
sec_chebotarev_peter_weyl_bridge.tex	538	lemma	Geometric-harmonic tails	lem:geometric-harmonic-tail	yes	 \label{lem:geometric-harmonic-tail} If \(0<\vartheta<1\), then for every \(N\ge 1\), \[ \sum_{n>N}\frac{\vartheta^n}{n} \le \frac{\vartheta^{N+1}}{(N+1)(1-\vartheta)}. \] In particular, if \(b_n=O(\vartheta^n/n)\), then \[ \sum_{n>N}b_n=O\!\left(\frac{\vartheta^N}{N}\right). \] 
sec_chebotarev_peter_weyl_bridge.tex	564	lemma	Harmonic-log remainder bound	lem:harmonic-log-remainder	yes	 \label{lem:harmonic-log-remainder} For every \(N\ge 1\), \[ 0 < H_N-\log N-\gamma \le \frac{1}{N+1}. \] 
sec_chebotarev_peter_weyl_bridge.tex	616	lemma	Perron-channel contribution	lem:perron-channel-contribution	yes	 \label{lem:perron-channel-contribution} Assume \(\lambda>1\), \(\eta<\lambda\), and set \[ \Lambda_*:=\max\{\Lambda(A),\eta,\lambda^{1/2}\}. \] Then \(\vartheta_*:=\Lambda_*/\lambda\in(0,1)\), and \[ \sum_{n\le N}\frac{p_n(A)}{\lambda^n} = H_N+\mathcal M(A)-\gamma +O\!\left(\frac{\vartheta_*^N}{N}\right). \] 
sec_chebotarev_class_mertens_overview.tex	55	proposition	Finite determinant dependence for Main Theorems II--III	prop:class-mertens-product-dependency-chain	yes	 \label{prop:class-mertens-product-dependency-chain} Assume the standing hypotheses for the class-Mertens theorem, namely \(\lambda>1\) and the strict twisted spectral gap \(\eta<\lambda\). Let \[ \begin{aligned} \mathfrak D(A,\tau;G)= \Bigl(&G,\{C\subset G\},(C,m)\mapsto C^m,\\ &C(A),\{\det(I-zA_\pi):\pi\in\Irr(G)\}\Bigr) \end{aligned} \] denote the finite determinant data together with the class-power table and Perron normalisation. Then the results in this subsection form the following ordere
sec_chebotarev_class_mertens_overview.tex	276	remark	Product-constant refinements		no	 Under the hypotheses of \Cref{thm:class-euler-product-mertens}, fix the scalar normalisation \(\alpha_A=\gamma+\log C(A)\) and the non-trivial Perron-boundary vector \[ \mathsf F(A,\tau;G):= \bigl(F_\varrho(\lambda^{-1})\bigr)_{\varrho\ne\mathbf1}. \] Then the hyperplane stability of \Cref{cor:class-product-hyperplane-stability}, the assembled finite determinant formula and truncation of \Cref{cor:assembled-adams-frobenius-product-formula}, the fixed-coordinate fibre corollary \Cref{cor:class-p
sec_chebotarev_class_mertens_additive.tex	15	theorem	"Main Theorem II(a): class Mertens theorem under the
  stated twisted spectral gap"	thm:class-mertens-explicit;eq:class-primitive-asymptotic;eq:class-chebotarev-density;eq:class-mertens-harmonic;eq:class-mertens-constant;eq:class-mertens-base-constant;eq:class-mertens-explicit-constant;eq:class-primitive-explicit-bound	yes	 \label{thm:class-mertens-explicit} Assume that \(\lambda>1\) and \[ \eta:=\max_{\varrho\neq\mathbf 1}\rho(A_\varrho)<\lambda, \qquad \Lambda_*:=\max\{\Lambda(A),\eta,\lambda^{1/2}\}. \] If \(G\) is trivial, the maximum defining \(\eta\) is empty and \(\eta=0\). For non-trivial \(G\), this is the finite-state hypothesis certified equivalently by \Cref{prop:eta-gap-finite-state-certificate}; it is not asserted for all cocycles. Write \(\theta:=\Lambda_*/\lambda\in(0,1)\). Then, for every conjugac
sec_chebotarev_class_mertens_additive.tex	270	corollary	Logarithmic form of Main Theorem II	cor:class-mertens-log-form;eq:class-mertens-log;eq:class-mertens-log-explicit	yes	 \label{cor:class-mertens-log-form} Assume the hypotheses of \Cref{thm:class-mertens-explicit}. Then, for every conjugacy class \(C\subset G\), \begin{equation}\label{eq:class-mertens-log} \sum_{n\le N}\frac{p_{n,C}}{\lambda^n} = \frac{|C|}{|G|}\log N+\mathcal M_C(A,\tau;G)+O(N^{-1}). \end{equation} More explicitly, with the same \(\theta=\Lambda_*/\lambda\) and \(C_{\mathrm{cls}}(A,\tau;G)\) as in \Cref{thm:class-mertens-explicit}, every \(N\ge1\) satisfies \begin{equation}\label{eq:class-merte
sec_chebotarev_class_mertens_products.tex	11	lemma	Explicit product-tail bound	lem:class-euler-product-tail-bound;eq:class-product-tail-bound;eq:class-product-log-bound-input;eq:class-product-log-bound-output	yes	 \label{lem:class-euler-product-tail-bound} Assume the hypotheses of \Cref{thm:class-mertens-explicit}. For every conjugacy class \(C\subset G\), put \[ T_C(N):= \sum_{r\ge2}\frac1r\sum_{n\le N}p_{n,C}\lambda^{-rn}. \] Then \begin{equation}\label{eq:class-product-tail-bound} T_C(N)= \sum_{r\ge2}\frac{\Pi_{\mathbf1_C}(\lambda^{-r})}{r} +O(\lambda^{-N}/N), \end{equation} uniformly in \(C\). Consequently, if \begin{equation}\label{eq:class-product-log-bound-input} \sum_{n\le N}\frac{p_{n,C}}{\lambd
sec_chebotarev_class_mertens_products.tex	75	lemma	Exponentiating the class product logarithm	lem:class-product-log-to-product-error	yes	 \label{lem:class-product-log-to-product-error} Let \(a\in\RR\), \(L\in\RR\), and let \(R_N=O(N^{-1})\) be a real sequence. If a positive sequence \(Q_N\) satisfies \[ \log Q_N=-a\log N+L+R_N, \] then \[ Q_N=e^L N^{-a}\bigl(1+O(N^{-1})\bigr). \] If the implied constant in \(R_N=O(N^{-1})\) is uniform over a finite set of indices, then the resulting multiplicative error is uniform over that set. 
sec_chebotarev_class_mertens_products.tex	101	proposition	Product-tail reduction from the additive Mertens formula	prop:class-euler-product-main-chain-reduction;eq:class-euler-product-reduction-asymptotic;eq:class-euler-product-reduction-normalisation	yes	 \label{prop:class-euler-product-main-chain-reduction} Assume the hypotheses of \Cref{thm:class-mertens-explicit}. For a fixed conjugacy class \(C\), put \[ P_C(N):= \prod_{\substack{\gamma\in\cP\,:\\ |\gamma|\le N\\ \tau(\gamma)\in C}} \left(1-\lambda^{-|\gamma|}\right). \] Then the logarithmic Main Theorem~II estimate \eqref{eq:class-mertens-log}, the \(r\ge2\) product-tail identity \eqref{eq:class-product-tail-bound}, and \Cref{lem:class-product-log-to-product-error} imply \begin{equation}\la
sec_chebotarev_class_mertens_products.tex	181	proposition	Fixed-label formula for the displayed product constant	prop:class-product-internal-k-certificate;eq:class-product-internal-k-certificate	yes	 \label{prop:class-product-internal-k-certificate} Assume the hypotheses of \Cref{thm:class-mertens-explicit}. For each conjugacy class \(C\subset G\), define \begin{equation}\label{eq:class-product-internal-k-certificate} K_C^{\mathrm{int}}:= \exp\!\left( -\frac{|C|}{|G|} \left( \gamma+ \log C(A)+ \sum_{\varrho\ne\mathbf1} \chi_\varrho^\ast(C)F_\varrho(\lambda^{-1}) \right) \right). \end{equation} Then, using only the additive class-Mertens theorem \Cref{thm:class-mertens-explicit,cor:class-mer
sec_chebotarev_class_mertens_products.tex	241	proposition	Three logarithmic objects at the product constant	prop:three-logarithm-product-interface;eq:three-logarithm-product-interface	yes	 \label{prop:three-logarithm-product-interface} Assume the hypotheses of \Cref{thm:class-mertens-explicit}, and let \(\phi:G\to\CC\) be a class function orthogonal to the trivial character. The three logarithmic objects used in Main Theorem~III have the following distinct roles: \begin{center} \begin{tabular}{@{}L{0.25\textwidth}L{0.36\textwidth}L{0.29\textwidth}@{}} \toprule Object & Formula & Product-constant role \\ \midrule Periodic Artin logarithm & \(\mathcal L_\phi(z)=\sum_{r\ge1}\Pi_{\ps
sec_chebotarev_class_mertens_products.tex	384	theorem	"Main Theorem III: Adams-corrected Frobenius-class
  Euler-product constants"	thm:class-euler-product-mertens;eq:class-euler-product-def;eq:class-euler-product-asymptotic;eq:class-euler-product-k-mc;eq:class-euler-product-k-f	yes	 \label{thm:class-euler-product-mertens} Assume the hypotheses of \Cref{thm:class-mertens-explicit}, namely \(\lambda>1\) and the strict twisted spectral gap \(\eta<\lambda\). For a conjugacy class \(C\subset G\), set \begin{equation}\label{eq:class-euler-product-def} P_C(N):= \prod_{\substack{\gamma\in\cP\,:\\ |\gamma|\le N\\ \tau(\gamma)\in C}} \left(1-\lambda^{-|\gamma|}\right). \end{equation} Then \begin{equation}\label{eq:class-euler-product-asymptotic} P_C(N)=K_C\,N^{-|C|/|G|}\bigl(1+O(N^{
sec_chebotarev_class_mertens_products.tex	560	proposition	Determinant inputs for Main Theorem~III	prop:main-iii-dependency-map	yes	 \label{prop:main-iii-dependency-map} Under the hypotheses of \Cref{thm:class-euler-product-mertens}, the determinant part of the product theorem uses the following mathematical inputs and no further analytic hypotheses: \begin{enumerate}[label=\textup{(\roman*)},leftmargin=*] \item the classical Frobenius-class product layer supplies the existence of a product constant and the exponent \(|C|/|G|\); \item \Cref{lem:class-euler-product-tail-bound} converts the logarithmic class-Mertens estimate a
sec_chebotarev_class_mertens_products.tex	616	proposition	Closed fixed-label coordinate equivalence	prop:main-iii-fixed-label-proof-spine	yes	 \label{prop:main-iii-fixed-label-proof-spine} Assume the hypotheses of \Cref{thm:class-mertens-explicit}. The product constants in \Cref{thm:class-euler-product-mertens} are determined by the following three finite coordinate maps, and each arrow is reversible once the scalar normalisation \(\gamma+\log C(A)\) is fixed: \begin{enumerate}[label=\textup{(\roman*)},leftmargin=*] \item the primitive-label logarithm for a non-trivial character is the fixed-label Euler transform \[ F_\varrho(\lambda^
sec_chebotarev_class_mertens_products.tex	729	corollary	Branch-compatible finite-determinant evaluation of the product constants	cor:class-euler-product-determinant-evaluation;eq:class-euler-product-determinant-F;eq:class-euler-product-k-det-adjacent	yes	 \label{cor:class-euler-product-determinant-evaluation} Assume the hypotheses of \Cref{thm:class-mertens-explicit}. For each non-trivial \(\varrho\in\Irr(G)\), put \begin{equation}\label{eq:class-euler-product-determinant-F} \mathfrak F_\varrho:= \sum_{r,m\ge1}\frac{\mu(m)}{rm} \sum_{\substack{\pi\in\Irr(G)\\(r,m,\pi)\neq(1,1,\mathbf1)}} a_{\varrho,\pi}^{(m)} \Log\det(I-\lambda^{-rm}A_\pi)^{-1}, \end{equation} with the same deletion and Abel-path branch convention as \Cref{prop:fixed-label-deter
sec_chebotarev_class_mertens_products.tex	786	proposition	Classical layer, Adams-corrected constant, and replacement obstruction	prop:classical-layer-adams-corrected-constant-separation;eq:classical-layer-forward-calibration;eq:classical-layer-inverse-calibration;eq:classical-layer-replacement-error;eq:classical-layer-replacement-parseval	yes	 \label{prop:classical-layer-adams-corrected-constant-separation} Assume the hypotheses of \Cref{thm:class-mertens-explicit}. Fix the positive branch of the product constants in \Cref{thm:class-euler-product-mertens}, and put \[ \alpha_A:=\gamma+\log C(A). \] Then the following records are equivalent after the classical Frobenius-class product layer has supplied the exponent \(|C|/|G|\) and the existence of positive constants \((K_C)_C\): \begin{enumerate}[label=\textup{(\roman*)},leftmargin=*] 
sec_chebotarev_class_mertens_rigidity_core.tex	12	theorem	Finite determinant-coordinate rigidity for Adams-corrected constants	thm:class-product-determinant-rigidity;eq:class-product-rigidity-determinant-coordinate;eq:class-product-rigidity-d-equals-f;eq:class-product-log-vector;eq:class-product-normalisation-constraint;eq:class-product-fourier-coordinates;eq:class-product-rigidity-product-formula;eq:class-product-parseval;eq:class-product-rigidity-chart-map;eq:class-product-rigidity-chart-inverse	yes	 \label{thm:class-product-determinant-rigidity} Assume the hypotheses of \Cref{thm:class-mertens-explicit}. The input data for this rigidity statement are exactly the scalar Perron normalisation \(C(A)\), the finite character table of \(G\), the finite Adams coefficient tensors \(a_{\varrho,\pi}^{(m)}\), and the twisted determinant polynomials \(\det(I-zA_\pi)\) evaluated with the Abel branch convention of \Cref{prop:fixed-label-determinant-perron}. For every non-trivial \(\varrho\in\Irr(G)\), d
sec_chebotarev_class_mertens_rigidity_core.tex	207	corollary	Branch-compatible hyperplane classification and fixed-coordinate stability	cor:class-product-hyperplane-stability;cor:class-product-stability-scalar-independence;eq:class-product-coordinate-map;eq:class-product-coordinate-map-inverse;eq:class-product-hyperplane-expansion;eq:class-product-stability-isometry;eq:class-product-stability-forward	yes	 \label{cor:class-product-hyperplane-stability} \label{cor:class-product-stability-scalar-independence} Assume the hypotheses of \Cref{thm:class-mertens-explicit}. All determinant coordinates below are the branch-compatible finite coordinates of \Cref{prop:fixed-label-determinant-perron}: the scalar Perron coordinate is fixed by \(C(A)\), non-trivial \(rm=1\) determinant logarithms are evaluated by the stated Abel continuation, and every \(rm\ge2\) determinant logarithm is taken from the same no
sec_chebotarev_class_mertens_rigidity_core.tex	312	corollary	Assembled finite-determinant product formula and truncation	cor:assembled-adams-frobenius-product-formula;cor:assembled-adams-frobenius-product-package;eq:class-product-finite-truncation-coordinate;eq:class-product-finite-truncation-constant;eq:class-product-finite-truncation-error	yes	 \label{cor:assembled-adams-frobenius-product-formula} \label{cor:assembled-adams-frobenius-product-package} Assume the hypotheses of \Cref{thm:class-mertens-explicit}. The determinant recovery formula \eqref{eq:class-product-rigidity-product-formula} and the finite determinant evaluation of \Cref{prop:fixed-label-determinant-perron} assemble Main Theorem~III into a finite twisted-determinant computation of \((K_C)_{C\subset G}\). More concretely, for \(M\ge1\) set \begin{equation}\label{eq:clas
sec_chebotarev_class_mertens_rigidity_consequences.tex	49	proposition	Fixed-coordinate equivalence after scalar normalisation	prop:class-product-fixed-coordinate-equivalence	yes	 \label{prop:class-product-fixed-coordinate-equivalence} Under the hypotheses and notation of \Cref{thm:class-product-determinant-rigidity}, consider two finite determinant-coordinate data sets with the same finite group \(G\), the same character table and Adams tensors, the same scalar normalisation \(C(A)\), and the same normalized Abel/ordinary branch convention of \Cref{prop:fixed-label-determinant-perron}. Thus equality of a coordinate always means equality of the corresponding branch-compa
sec_chebotarev_class_mertens_rigidity_consequences.tex	103	theorem	Rank-sharp fixed-coordinate obstruction skeleton	thm:class-product-minimal-obstruction-skeleton;cor:class-product-minimal-obstruction-skeleton;eq:minimal-skeleton-product-map;eq:minimal-skeleton-rank-bound;eq:minimal-skeleton-peter-weyl-record;eq:minimal-skeleton-error-bound	yes	 \label{thm:class-product-minimal-obstruction-skeleton} \label{cor:class-product-minimal-obstruction-skeleton} Fix a finite group \(G\) and a real scalar normalisation \(\alpha\). This theorem records only the fixed-coordinate obstruction skeleton for recovering the scalar-normalised class-product vector inside the branch-compatible determinant-coordinate chart used in Main Theorem~III and in the Adams-obstruction theorem. It compares only already-proved scalar-normalised product constants after
sec_chebotarev_class_mertens_rigidity_consequences.tex	280	corollary	Artin substitution after scalar normalisation	cor:class-product-artin-obstruction-recovery;cor:class-product-artin-obstruction-readout	yes	 \label{cor:class-product-artin-obstruction-recovery} \label{cor:class-product-artin-obstruction-readout} Assume the hypotheses of \Cref{thm:class-mertens-explicit}. After the same scalar normalisation, any positive class-product vector satisfying \eqref{eq:class-product-normalisation-constraint} determines a unique zero-mean Peter--Weyl coordinate vector by \[ \widehat H(\pi) = \sum_{C\subset G}\frac{|C|}{|G|} \left(-\frac{|G|}{|C|}\log K_C-\bigl(\gamma+\log C(A)\bigr) \right)\chi_\pi(C), \qqua
sec_chebotarev_class_mertens_rigidity_consequences.tex	354	proposition	Finite determinant closure of the main constants	prop:finite-data-main-chain-closure;prop:finite-data-main-spine-closure	yes	 \label{prop:finite-data-main-chain-closure} \label{prop:finite-data-main-spine-closure} Assume \(\lambda>1\) and the twisted spectral gap \(\eta<\lambda\) of \Cref{thm:class-mertens-explicit}. Encode the finite group by its multiplication table and let the finite determinant datum be \begin{equation*} \begin{aligned} \mathfrak D(A,\tau;G):= \Bigl(&G,\ \{C\subset G\,\textup{conjugacy class}\}, (C,m)\mapsto C^m, \\ &C(A),\ \{\det(I-zA_\pi):\pi\in\Irr(G)\}\Bigr). \end{aligned} \end{equation*} Toge
sec_chebotarev_class_mertens_rigidity_consequences.tex	456	remark	Order of the finite recovery	rem:assembled-recovery-dependency-order;eq:assembled-recovery-dependency-order	no	 \label{rem:assembled-recovery-dependency-order} Under the hypotheses of \Cref{prop:finite-data-main-chain-closure}, the finite-data recovery factors through the following ordered chain: \begin{equation}\label{eq:assembled-recovery-dependency-order} \mathfrak D(A,\tau;G) \longrightarrow \mathcal O_I \longrightarrow \mathcal O_{II} \longrightarrow \mathcal O_{III}, \end{equation} where \(\mathcal O_I\) consists of the primitive Peter--Weyl coefficients and primitive class counts, \(\mathcal O_{II
sec_chebotarev_class_mertens_rigidity_consequences.tex	504	proposition	Adams correction to Frobenius-class Mertens products	prop:class-product-comparison;thm:class-product-comparison;eq:comparison-fixed-label-inverse;eq:comparison-artin-error;eq:comparison-parseval-bound	yes	 \label{prop:class-product-comparison} \label{thm:class-product-comparison} Under the hypotheses of \Cref{thm:class-euler-product-mertens}, the following assertions hold after the classical asymptotic form and the scalar base constant have been separated. For the topologically mixing SFT defined by \(A\), with finite group extension determined by \(\tau\), primitive closed orbits weighted by \(\lambda^{-|\gamma|}\), and Frobenius class restricted to a conjugacy class \(C\subset G\), the product 
sec_chebotarev_class_mertens_rigidity_consequences.tex	740	corollary	Classical-layer uniqueness of the Adams coordinate	cor:class-product-classical-layer-uniqueness	yes	 \label{cor:class-product-classical-layer-uniqueness} Assume the hypotheses of \Cref{thm:class-euler-product-mertens}, and fix the classical Frobenius-class product layer for every conjugacy class: the primitive-orbit product exists with exponent \(|C|/|G|\), and the scalar Perron normalisation is the fixed number \(\gamma+\log C(A)\). Let \(B=(B_\varrho)_{\varrho\ne\mathbf1}\) be any branch-compatible non-trivial Peter--Weyl boundary vector, and let \(K_C(B)\) be the corresponding constants fro
sec_chebotarev_class_mertens_rigidity_consequences.tex	791	proposition	Theorem-by-theorem comparison calibration	prop:theorem-by-theorem-comparison-calibration;rem:main-theorem-literature-comparison;rem:theorem-by-theorem-comparison-calibration	yes	 \label{prop:theorem-by-theorem-comparison-calibration} \label{rem:main-theorem-literature-comparison} \label{rem:theorem-by-theorem-comparison-calibration} The main theorem chain separates the classical symbolic-dynamical inputs from the finite-label determinant assertions as follows. In each item below the cited external layer is used only for the indicated existence, distribution, normalisation, or comparison context, while the stated finite-state determinant interface is proved inside the pr
sec_chebotarev_class_mertens_equivalence.tex	8	lemma	Compatibility of class Euler-product constants	lem:class-product-constant-equivalence;eq:class-product-constant-compatibility	yes	 \label{lem:class-product-constant-equivalence} Under the hypotheses of \Cref{thm:class-euler-product-mertens}, every conjugacy class \(C\subset G\) satisfies \begin{equation}\label{eq:class-product-constant-compatibility} \mathcal M_C(A,\tau;G) +\sum_{r\ge2}\frac{\Pi_{\mathbf1_C}(\lambda^{-r})}{r} = \frac{|C|}{|G|} \left( \gamma+\log C(A) +\sum_{\varrho\neq\mathbf1} \chi_\varrho^\ast(C)F_\varrho(\lambda^{-1}) \right). \end{equation} All sums in \eqref{eq:class-product-constant-compatibility} ar
sec_chebotarev_class_mertens_equivalence.tex	162	lemma	Hermitian normalisation of the class-product constant	lem:class-product-hermitian-normalisation;eq:class-product-normalisation-identity	yes	 \label{lem:class-product-hermitian-normalisation} Under the hypotheses of \Cref{thm:class-euler-product-mertens}, the \(|C|/|G|\) factor in \eqref{eq:class-euler-product-k-f} multiplies both the scalar term and every non-trivial fixed-label Fourier contribution. Equivalently, \begin{equation}\label{eq:class-product-normalisation-identity} -\log K_C = \frac{|C|}{|G|} \left( \gamma+\log C(A) +\sum_{\varrho\neq\mathbf1} \chi_\varrho^\ast(C)F_\varrho(\lambda^{-1}) \right), \end{equation} and the ex
sec_chebotarev_class_mertens_equivalence.tex	226	lemma	Positive real branch for the character formula	lem:class-product-positive-real-branch;lem:class-euler-product-real-branch;eq:class-euler-product-character-exponent	yes	 \label{lem:class-product-positive-real-branch} \label{lem:class-euler-product-real-branch} Under the hypotheses of \Cref{thm:class-euler-product-mertens}, the character sum \begin{equation}\label{eq:class-euler-product-character-exponent} \sum_{\varrho\neq\mathbf1} \chi_\varrho^\ast(C)F_\varrho(\lambda^{-1}) \end{equation} is real. Consequently the right-hand side of \eqref{eq:class-euler-product-k-f} is the ordinary positive real exponential and is equal to the positive Euler-product constant 
sec_chebotarev_class_mertens_equivalence.tex	285	lemma	Sign and normalisation conventions for \texorpdfstring{$K_C$}{KC}	lem:class-product-sign-normalisation-conventions	yes	 \label{lem:class-product-sign-normalisation-conventions} Under the hypotheses of \Cref{thm:class-euler-product-mertens}, the two displayed formulae for \(K_C\) in \eqref{eq:class-euler-product-k-mc} and \eqref{eq:class-euler-product-k-f} are identical with the following conventions: the Euler--Mascheroni term enters as \(+\gamma\) inside the bracket, the scalar reduced-determinant term enters as \(+\log C(A)\), the outer sign is the single minus sign coming from \(\log(1-x)=-\sum_{r\ge1}x^r/r\)
sec_chebotarev_class_mertens_determinants.tex	26	lemma	Singular-triple deletion and branch convention	lem:fixed-label-singular-triple-deletion;eq:fixed-label-singular-deletion-abel	yes	 \label{lem:fixed-label-singular-triple-deletion} Assume the hypotheses of \Cref{thm:class-mertens-explicit}, and fix a non-trivial irreducible representation \(\varrho\in\Irr(G)\). For \(0<t<1\), the Abel-regularized fixed-label determinant expression is \begin{equation}\label{eq:fixed-label-singular-deletion-abel} F_\varrho(t\lambda^{-1}) = \sum_{r,m\ge1}\frac{\mu(m)}{rm} \sum_{\substack{\pi\in\Irr(G)\\(r,m,\pi)\neq(1,1,\mathbf1)}} a_{\varrho,\pi}^{(m)} \Log\det(I-t^{rm}\lambda^{-rm}A_\pi)^{-1
sec_chebotarev_class_mertens_determinants.tex	102	proposition	Branch-sensitive determinant formula for fixed-label Perron values	prop:fixed-label-determinant-perron;eq:fixed-label-determinant-perron	yes	 \label{prop:fixed-label-determinant-perron} Under the hypotheses of \Cref{thm:class-mertens-explicit}, namely \(\lambda>1\) and \(\eta<\lambda\), every non-trivial \(\varrho\in\Irr(G)\) satisfies \begin{equation}\label{eq:fixed-label-determinant-perron} F_\varrho(\lambda^{-1}) = \sum_{r,m\ge1}\frac{\mu(m)}{rm} \sum_{\substack{\pi\in\Irr(G)\\(r,m,\pi)\neq(1,1,\mathbf1)}} a_{\varrho,\pi}^{(m)} \Log\det(I-\lambda^{-rm}A_\pi)^{-1}. \end{equation} The displayed right-hand side is a branch-sensitive 
sec_chebotarev_class_mertens_determinants.tex	201	corollary	Convention compatibility for Main Theorem III	cor:main-iii-convention-compatibility	yes	\label{cor:main-iii-convention-compatibility} In Main Theorem~III, the following product-constant conventions are forced and mutually compatible. \begin{enumerate}[label=\textup{(\roman*)},leftmargin=*] \item The class-indicator coefficient of a non-trivial irreducible character is \((|C|/|G|)\chi_\varrho^\ast(C)\), where \(\chi_\varrho^\ast(C)=\overline{\chi_\varrho(C)}\). \item The product constant uses the single outer minus sign in \eqref{eq:class-euler-product-k-f}, with scalar base \(\gamm
sec_chebotarev_class_mertens_determinants.tex	242	proposition	Finite determinant enclosure for fixed-label Perron constants	prop:fixed-label-perron-finite-algorithm;eq:fixed-label-algorithm-adams-coefficients;eq:fixed-label-perron-finite-algorithm-rational-tail-choice;eq:fixed-label-perron-finite-algorithm-tail-choice;eq:fixed-label-perron-finite-algorithm-truncation;eq:fixed-label-perron-finite-algorithm-error;eq:fixed-label-rational-tail-envelope;eq:fixed-label-perron-finite-algorithm-roundoff	yes	 \label{prop:fixed-label-perron-finite-algorithm} Under the hypotheses of \Cref{thm:class-mertens-explicit}, namely \(\lambda>1\) and \(\eta<\lambda\), fix a non-trivial irreducible representation \(\varrho\in\Irr(G)\) and a tolerance \(\epsilon>0\). There is a deterministic finite enclosure, computed only from the twisted determinant polynomials and finite character data in \textup{(a)}, which returns an explicit finite determinant sum \(F_\varrho^{(M)}\) and a verified radius \(E_M\le\epsilon\
sec_chebotarev_class_mertens_determinants.tex	441	corollary	Boundary determinant convention for Main Theorem III	cor:main-iii-boundary-determinant-convention	yes	 \label{cor:main-iii-boundary-determinant-convention} Every determinant logarithm entering the Main Theorem~III product constants through the fixed-label coordinates satisfies exactly one of the following mutually exclusive alternatives: \begin{enumerate}[label=\textup{(\roman*)},leftmargin=*] \item it is the scalar Perron triple \((r,m,\pi)=(1,1,\mathbf1)\), and it is deleted before any boundary evaluation is made; \item it has \(rm=1\) and \(\pi\ne\mathbf1\), and its value is the Abel continua
sec_chebotarev_class_mertens_determinants.tex	489	proposition	Finite branch--tail enclosure criterion	prop:fixed-label-branch-tail-record;prop:fixed-label-branch-tail-ledger	yes	 \label{prop:fixed-label-branch-tail-record} \label{prop:fixed-label-branch-tail-ledger} Assume the hypotheses of \Cref{thm:class-mertens-explicit}, fix \(\varrho\ne\mathbf1\), and consider finite enclosure data for \(F_\varrho(\lambda^{-1})\). The enclosure is justified by the determinant data if and only if the following finite verification conditions all hold. \begin{enumerate}[label=\textup{(\roman*)},leftmargin=*] \item The deleted set is exactly \(\{(1,1,\mathbf1)\}\), and its coefficient 
sec_chebotarev_class_mertens_determinants.tex	606	corollary	Finite rational enclosures for the product constants	cor:fixed-label-product-rational-enclosures	yes	\label{cor:fixed-label-product-rational-enclosures} Under the hypotheses of \Cref{thm:class-euler-product-mertens}, hence in particular \(\lambda>1\) and \(\eta<\lambda\), fix for every non-trivial irreducible representation \(\varrho\) finite data consisting of the model data, rational tail data \((C_\varrho,Q_\varrho,\theta_\varrho,M_\varrho)\), all Adams coefficients \(a_{\varrho,\pi}^{(m)}\) with \(rm\le M_\varrho\), the branch-tagged determinant-logarithm enclosures for all non-deleted trip
sec_chebotarev_class_mertens_determinants.tex	718	corollary	Rigidity of the Adams-corrected class-product constants	cor:class-product-constant-rigidity;eq:class-product-normalised-log-vector;eq:class-product-rigidity-forward;eq:class-product-rigidity-hyperplane;eq:class-product-rigidity-parseval;eq:class-product-rigidity-inverse	yes	 \label{cor:class-product-constant-rigidity} Assume the hypotheses of \Cref{thm:class-mertens-explicit}. For each conjugacy class \(C\subset G\), let \(K_C\) be the positive constant in \Cref{thm:class-euler-product-mertens}, and set \begin{equation}\label{eq:class-product-normalised-log-vector} \mathfrak K(C) := -\frac{|G|}{|C|}\log K_C-\bigl(\gamma+\log C(A)\bigr). \end{equation} Then, as a structural consequence of the Adams-corrected constant formula and finite character Fourier inversion, t
sec_chebotarev_class_mertens_determinants.tex	844	proposition	Lower-order-tail stability of the Perron-point constants	prop:main-chain-secondary-noninterference;eq:secondary-noninterference-refined-count;eq:secondary-noninterference-refined-sum;eq:secondary-noninterference-mc;eq:secondary-noninterference-k	yes	 \label{prop:main-chain-secondary-noninterference} Assume the hypotheses of \Cref{thm:class-mertens-explicit}. The constants in Main Theorems~II--III depend only on the Perron-boundary determinant coordinates. Lower-order exponential contributions with vanishing compensated weighted sums do not change those constants. More precisely, let finitely many complex numbers of modulus strictly smaller than \(\lambda\) be arranged in class-function exponential sums \(S_C(n)\), and suppose that the weigh
sec_chebotarev_class_mertens_determinants.tex	938	remark	Classical leading terms	rem:class-mertens-comparison	no	 \label{rem:class-mertens-comparison} The leading terms are the classical ones recalled before Main Theorem~III: the Frobenius-density logarithm \(\frac{|C|}{|G|}\log N\) and product exponent \(N^{-|C|/|G|}\) are not rebranded here. The determinant-side statements in this block determine the classwise constants \(\mathcal M_C(A,\tau;G)\) and \(K_C\) from the branch-compatible fixed-label coordinates after those leading terms have been separated. The retained finite-enclosure and coordinate-rigid
sec_chebotarev_class_mertens_obstruction.tex	10	theorem	Adams obstruction criterion for class-product constants	thm:adams-obstruction-class-product;eq:naive-artin-class-product-constant;eq:adams-obstruction-ratio;eq:adams-obstruction-class-function	yes	 \label{thm:adams-obstruction-class-product} Assume the hypotheses of \Cref{thm:class-mertens-explicit}. The true class-product constant is the fixed-label Euler-transform constant of \Cref{thm:class-euler-product-mertens}. To measure the failure of the periodic Artin logarithm to govern primitive-label Euler products, define the naive Artin replacement constant \begin{equation}\label{eq:naive-artin-class-product-constant} K_C^{\mathrm{Art}} := \exp\!\left( -\frac{|C|}{|G|} \left( \gamma+\log C(
sec_chebotarev_class_mertens_obstruction.tex	94	theorem	Branch-compatible determinant readout for Main Theorem III	thm:main-iii-certificate-chain;eq:main-iii-certificate-k-readout;eq:main-iii-certificate-inverse-readout;eq:main-iii-certificate-parseval	yes	 \label{thm:main-iii-certificate-chain} Assume the hypotheses of \Cref{thm:class-mertens-explicit}. Fix the scalar normalisation \(\alpha_A:=\gamma+\log C(A)\), the positive logarithm branch, and the Abel determinant convention of \Cref{prop:fixed-label-determinant-perron}. For every non-trivial irreducible representation set \[ \mathfrak D_\varrho := \sum_{r,m\ge1}\frac{\mu(m)}{rm} \sum_{\substack{\pi\in\Irr(G)\\(r,m,\pi)\neq(1,1,\mathbf1)}} a_{\varrho,\pi}^{(m)} \Log\det(I-\lambda^{-rm}A_\pi)^
sec_chebotarev_class_mertens_obstruction.tex	279	corollary	Downstream product-constant Adams obstruction norm	thm:adams-obstruction-bound;cor:adams-obstruction-bound;thm:adams-obstruction-budget;cor:adams-obstruction-budget;eq:adams-obstruction-bound-zero-mean;eq:adams-obstruction-bound-forward;eq:adams-obstruction-bound-parseval;eq:adams-obstruction-bound-sup-lower-bound;eq:adams-obstruction-bound-lower-bound	yes	 \label{thm:adams-obstruction-bound} \label{cor:adams-obstruction-bound} \label{thm:adams-obstruction-budget} \label{cor:adams-obstruction-budget} Assume the hypotheses and notation of \Cref{thm:adams-obstruction-class-product}. This is a Parseval statement for the product constants of the present finite-state extension: it decomposes the classwise error caused by replacing fixed primitive labels with periodic Artin logarithms, and it supplies the quantitative interface used by the finite \(S_3\
sec_chebotarev_class_mertens_obstruction.tex	397	remark	Obstruction refinements		no	" Under the hypotheses of \Cref{thm:class-euler-product-mertens}, the core Main Theorem~III data consist of the Frobenius-class product asymptotic, the fixed-label constants \(K_C\), the finite determinant evaluation of \(F_\varrho(\lambda^{-1})\), and the Adams--M\""obius obstruction to the naive Artin substitution. The fixed-coordinate fibre corollary \Cref{cor:class-product-minimal-obstruction-skeleton} and the Parseval bound of \Cref{cor:adams-obstruction-bound} are determined functorially by "
sec_chebotarev_class_mertens_obstruction.tex	453	lemma	Perron-boundary determinant evaluation	lem:fixed-label-perron-determinant-evaluation;lem:perron-boundary-determinant-evaluation	yes	 \label{lem:fixed-label-perron-determinant-evaluation} \label{lem:perron-boundary-determinant-evaluation} Assume \(\lambda>1\) and \(\eta<\lambda\). For every non-trivial \(\varrho\in\Irr(G)\), the boundary determinant series \[ \sum_{m\ge 1}\frac{\mu(m)}{m} \sum_{\substack{\pi\in\Irr(G)\\(m,\pi)\neq(1,\mathbf 1)}} a_{\varrho,\pi}^{(m)} \log\det(I-\lambda^{-m}A_\pi)^{-1} \] converges absolutely. The displayed summation is a local exclusion of the boundary term \((m,\pi)=(1,\mathbf1)\). That term
sec_chebotarev_class_mertens_obstruction.tex	525	proposition	"Main Theorem II bridge: class-constant deviations,
  inverse readout, and Perron-point determinant evaluation"	prop:class-mertens-deviations;eq:class-mertens-fourier-expansion;eq:class-mertens-normalised-deviation-readout;eq:class-mertens-determinant	yes	 \label{prop:class-mertens-deviations} Under the hypotheses of \Cref{thm:class-mertens-explicit}, define \[ \Delta_C(A,\tau;G) :=\mathcal M_C(A,\tau;G)-\frac{|C|}{|G|}\mathcal M(A). \] and the scalar-normalised zero-mean class coordinate \[ \mathfrak m_C(A,\tau;G) :=\frac{|G|}{|C|}\Delta_C(A,\tau;G). \] Then the classwise deviations \(\Delta_C(A,\tau;G)\) are well defined, and \begin{equation}\label{eq:class-mertens-fourier-expansion} \Delta_C(A,\tau;G) = \frac{|C|}{|G|} \sum_{\varrho\neq\mathbf
sec_chebotarev_class_mertens_obstruction.tex	620	remark	On the twisted spectral-gap hypothesis	rem:twisted-spectral-gap-role	no	 \label{rem:twisted-spectral-gap-role} The condition \[ \eta=\max_{\varrho\neq\mathbf 1}\rho(A_\varrho)<\lambda \] does not enter the determinant identities themselves: the formulas of \Cref{thm:class-function-linearisation,cor:class-function-adams-mobius,cor:primitive-peter-weyl-determinant} are valid throughout the disc \(|z|<\lambda^{-1}\) without it. The role of the hypothesis is exactly to permit evaluation at the Perron point \(z=\lambda^{-1}\) in the non-trivial channels and to convert th
sec_chebotarev_readout.tex	13	theorem	Main Theorem II(c): class-constant Fourier recovery	thm:class-mertens-fourier;eq:class-mertens-fourier-inversion;eq:class-mertens-plancherel	yes	 \label{thm:class-mertens-fourier} Under the hypotheses of \Cref{thm:class-mertens-explicit}, let \(\Delta_C(A,\tau;G)\) be as in \Cref{prop:class-mertens-deviations}. Thus the boundary values \(\Pi_\kappa(\lambda^{-1})\) appearing below are the Perron-point channel values supplied by \Cref{prop:class-mertens-deviations} with that same fixed analytic branch convention. Then for every non-trivial \(\kappa\in\Irr(G)\), \begin{equation}\label{eq:class-mertens-fourier-inversion} \Pi_\kappa(\lambda^{
sec_chebotarev_readout.tex	121	remark	recovery analogy stops at the orthogonality step	rem:recovery-analogy-orthogonality-step;rem:readout-analogy-orthogonality-step	no	 \label{rem:recovery-analogy-orthogonality-step} \label{rem:readout-analogy-orthogonality-step} \Cref{thm:class-mertens-fourier} has the same formal linear-algebra shape as the root-of-unity calculations for fixed-matrix cyclic-lift reconstruction. In the separate canonical cyclic-lift comparison case, ordinary Fourier inversion acts on root-of-unity layers of the single matrix \(A\). Here the full family of conjugacy-class Mertens constants \(\mathcal M_C(A,\tau;G)\) recovers the non-trivial tw
sec_eta_gap.tex	16	theorem	Line-field rigidity at the Perron boundary	thm:eta-gap-rigidity;eq:eta-gap-line-field;eq:eta-gap-loop-character	yes	 \label{thm:eta-gap-rigidity} Fix the finite directed graph with primitive adjacency matrix \(A\), the fixed finite-group cocycle \(\tau\), and the associated twisted matrices \(A_\varrho\) from \eqref{eq:twisted-matrix-def}. Let \(\varrho:G\to U(V_\varrho)\) be an irreducible unitary representation. Then \[ \rho(A_\varrho)=\lambda \] denotes spectral-radius equality for the row-vector twisted matrix from \eqref{eq:twisted-matrix-def}. For the line-field formulation define the column block opera
sec_eta_gap.tex	198	corollary	Finite-state criterion for the strict twisted gap	cor:eta-gap-boundary-classifier;eq:eta-gap-boundary-classifier	yes	" \label{cor:eta-gap-boundary-classifier} This is the operational test for the gap hypothesis. It contains no product-constant formula; it only decides whether the finite extension has a non-trivial Perron-boundary channel. Thus the boundary criterion below is used only to certify the hypothesis of Main Theorems~II--III before the Adams--M\""obius determinant recovery is applied. Suppose \(G\) is non-trivial. Then the following are equivalent. \begin{enumerate} \item The Perron-point input used in"
sec_eta_gap.tex	241	corollary	Loop-character classification of boundary channels	cor:eta-gap-character-classification	yes	 \label{cor:eta-gap-character-classification} Fix a non-trivial irreducible unitary representation \(\varrho:G\to U(V_\varrho)\). For a phase \(\omega\in\TT\) and a vertex \(i\), let \[ W_i(\varrho,\omega) := \bigcap_{\gamma:i\to i} \ker\bigl(\varrho(\tau(\gamma))-\omega^{|\gamma|}I\bigr), \] where the intersection is over all closed admissible paths based at \(i\). Then \(\rho(A_\varrho)=\lambda\) if and only if there are a phase \(\omega\in\TT\) and unit vectors \(\xi_i\in W_i(\varrho,\omega)\
sec_eta_gap.tex	303	proposition	Loop-subgroup obstruction to Perron-boundary channels	prop:eta-gap-loop-subgroup-obstruction	yes	 \label{prop:eta-gap-loop-subgroup-obstruction} Suppose \(G\) is non-trivial, and fix a vertex \(i_0\). Put \(H:=\Gamma_{i_0}(\tau)\) and \(H':=[H,H]\). If the Perron-boundary obstruction \(\eta=\lambda\) occurs, then there is a non-trivial irreducible representation \(\varrho\in\Irr(G)\) such that \[ (V_\varrho)^{H'} := \{v\in V_\varrho:\varrho(h)v=v\text{ for every }h\in H'\} \] is non-zero. Equivalently, if for some vertex \(i_0\) every non-trivial irreducible representation \(\varrho\) of \(
sec_eta_gap.tex	350	corollary	Perfect loop groups force the eta gap	cor:eta-gap-perfect-group	yes	 \label{cor:eta-gap-perfect-group} Suppose \(G\) is non-trivial. Assume that for some vertex \(i_0\) the loop-label subgroup \(\Gamma_{i_0}(\tau)\) is perfect and that, for every non-trivial irreducible representation \(\varrho\) of \(G\), the restricted representation \(\varrho|_{\Gamma_{i_0}(\tau)}\) has no non-zero fixed vector. Then \(\eta<\lambda\). In particular, if \(\Gamma_{i_0}(\tau)=G\) for some vertex \(i_0\) and \(G\) is perfect, then the strict eta-gap hypothesis required in Main Th
sec_eta_gap.tex	376	proposition	"Finite-state certificate for the Perron-point
  hypothesis"	prop:eta-gap-finite-state-certificate	yes	 \label{prop:eta-gap-finite-state-certificate} Assume \(\lambda>1\). Let \(\widetilde A\) be the skew-product adjacency matrix attached to \(\tau\), and set \[ \chi_{\widetilde A}(t):=\det(tI-\widetilde A). \] The following finite-state conditions are equivalent. \begin{enumerate}[label=\rm(\roman*)] \item The strict twisted spectral gap used in the class-Mertens and Frobenius-class product theorems holds: \[ \eta=\max_{\varrho\neq\mathbf 1}\rho(A_\varrho)<\lambda . \] \item The skew-product cha
sec_eta_gap.tex	482	proposition	Perron-point separation argument for Main Theorems II--III	prop:eta-gap-perron-separation	yes	 \label{prop:eta-gap-perron-separation} Assume \(\lambda>1\). The strict twisted spectral gap \(\eta<\lambda\) is equivalent to each of the following Perron-point analytic conditions. \begin{enumerate}[label=\textup{(\roman*)},leftmargin=*] \item For every non-trivial irreducible representation \(\varrho\), the branch \[ \log\det(I-zA_\varrho)^{-1} = \sum_{n\ge1}\frac{\Tr(A_\varrho^n)z^n}{n} \] used in Main Theorem~I extends holomorphically to a neighbourhood of the closed disc \(|z|\le\lambda^{
sec_eta_gap.tex	568	corollary	Line fields are the only Perron-boundary obstruction	cor:eta-gap-only-boundary-export	yes	 \label{cor:eta-gap-only-boundary-export} Under the standing hypotheses with \(\lambda>1\), the results of this section export exactly the following finite-state alternative to the main theorem chain: \begin{enumerate}[label=\textup{(\roman*)},leftmargin=*] \item either no non-trivial boundary line field exists, equivalently \(\eta<\lambda\), and the Perron-point hypotheses of \Cref{thm:class-mertens-explicit,thm:class-euler-product-mertens} are verified; \item or a non-trivial boundary line fie
sec_eta_gap.tex	608	corollary	Perron-point availability for the main constants	thm:eta-gap-diagnostic-interface;cor:eta-gap-boundary-interface;cor:eta-gap-diagnostic-interface	yes	 \label{thm:eta-gap-diagnostic-interface} \label{cor:eta-gap-boundary-interface} \label{cor:eta-gap-diagnostic-interface} Assume \(G\) is non-trivial. For the fixed finite edge cocycle of this paper, the eta-gap section exports to Main Theorems~II--III exactly the following boundary interface: \begin{enumerate}[label=\textup{(\roman*)},leftmargin=*] \item The finite-state criterion of \Cref{prop:eta-gap-finite-state-certificate} is a deterministic pass/fail test for the fixed cocycle. It succeed
sec_eta_gap.tex	680	proposition	Fixed-cocycle scope of the eta-gap certificate	prop:eta-gap-conditional-scope	yes	 \label{prop:eta-gap-conditional-scope} The eta-gap results in this section give, for the finite edge cocycle fixed in the paper, exactly the following finite equality test and Perron-point gate, and no broader classification of gap-producing cocycles. \begin{enumerate}[label=\textup{(\roman*)},leftmargin=*] \item If the finite-state certificate of \Cref{prop:eta-gap-finite-state-certificate} succeeds, then \(\eta<\lambda\), and the Perron-point evaluations used in Main Theorems~II--III are just
sec_eta_gap.tex	734	remark	Strict-gap criteria boundary	rem:eta-gap-criteria-scope;rem:eta-gap-criteria-split	no	 \label{rem:eta-gap-criteria-scope} \label{rem:eta-gap-criteria-split} The criteria above characterize the boundary \(\eta=\lambda\) by a finite line-field test and provide only the hypothesis check needed for Main Theorems~II--III. The loop-character classifier \Cref{cor:eta-gap-character-classification} and perfect-loop-group consequence \Cref{cor:eta-gap-perfect-group} record the structural consequences of this boundary test that are used in the present paper. We do not attempt here to classi
sec_shadows_quotient_boundary.tex	22	definition	Normalised primitive class profile	def:normalised-primitive-class-profile	no	 \label{def:normalised-primitive-class-profile} Under the hypotheses of \Cref{thm:class-mertens-explicit}, define the class function \[ \mathcal B_{A,\tau;G}(C):=\frac{|G|}{|C|}\Delta_C(A,\tau;G), \] where \(\Delta_C(A,\tau;G)=\mathcal M_C(A,\tau;G)-\frac{|C|}{|G|}\mathcal M(A)\). If the target group is a quotient \(Q\) and the cocycle is \(\bar\tau:E_A\to Q\), we write \(\mathcal B_{A,\bar\tau;Q}\) for the same normalised profile computed with \(Q\) and \(\bar\tau\). 
sec_shadows_quotient_boundary.tex	44	theorem	Finite-state projection boundary for scalar inputs	thm:scalar-normalisation-projection-boundary;eq:scalar-normalisation-projection;eq:scalar-normalisation-two-cocycles;eq:scalar-profile-fibers	yes	 \label{thm:scalar-normalisation-projection-boundary} Fix \(A\) with Perron root \(\lambda>1\) and fix \(G\). Let \[ \mathcal T_{\mathrm{gap}}(A,G) := \{\tau:E_A\to G:\eta(\tau)<\lambda\}. \] For \(\tau\in\mathcal T_{\mathrm{gap}}(A,G)\), set \[ \mathcal M^\#_{A,\tau;G}(C) :=\frac{|G|}{|C|}\mathcal M_C(A,\tau;G) \] for conjugacy classes \(C\subset G\), and define the profile map \[ \mathcal B: \mathcal T_{\mathrm{gap}}(A,G)\longrightarrow L^2_{\mathrm{cl}}(G), \qquad \mathcal B(\tau):=\mathcal B
sec_shadows_quotient_boundary.tex	215	corollary	"No scalar cyclic-lift descent without a constant
  class profile"	cor:fixed-matrix-record-no-descent	yes	 \label{cor:fixed-matrix-record-no-descent} Fix \(A\), \(G\), and a non-empty family \(\mathscr T\subset\mathcal T_{\mathrm{gap}}(A,G)\). Let \(\mathcal R(A)\) be any collection of fixed-matrix scalar records formed from \(A\), for instance \(\FP(A)\), \(\mathcal M(A)\), \(F_A\), the branch-lifted cyclic-lift record \(\{\Psi_q(A)\}_{q\ge1}\), the torsion layers \(\{F_A(\omega_q^j)\}_{0\le j<q}\), or the fixed-matrix exponential record of \Cref{def:spectral-fingerprints}. These records are attach
sec_shadows_quotient_boundary.tex	269	theorem	Structural consequence: quotient functoriality	thm:quotient-functoriality;eq:quotient-functoriality-log;eq:quotient-primitive-class-decomposition	yes	 \label{thm:quotient-functoriality} Let \(q:G\twoheadrightarrow Q\) be a surjective homomorphism, and let \(\bar\tau:=q\circ\tau\). For every class function \(f:Q\to\CC\), let \(q^\ast f:=f\circ q\). Then, for \(|z|<\lambda^{-1}\), \begin{equation}\label{eq:quotient-functoriality-log} \mathcal L_{q^\ast f}^{G}(z)=\mathcal L_f^{Q}(z), \qquad \Pi_{q^\ast f}^{G}(z)=\Pi_f^{Q}(z). \end{equation} If \(D\subset Q\) is a conjugacy class and \[ p^q_{n,D}:=\sum_{\substack{C\subset G\\ q(C)=D}}p_{n,C}, \] 
sec_shadows_quotient_boundary.tex	381	corollary	Abelianisation pullback, not cyclic sampling	cor:abelian-cyclic-shadow;eq:abelian-shadow-pullback	yes	 \label{cor:abelian-cyclic-shadow} Let \(q_{\mathrm{ab}}:G\twoheadrightarrow G_{\mathrm{ab}}\) be the abelianisation map. Then the one-dimensional component of \(\mathcal B_{A,\tau;G}\) is the pullback of the primitive profile of the abelianised cocycle: \begin{equation}\label{eq:abelian-shadow-pullback} \mathcal B_{A,\tau;G}^{\mathrm{ab}}(C) = \mathcal B_{A,q_{\mathrm{ab}}\circ\tau;G_{\mathrm{ab}}} \bigl(q_{\mathrm{ab}}(C)\bigr) \qquad (C\subset G). \end{equation} If, in addition, the data are 
sec_shadows_quotient_boundary.tex	467	proposition	Canonical cyclic-lift boundary for root-of-unity layers	prop:canonical-cyclic-lift-root-layer	yes	 \label{prop:canonical-cyclic-lift-root-layer} Let \(q\ge 1\), let \(G=\ZZ/q\ZZ\), and let \(\tau_q:E_A\to\ZZ/q\ZZ\) be the canonical cyclic-lift cocycle \(\tau_q(e)=1\) from \Cref{rem:abelian-toy-model-cyclic}. For \(\chi_j(h)=\omega_q^{jh}\), \[ A_{\chi_j}^{\tau_q}=\omega_q^jA \qquad (0\le j\le q-1). \] Hence the corresponding determinant channels are exactly \[ \log\det(I-zA_{\chi_j}^{\tau_q})^{-1} = \log\det(I-\omega_q^jzA)^{-1}, \] which are the root-of-unity layers used in the scalar compa
sec_shadows_quotient_boundary.tex	517	lemma	Inherited cyclic quotients are not root-of-unity samples	lem:cyclic-quotient-versus-root-layer	yes	 \label{lem:cyclic-quotient-versus-root-layer} Let \(\bar\tau:E_A\to\ZZ/q\ZZ\) be any cyclic quotient cocycle and set \[ (N_h)_{uv}:=\#\{e:u\to v:\bar\tau(e)=h\}, \qquad h\in\ZZ/q\ZZ. \] Then \(A=\sum_hN_h\), and for \(\chi_j(h)=\omega_q^{jh}\) \[ A_{\chi_j}^{\bar\tau} = \sum_{h\in\ZZ/q\ZZ}\omega_q^{jh}N_h. \] Hence the twisted matrices are controlled by the inherited edge-label count matrices \(N_h\), not by \(A\) alone. For \(q>1\), the full root-of-unity identity \(A_{\chi_j}^{\bar\tau}=\omeg
sec_shadows_abelian_and_cyclic.tex	8	theorem	"Structural consequence: abelian shadow and genuine
  non-abelian defect"	thm:abelian-shadow-defect;eq:abelian-shadow-defect-energy	yes	 \label{thm:abelian-shadow-defect} Equip the class functions on \(G\) with the Hermitian inner product \[ \langle F,H\rangle_G := \sum_{C\subset G}\frac{|C|}{|G|}F(C)\overline{H(C)}. \] Let \(\norm{\cdot}_G\) denote the induced norm. With respect to this inner product, \(\mathcal B_{A,\tau;G}^{\mathrm{ab}}\) and \(\mathcal B_{A,\tau;G}^{\mathrm{na}}\) are orthogonal, and \begin{equation}\label{eq:abelian-shadow-defect-energy} \norm{\mathcal B_{A,\tau;G}^{\mathrm{ab}}}_G^2 = \sum_{\substack{\chi\
sec_shadows_abelian_and_cyclic.tex	97	lemma	Cyclic quotients and one-dimensional characters	lem:cyclic-quotients-one-dimensional-characters	yes	 \label{lem:cyclic-quotients-one-dimensional-characters} One has \[ \mathscr C_{\mathrm{cyc}}(G) = \operatorname{span}\{\chi\in\Irr(G):\dim\chi=1\}. \] 
sec_shadows_abelian_and_cyclic.tex	143	theorem	"Structural consequence: exact boundary of cyclic
  detection"	thm:cyclic-detection-boundary	yes	 \label{thm:cyclic-detection-boundary} With \(\mathscr C_{\mathrm{cyc}}(G)\) as above, \[ \mathscr C_{\mathrm{cyc}}(G) = \operatorname{span}\{\chi\in\Irr(G):\dim\chi=1\}. \] If \(P_{\mathrm{cyc}}\) denotes the orthogonal projection onto \(\mathscr C_{\mathrm{cyc}}(G)\), then \[ P_{\mathrm{cyc}}\mathcal B_{A,\tau;G}=\mathcal B_{A,\tau;G}^{\mathrm{ab}}, \qquad (I-P_{\mathrm{cyc}})\mathcal B_{A,\tau;G}=\mathcal B_{A,\tau;G}^{\mathrm{na}}. \] Equivalently, for every cyclic quotient \(q:G\twoheadrigh
sec_shadows_abelian_and_cyclic.tex	194	proposition	Class indicator for \(C_3\)	prop:c3-class-indicator-check	yes	 \label{prop:c3-class-indicator-check} Let \(G=C_3=\{1,a,a^2\}\) with dual group \(\widehat{C_3}=\{\psi_0,\psi_1,\psi_2\}\), where \(\psi_k(a^j)=\omega_3^{kj}\) and \(\omega_3=e^{2\pi i/3}\). Then for any \(g\in G\), \[ \mathbf 1_{\{a\}}(g) =\frac{1}{3}\sum_{k=0}^{2}\overline{\psi_k(a)}\,\psi_k(g) =\frac{1}{3}\sum_{k=0}^{2}\psi_k(a^{-1})\,\psi_k(g), \] whereas the formula without conjugation gives the wrong answer: \[ \frac{1}{3}\sum_{k=0}^{2}\psi_k(a)\,\psi_k(g) =\mathbf 1_{\{a^{-1}\}}(g) \ne \
sec_shadows_abelian_and_cyclic.tex	231	remark	Minimal conjugation-error detector	rem:minimal-conjugation-error-detector	no	 \label{rem:minimal-conjugation-error-detector} \Cref{prop:c3-class-indicator-check} is precisely the counterexample described in the proof of \Cref{prop:class-indicator-expansion}: for \(G=C_3\), the correct class-indicator formula requires the conjugate (or equivalently the group inverse), and the failure without it sends every class \(\{a\}\) to the wrong class \(\{a^{-1}\}\). In the subsequent \(S_3\) example all characters happen to be real-valued, so this failure does not manifest there; t
sec_shadows_s3_certificates.tex	28	lemma	Rational windows for the \(S_3\) obstruction	lem:s3-main-text-certificate-summary	yes	 \label{lem:s3-main-text-certificate-summary} In the verified \(S_3\) full-shift model below, the only numerical inputs imported from the appendices are the following rational windows: \begin{enumerate}[label=\textup{(\roman*)},leftmargin=*] \item \(-342/1000<\Pi_\varepsilon(1/2)<-341/1000\) and \(-719/1000<\Pi_\rho(1/2)<-718/1000\), as stated in \eqref{eq:s3-example-certified-intervals} and proved from the exact rational truncation-and-tail bounds \eqref{eq:s3-example-epsilon-certificate-sum}--
sec_shadows_s3_certificates.tex	83	theorem	Certified \(S_3\) fixed-label product obstruction	thm:s3-certified-nonabelian-defect	yes	 \label{thm:s3-certified-nonabelian-defect} Let \[ A= \begin{pmatrix}1&1\\1&1\end{pmatrix}, \qquad \lambda=2, \] and label the four allowed edges of the full two-shift by \[ \tau(0\to0)=(23),\quad \tau(0\to1)=e, \quad \tau(1\to0)=(12),\quad \tau(1\to1)=(123) \] in \(S_3\). Let \(\varepsilon\) be the sign character and \(\rho\) the standard two-dimensional representation. Then: \begin{enumerate}[label=\textup{(\roman*)}] \item The fixed-label Euler transforms at the Perron point satisfy \[ -\frac
sec_shadows_s3_certificates.tex	194	proposition	"Two-coordinate closure of the verified \(S_3\)
  product obstruction"	prop:s3-two-coordinate-product-obstruction-vector;prop:s3-two-coordinate-product-obstruction-spine;eq:s3-product-obstruction-vector	yes	 \label{prop:s3-two-coordinate-product-obstruction-vector} \label{prop:s3-two-coordinate-product-obstruction-spine} In the verified \(S_3\) model of \Cref{thm:s3-certified-nonabelian-defect}, write \(C_e=\{e\}\), let \(C_t\) be the transposition class, and let \(C_3\) be the class of three-cycles. For the positive constants \(K_C\) in \Cref{thm:class-euler-product-mertens}, set \[ H(C):=-\frac{6}{|C|}\log K_C-\bigl(\gamma+\log C(A)\bigr) \qquad(C\in\{C_e,C_t,C_3\}). \] Then the whole non-scalar 
sec_shadows_s3_certificates.tex	274	corollary	Product-constant obstruction is already finite-state	cor:s3-product-constant-obstruction-finite-state	yes	 \label{cor:s3-product-constant-obstruction-finite-state} In the certified \(S_3\) full-shift model of \Cref{thm:s3-certified-nonabelian-defect}, the obstruction to replacing the Adams-corrected constants of Main Theorem~III by periodic Artin logarithms is completely detected by the two finite rational windows for \(F_\varepsilon(1/2)\) and \(F_\rho(1/2)\). In particular, no cyclic quotient recovery can recover the product vector \((K_C)_{C\subset S_3}\): the sign window already forces a non-zer
sec_finite_part.tex	27	lemma	Classical scalar normalisation at the Perron pole	lem:finite-part-primitive-closed-form;eq:finite-part-determinant-mobius;eq:finite-part-primitive-closed;eq:finite-part-gap-series	yes	 \label{lem:finite-part-primitive-closed-form} Let \(A\) be a primitive non-negative matrix with Perron root \(\lambda>1\). Then \begin{equation}\label{eq:finite-part-determinant-mobius} \FP(A) = \log C(A) +\sum_{m\ge 2}\frac{\mu(m)}{m} \log\det(I-\lambda^{-m}A)^{-1}. \end{equation} Equivalently, \begin{equation}\label{eq:finite-part-primitive-closed} \FP(A) = \log C(A) +\sum_{n\ge 1}p_n(A) \bigl(\lambda^{-n}+\log(1-\lambda^{-n})\bigr). \end{equation} Both series converge absolutely. In particul
sec_finite_part.tex	136	proposition	Classical reduced determinant identity	prop:finite-part-residue-reduced-determinant	yes	 \label{prop:finite-part-residue-reduced-determinant} This is the standard Perron-pole reduced-determinant calculation for a finite SFT zeta function; see \cite{BowenLanford1970Zeta,LindMarcus1995,ParryPollicott1990Zeta}. It is included only to fix the notation \(C(A)\) used in the scalar normalisation. Let \(\mu_2,\dots,\mu_d\) be the non-Perron eigenvalues of \(A\). Then \[ C(A) =\prod_{j=2}^d\left(1-\frac{\mu_j}{\lambda}\right)^{-1} =\det\nolimits'(I-A/\lambda)^{-1}. \] 
sec_finite_part.tex	161	corollary	Classical scalar orbit-Mertens asymptotic	cor:finite-part-mertens-asymptotic	yes	 \label{cor:finite-part-mertens-asymptotic} \leavevmode\par\noindent This is the scalar symbolic-dynamics Mertens statement in the normalisation used below; compare the classical orbit-Mertens literature \cite{Sharp1991Mertens,ParryPollicott1990Zeta}. Let \(A\) be a primitive non-negative matrix with Perron root \(\lambda>1\). Then \[ \sum_{n\le N}\frac{p_n(A)}{\lambda^n} =\log N+\mathcal M(A)+o(1) \qquad (N\to\infty), \] where \(\mathcal M(A)=\gamma+\FP(A)\). 
sec_finite_part.tex	226	theorem	Scalar normalisation and no descent	thm:finite-part-scalar-interface-no-descent;eq:finite-part-scalar-interface-splitting	yes	 \label{thm:finite-part-scalar-interface-no-descent} Fix a primitive non-negative matrix \(A\) with Perron root \(\lambda>1\), a finite group \(G\), and a non-empty family \(\mathscr T\subset\mathcal T_{\mathrm{gap}}(A,G)\) of cocycles satisfying the twisted spectral gap; here \(\mathcal T_{\mathrm{gap}}(A,G)\) is the set of cocycles \(E_A\to G\) with \(\eta(\tau)<\lambda\). For \(\tau\in\mathscr T\), let \[ \mathcal M^\#_{A,\tau;G}(C):=\frac{|G|}{|C|}\mathcal M_C(A,\tau;G) \] and let \(\mathcal
sec_finite_part.tex	311	corollary	"Only the trivial channel descends from fixed-matrix
  scalar data"	cor:fixed-matrix-scalar-interface-only	yes	 \label{cor:fixed-matrix-scalar-interface-only} In the setting of \Cref{thm:finite-part-scalar-interface-no-descent}, the projection of the normalised class-Mertens profile onto the constant class functions is exactly \(\mathcal M(A)\mathbf1_G\). Hence any scalar finite-part formula or canonical cyclic-lift reconstruction that depends only on \(A\) can enter the finite-group theorem chain only through the trivial-channel normalisation \(\mathcal M(A)\). It cannot determine the non-trivial class 
sec_finite_part.tex	346	corollary	Rank-zero scalar obstruction for class profiles	cor:scalar-record-rank-zero-bound	yes	 \label{cor:scalar-record-rank-zero-bound} Keep the notation and hypotheses of \Cref{thm:finite-part-scalar-interface-no-descent}. Let \(\mathscr T\subset\mathcal T_{\mathrm{gap}}(A,G)\) be non-empty, and let \[ \mathcal Z(\mathscr T) := \operatorname{span}_{\mathbb{R}} \{\mathcal B_{A,\tau;G}-\mathcal B_{A,\tau';G}: \tau,\tau'\in\mathscr T\} \] be the real zero-mean class-function space actually swept out by the non-trivial primitive profiles in the family. Then the scalar finite part \(\FP(A)\
sec_appendices_s3_model.tex	16	proposition	Quadratic Adams obstruction	prop:quadratic-adams-obstruction	yes	 \label{prop:quadratic-adams-obstruction} Let \(\chi\) be a non-trivial quadratic character of \(G\). Then, for \(|z|<\lambda^{-1}\), \[ \Pi_\chi(z) = \sum_{\substack{m\ge 1\\ m\ \mathrm{odd}}} \frac{\mu(m)}{m}\,\mathcal L_\chi(z^m) + \sum_{\substack{m\ge 1\\ m\ \mathrm{even}}} \frac{\mu(m)}{m}\,\mathcal L_{\mathbf 1}(z^m). \] In particular, if \(\mathcal L_\chi\equiv0\), then \[ \Pi_\chi(z) = -\frac{1}{2} \sum_{\substack{r\ge 1\\ r\ \mathrm{odd}}} \frac{\mu(r)}{r}\, \mathcal L_{\mathbf 1}(z^{2r
sec_appendices_s3_model.tex	115	proposition	Twisted channels for the \(S_3\)-example	prop:s3-example-channels;eq:s3-example-aeps;eq:s3-example-arho;eq:s3-example-arho-charpoly;eq:s3-example-logarithms;eq:s3-example-periodic-classes;eq:s3-example-periodic-equidistribution;eq:s3-example-eta-check	yes	 \label{prop:s3-example-channels} One has \begin{equation}\label{eq:s3-example-aeps} A_\varepsilon= \begin{pmatrix} -1 & 1 \\ -1 & 1 \end{pmatrix}, \qquad A_\varepsilon^2=0, \qquad \det(I-zA_\varepsilon)=1. \end{equation} Moreover, \begin{equation}\label{eq:s3-example-arho} A_\rho= \begin{pmatrix} \frac12 & \frac32 & 1 & 0 \\ \frac12 & -\frac12 & 0 & 1 \\ -1 & 0 & -\frac12 & -\frac32 \\ 0 & 1 & \frac12 & -\frac12 \end{pmatrix}, \end{equation} and \begin{equation}\label{eq:s3-example-arho-charpol
sec_appendices_s3_model.tex	270	proposition	Primitive channels for the \(S_3\)-example	prop:s3-example-primitive-channels;eq:s3-example-pi-eps;eq:s3-example-adams-rho;eq:s3-example-pi-rho;eq:s3-example-alpha-beta	yes	 \label{prop:s3-example-primitive-channels} The sign channel satisfies \begin{equation}\label{eq:s3-example-pi-eps} \Pi_\varepsilon(z) = -\frac12 \sum_{\substack{r\ge 1\\ r\ \mathrm{odd}}} \frac{\mu(r)}{r}\log(1-2z^{2r})^{-1}, \end{equation} with the Perron-point certificate recorded in \Cref{lem:s3-example-perron-certificates}. For the standard representation, \begin{equation}\label{eq:s3-example-adams-rho} \psi^m\rho= \begin{cases} \rho, & m\equiv \pm 1 \pmod 6, \\ \mathbf 1-\varepsilon+\rho, 
sec_appendices_s3_model.tex	355	proposition	"Naive Artin formula obstruction at the Euler-product
  level"	prop:s3-naive-artin-obstruction;eq:s3-f-level-windows;eq:s3-artin-zero-f-nonzero	yes	 \label{prop:s3-naive-artin-obstruction} In the \(S_3\)-example, \begin{equation}\label{eq:s3-f-level-windows} -\frac{381}{1000}<F_\varepsilon(1/2)<-\frac{380}{1000}, \qquad -\frac{923}{1000}<F_\rho(1/2)<-\frac{922}{1000}. \end{equation} At the same point the ordinary Artin logarithm in the sign channel is identically zero: \begin{equation}\label{eq:s3-artin-zero-f-nonzero} \mathcal L_\varepsilon(1/2)=0, \qquad F_\varepsilon(1/2)\neq0. \end{equation} Hence Frobenius-class Euler-product constants
sec_appendices_s3_model.tex	390	lemma	Certified \(S_3\) non-vanishing	lem:s3-example-perron-certificates;eq:s3-example-certified-intervals	yes	 \label{lem:s3-example-perron-certificates} For the \(S_3\)-extension above, the Perron-point primitive channels satisfy the certified inequalities \begin{equation}\label{eq:s3-example-certified-intervals} -\frac{342}{1000} <\Pi_\varepsilon(1/2)<-\frac{341}{1000}, \qquad -\frac{719}{1000} <\Pi_\rho(1/2)<-\frac{718}{1000}. \end{equation} Hence both primitive channels are bounded away from zero, and the higher-dimensional term in the non-abelian defect from \Cref{thm:abelian-shadow-defect} is genu
sec_appendices_s3_model.tex	417	corollary	"Primitive profile and deviations for the
  \(S_3\)-example"	cor:s3-example-profile;eq:s3-example-primitive-sign-coefficients;eq:s3-example-primitive-rho-coefficients;eq:s3-example-primitive-classes;eq:s3-example-full-two-shift-primitive;eq:s3-example-primitive-first-terms;eq:s3-example-delta-values;eq:s3-example-delta-certified-windows;eq:s3-example-delta-k-certified-window;eq:s3-example-abelian-shadow;eq:s3-example-nonabelian-defect;eq:s3-example-energy-ratio	yes	 \label{cor:s3-example-profile} For the \(S_3\)-extension defined above, one has \begin{equation}\label{eq:s3-example-primitive-sign-coefficients} \pi_{n,\varepsilon}(A,\tau) = \frac{1}{n} \sum_{\substack{m\mid n\\ 2\mid m}} \mu(m)\,2^{n/m}, \end{equation} and \begin{equation}\label{eq:s3-example-primitive-rho-coefficients} \pi_{n,\rho}(A,\tau) = \frac{1}{n} \sum_{m\mid n} \mu(m)\Bigl( \alpha(m)2^{n/m}+\beta(m)(-1)^{n/m} \Bigr). \end{equation} Consequently, \begin{equation}\label{eq:s3-example-p
sec_appendices_s3_certificates.tex	14	lemma	Exact rational bounds for the \(S_3\)-channels	lem:appendix-s3-sharp-certificates;eq:s3-example-epsilon-certificate-sum;eq:s3-example-epsilon-tail-certificate;eq:s3-example-rho-certificate-sum;eq:s3-example-rho-tail-certificate;eq:s3-example-certified-intervals-sharp;eq:s3-example-certified-intervals-sharp-rho	yes	 \label{lem:appendix-s3-sharp-certificates} Define \begin{equation}\label{eq:s3-example-epsilon-certificate-sum} \Pi_\varepsilon(1/2)=E_7+\Theta_\varepsilon, \end{equation} where \[ E_7 = -\frac12\log 2 +\frac16\log\frac{32}{31} +\frac1{10}\log\frac{512}{511} +\frac1{14}\log\frac{8192}{8191}, \] and \begin{equation}\label{eq:s3-example-epsilon-tail-certificate} \abs{\Theta_\varepsilon}\le \frac{1}{1105920}. \end{equation} Also define \begin{equation}\label{eq:s3-example-rho-certificate-sum} \Pi_
sec_appendices_s3_certificates.tex	256	lemma	Exact rational bounds for the \(S_3\) product-level fixed-label values	lem:appendix-s3-f-level-certificates;eq:s3-f-epsilon-appendix-window;eq:s3-f-rho-appendix-window	yes	\label{lem:appendix-s3-f-level-certificates} In the \(S_3\)-example of \Cref{sec:shadows}, the product-level obstruction coordinates in \Cref{thm:class-euler-product-mertens} are verified by the printed rational inequalities below. The finite record consists only of rational logarithm brackets, rational coefficients, rational tail bounds, and the final cleared-denominator comparisons. In particular, these are windows for the Adams-corrected fixed-label Euler transform entering \Cref{thm:main-iii
sec_appendices_s3_certificates.tex	467	corollary	Displayed rational certificate windows	cor:s3-displayed-rational-certificate-windows	yes	 \label{cor:s3-displayed-rational-certificate-windows} The rational logarithm brackets, finite truncation levels, and tail bounds printed in \Cref{lem:appendix-s3-sharp-certificates,lem:appendix-s3-f-level-certificates} imply exactly the four coarse windows used in the main text: \[ -\frac{342}{1000}<\Pi_\varepsilon(1/2)<-\frac{341}{1000}, \qquad -\frac{719}{1000}<\Pi_\rho(1/2)<-\frac{718}{1000}, \] and \[ -\frac{381}{1000}<F_\varepsilon(1/2)<-\frac{380}{1000}, \qquad -\frac{923}{1000}<F_\rho(1/
sec_appendices_s3_certificates.tex	538	remark	Finite exact-arithmetic check		no	 The mathematical verification in this appendix is the displayed rational arithmetic in \Cref{lem:appendix-s3-sharp-certificates,lem:appendix-s3-f-level-certificates}. A reader or auxiliary exact-arithmetic program can reproduce the calculation by computing the rational logarithm endpoints \(L_3(q)\le\log q\le U_3(q)\), multiplying them by the signed rational coefficients in \(E_7\), \(R_{15}\), \(Q_8\), and \(S_{32}\), adding the four rational tails, and clearing positive denominators in the fo
sec_appendices_fixed_label_certificates.tex	24	proposition	Finite rational enclosure data	prop:fixed-label-rational-certificate-record;eq:fixed-label-certificate-interface-inclusion	yes	\label{prop:fixed-label-rational-certificate-record} Assume the hypotheses of \Cref{thm:class-mertens-explicit}. Fix a non-trivial \(\varrho\in\Irr(G)\), a tolerance \(\epsilon>0\), and a truncation level \(M\) satisfying \eqref{eq:fixed-label-perron-finite-algorithm-tail-choice}. The enclosure obtained from \Cref{prop:fixed-label-perron-finite-algorithm} is reproduced by the following finite data. These data consist only of finite algebraic model data and rational inequalities of the following 
sec_appendices_fixed_label_certificates.tex	103	proposition	Five finite data fields for fixed-label product recovery	prop:fixed-label-certificate-normal-form	yes	\label{prop:fixed-label-certificate-normal-form} Under the hypotheses of \Cref{thm:class-euler-product-mertens}, every finite enclosure produced by the fixed-label procedure and used for the Main Theorem~III product constants is described, for each non-trivial \(\varrho\in\Irr(G)\), by the following five finite data fields: \begin{enumerate}[label=\textup{(\roman*)},leftmargin=*] \item the determinant model \((D_\pi(z))_{\pi\in\Irr(G)}\), the Perron root \(\lambda\), the twisted verified gap ine
sec_appendices_fixed_label_certificates.tex	191	corollary	Fixed-label product rational enclosures	cor:fixed-label-product-certificate-record;cor:fixed-label-product-certificate-audit	yes	 \label{cor:fixed-label-product-certificate-record} \label{cor:fixed-label-product-certificate-audit} Under the hypotheses of \Cref{thm:class-euler-product-mertens}, every finite product-constant enclosure produced by the fixed-label procedure used here is described by the five rational data fields of \Cref{prop:fixed-label-certificate-normal-form}. Conversely, any such five-field data satisfying the stated inequalities give rational enclosures for all positive Frobenius-class product constants 
sec_appendices_fixed_label_certificates.tex	216	proposition	Finite rational Perron enclosure data	prop:fixed-label-finite-io-certificate-summary	yes	\label{prop:fixed-label-finite-io-certificate-summary} Assume the hypotheses of \Cref{thm:class-mertens-explicit}, and fix a non-trivial irreducible character \(\varrho\). The following finite record is sufficient, and is necessary for the finite enclosure procedure used in this paper, to verify the fixed-label Perron coordinate \(F_\varrho(\lambda^{-1})\) to any prescribed rational accuracy: \begin{enumerate}[label=\textup{(\roman*)},leftmargin=*] \item the finite determinant data \(A,\lambda,G
sec_appendices_fixed_label_certificates.tex	289	corollary	Five rational data fields for the \texorpdfstring{\(S_3\)}{S3} witness	cor:fixed-label-five-field-rational-record;cor:fixed-label-five-field-certificate-schema	yes	 \label{cor:fixed-label-five-field-rational-record} \label{cor:fixed-label-five-field-certificate-schema} Under the hypotheses and notation of \Cref{prop:fixed-label-perron-finite-algorithm}, the preceding analytic verification can be expressed for the finite calculation used in this paper by the following five fields: \begin{center} \small \begin{tabular}{@{}L{0.19\textwidth}L{0.33\textwidth}L{0.36\textwidth}@{}} \toprule field & finite content & mathematical check\\ \midrule model & \(A,\lambd
