# python_version	sympy_version
# 3.10.11	1.13.1
n	F_n	factorization
2	1	1
3	2	2
4	3	3
5	5	5
6	8	2^3
7	13	13
8	21	3*7
9	34	2*17
10	55	5*11
11	89	89
12	144	2^4*3^2
13	233	233
14	377	13*29
15	610	2*5*61
16	987	3*7*47
17	1597	1597
18	2584	2^3*17*19
19	4181	37*113
20	6765	3*5*11*41
21	10946	2*13*421
22	17711	89*199
23	28657	28657
24	46368	2^5*3^2*7*23
25	75025	5^2*3001
26	121393	233*521
27	196418	2*17*53*109
28	317811	3*13*29*281
29	514229	514229
30	832040	2^3*5*11*31*61
31	1346269	557*2417
32	2178309	3*7*47*2207
33	3524578	2*89*19801
34	5702887	1597*3571
35	9227465	5*13*141961
36	14930352	2^4*3^3*17*19*107
37	24157817	73*149*2221
38	39088169	37*113*9349
39	63245986	2*233*135721
40	102334155	3*5*7*11*41*2161
41	165580141	2789*59369
42	267914296	2^3*13*29*211*421
43	433494437	433494437
44	701408733	3*43*89*199*307
45	1134903170	2*5*17*61*109441
46	1836311903	139*461*28657
47	2971215073	2971215073
48	4807526976	2^6*3^2*7*23*47*1103
49	7778742049	13*97*6168709
50	12586269025	5^2*11*101*151*3001
51	20365011074	2*1597*6376021
52	32951280099	3*233*521*90481
53	53316291173	953*55945741
54	86267571272	2^3*17*19*53*109*5779
55	139583862445	5*89*661*474541
56	225851433717	3*7^2*13*29*281*14503
57	365435296162	2*37*113*797*54833
58	591286729879	59*19489*514229
59	956722026041	353*2710260697
60	1548008755920	2^4*3^2*5*11*31*41*61*2521
61	2504730781961	4513*555003497
62	4052739537881	557*2417*3010349
63	6557470319842	2*13*17*421*35239681
64	10610209857723	3*7*47*1087*2207*4481
65	17167680177565	5*233*14736206161
66	27777890035288	2^3*89*199*9901*19801
67	44945570212853	269*116849*1429913
68	72723460248141	3*67*1597*3571*63443
69	117669030460994	2*137*829*18077*28657
70	190392490709135	5*11*13*29*71*911*141961
71	308061521170129	6673*46165371073
72	498454011879264	2^5*3^3*7*17*19*23*107*103681
73	806515533049393	9375829*86020717
74	1304969544928657	73*149*2221*54018521
75	2111485077978050	2*5^2*61*3001*230686501
76	3416454622906707	3*37*113*9349*29134601
77	5527939700884757	13*89*988681*4832521
78	8944394323791464	2^3*79*233*521*859*135721
79	14472334024676221	157*92180471494753
80	23416728348467685	3*5*7*11*41*47*1601*2161*3041
81	37889062373143906	2*17*53*109*2269*4373*19441
82	61305790721611591	2789*59369*370248451
83	99194853094755497	99194853094755497
84	160500643816367088	2^4*3^2*13*29*83*211*281*421*1427
85	259695496911122585	5*1597*9521*3415914041
86	420196140727489673	6709*144481*433494437
87	679891637638612258	2*173*514229*3821263937
88	1100087778366101931	3*7*43*89*199*263*307*881*967
89	1779979416004714189	1069*1665088321800481
90	2880067194370816120	2^3*5*11*17*19*31*61*181*541*109441
91	4660046610375530309	13^2*233*741469*159607993
92	7540113804746346429	3*139*461*4969*28657*275449
93	12200160415121876738	2*557*2417*4531100550901
94	19740274219868223167	2971215073*6643838879
95	31940434634990099905	5*37*113*761*29641*67735001
96	51680708854858323072	2^7*3^2*7*23*47*769*1103*2207*3167
97	83621143489848422977	193*389*3084989*361040209
98	135301852344706746049	13*29*97*6168709*599786069
99	218922995834555169026	2*17*89*197*19801*18546805133
100	354224848179261915075	3*5^2*11*41*101*151*401*3001*570601
101	573147844013817084101	743519377*770857978613
102	927372692193078999176	2^3*919*1597*3469*3571*6376021
103	1500520536206896083277	519121*5644193*512119709
104	2427893228399975082453	3*7*103*233*521*90481*102193207
105	3928413764606871165730	2*5*13*61*421*141961*8288823481
106	6356306993006846248183	953*55945741*119218851371
107	10284720757613717413913	1247833*8242065050061761
108	16641027750620563662096	2^4*3^4*17*19*53*107*109*5779*11128427
109	26925748508234281076009	827728777*32529675488417
110	43566776258854844738105	5*11^2*89*199*331*661*39161*474541
111	70492524767089125814114	2*73*149*2221*1459000305513721
112	114059301025943970552219	3*7^2*13*29*47*281*14503*10745088481
113	184551825793033096366333	677*272602401466814027129
114	298611126818977066918552	2^3*37*113*229*797*9349*54833*95419
115	483162952612010163284885	5*1381*28657*2441738887963981
116	781774079430987230203437	3*59*347*19489*514229*1270083883
117	1264937032042997393488322	2*17*233*29717*135721*39589685693
118	2046711111473984623691759	353*709*8969*336419*2710260697
119	3311648143516982017180081	13*1597*159512939815855788121
120	5358359254990966640871840	2^5*3^2*5*7*11*23*31*41*61*241*2161*2521*20641
121	8670007398507948658051921	89*97415813466381445596089
122	14028366653498915298923761	4513*555003497*5600748293801
123	22698374052006863956975682	2*2789*59369*68541957733949701
124	36726740705505779255899443	3*557*2417*3010349*3020733700601
125	59425114757512643212875125	5^3*3001*158414167964045700001
126	96151855463018422468774568	2^3*13*17*19*29*211*421*1009*31249*35239681
127	155576970220531065681649693	27941*5568053048227732210073
128	251728825683549488150424261	3*7*47*127*1087*2207*4481*186812208641
129	407305795904080553832073954	2*257*5417*8513*39639893*433494437
130	659034621587630041982498215	5*11*131*233*521*2081*24571*14736206161
131	1066340417491710595814572169	1066340417491710595814572169
132	1725375039079340637797070384	2^4*3^2*43*89*199*307*9901*19801*261399601
133	2791715456571051233611642553	13*37*113*3457*42293*351301301942501
134	4517090495650391871408712937	269*4021*116849*1429913*24994118449
135	7308805952221443105020355490	2*5*17*53*61*109*109441*1114769954367361
136	11825896447871834976429068427	3*7*67*1597*3571*63443*23230657239121
137	19134702400093278081449423917	19134702400093278081449423917
138	30960598847965113057878492344	2^3*137*139*461*691*829*18077*28657*1485571
139	50095301248058391139327916261	277*2114537501*85526722937689093
140	81055900096023504197206408605	3*5*11*13*29*41*71*281*911*141961*12317523121
141	131151201344081895336534324866	2*108289*1435097*142017737*2971215073
142	212207101440105399533740733471	6673*46165371073*688846502588399
143	343358302784187294870275058337	89*233*8581*1929584153756850496621
144	555565404224292694404015791808	2^6*3^3*7*17*19*23*47*107*1103*103681*10749957121
145	898923707008479989274290850145	5*514229*349619996930737079890201
146	1454489111232772683678306641953	151549*9375829*86020717*11899937029
147	2353412818241252672952597492098	2*13*97*293*421*3529*6168709*347502052673
148	3807901929474025356630904134051	3*73*149*2221*11987*54018521*81143477963
149	6161314747715278029583501626149	110557*162709*4000949*85607646594577
150	9969216677189303386214405760200	2^3*5^2*11*31*61*101*151*3001*12301*18451*230686501
151	16130531424904581415797907386349	5737*2811666624525811646469915877
152	26099748102093884802012313146549	3*7*37*113*9349*29134601*1091346396980401
153	42230279526998466217810220532898	2*17^2*1597*6376021*7175323114950564593
154	68330027629092351019822533679447	13*29*89*199*229769*988681*4832521*9321929
155	110560307156090817237632754212345	5*557*2417*21701*12370533881*61182778621
156	178890334785183168257455287891792	2^4*3^2*79*233*521*859*90481*135721*12280217041
157	289450641941273985495088042104137	313*11617*7636481*10424204306491346737
158	468340976726457153752543329995929	157*92180471494753*32361122672259149
159	757791618667731139247631372100066	2*317*953*55945741*97639037*229602768949
160	1226132595394188293000174702095995	3*5*7*11*41*47*1601*2161*2207*3041*23725145626561
161	1983924214061919432247806074196061	13*8693*28657*612606107755058997065597
162	3210056809456107725247980776292056	2^3*17*19*53*109*2269*3079*4373*5779*19441*62650261
163	5193981023518027157495786850488117	977*4892609*33365519393*32566223208133
164	8404037832974134882743767626780173	3*163*2789*59369*800483*350207569*370248451
165	13598018856492162040239554477268290	2*5*61*89*661*19801*86461*474541*518101*900241
166	22002056689466296922983322104048463	35761381*6202401259*99194853094755497
167	35600075545958458963222876581316753	18104700793*1966344318693345608565721
168	57602132235424755886206198685365216	2^5*3^2*7^2*13*23*29*83*167*211*281*421*1427*14503*65740583
169	93202207781383214849429075266681969	233*337*89909*104600155609*126213229732669
170	150804340016807970735635273952047185	5*11*1597*3571*9521*1158551*12760031*3415914041
171	244006547798191185585064349218729154	2*17*37*113*797*6841*54833*5741461760879844361
172	394810887814999156320699623170776339	3*6709*144481*433494437*313195711516578281
173	638817435613190341905763972389505493	1639343785721*389678749007629271532733
174	1033628323428189498226463595560281832	2^3*59*173*349*19489*514229*947104099*3821263937
175	1672445759041379840132227567949787325	5^2*13*701*3001*141961*17231203730201189308301
176	2706074082469569338358691163510069157	3*7*43*47*89*199*263*307*881*967*93058241*562418561
177	4378519841510949178490918731459856482	2*353*2191261*805134061*1297027681*2710260697
178	7084593923980518516849609894969925639	179*1069*1665088321800481*22235502640988369
179	11463113765491467695340528626429782121	21481*156089*3418816640903898929534613769
180	18547707689471986212190138521399707760	2^4*3^3*5*11*17*19*31*41*61*107*181*541*2521*109441*10783342081
181	30010821454963453907530667147829489881	8689*422453*8175789237238547574551461093
182	48558529144435440119720805669229197641	13^2*29*233*521*741469*159607993*689667151970161
183	78569350599398894027251472817058687522	2*1097*4513*555003497*14297347971975757800833
184	127127879743834334146972278486287885163	3*7*139*461*4969*28657*253367*275449*9506372193863
185	205697230343233228174223751303346572685	5*73*149*2221*1702945513191305556907097618161
186	332825110087067562321196029789634457848	2^3*557*2417*63799*3010349*35510749*4531100550901
187	538522340430300790495419781092981030533	89*373*1597*10157807305963434099105034917037
188	871347450517368352816615810882615488381	3*563*5641*2971215073*6643838879*4632894751907
189	1409869790947669143312035591975596518914	2*13*17*53*109*421*38933*35239681*955921950316735037
190	2281217241465037496128651402858212007295	5*11*37*113*191*761*9349*29641*41611*67735001*87382901
191	3691087032412706639440686994833808526209	4870723671313*757810806256989128439975793
192	5972304273877744135569338397692020533504	2^8*3^2*7*23*47*769*1087*1103*2207*3167*4481*11862575248703
193	9663391306290450775010025392525829059713	9465278929*1020930432032326933976826008497
194	15635695580168194910579363790217849593217	193*389*3299*3084989*361040209*56678557502141579
195	25299086886458645685589389182743678652930	2*5*61*233*135721*14736206161*88999250837499877681
196	40934782466626840596168752972961528246147	3*13*29*97*281*5881*6168709*599786069*61025309469041
197	66233869353085486281758142155705206899077	15761*25795969*227150265697*717185107125886549
198	107168651819712326877926895128666735145224	2^3*17*19*89*197*199*991*2179*9901*19801*1513909*18546805133
199	173402521172797813159685037284371942044301	397*436782169201002048261171378550055269633
200	280571172992510140037611932413038677189525	3*5^2*7*11*41*101*151*401*2161*3001*570601*9125201*5738108801
201	453973694165307953197296969697410619233826	2*269*116849*1429913*5050260704396247169315999021
202	734544867157818093234908902110449296423351	809*7879*743519377*770857978613*201062946718741
203	1188518561323126046432205871807859915657177	13*1217*514229*56470541*2586982700656733994659533
204	1923063428480944139667114773918309212080528	2^4*3^2*67*409*919*1597*3469*3571*63443*6376021*66265118449
205	3111581989804070186099320645726169127737705	5*821*2789*59369*125598581*36448117857891321536401
206	5034645418285014325766435419644478339818233	619*1031*519121*5644193*512119709*5257480026438961
207	8146227408089084511865756065370647467555938	2*17*137*829*18077*28657*4072353155773627601222196481
208	13180872826374098837632191485015125807374171	3*7*47*103*233*521*3329*90481*102193207*106513889*325759201
209	21327100234463183349497947550385773274930109	37*89*113*57314120955051297736679165379998262001
210	34507973060837282187130139035400899082304280	2^3*5*11*13*29*31*61*71*211*421*911*21211*141961*767131*8288823481
